[
  {
    "name": "ROOFTOP MIXED AIR OUTLET Simulated",
    "type": "System Node Temperature",
    "color": "blue",
    "units": "C",
    "displayname": "RTU Enter",
    "data": [
      {
        "y": 23.337934,
        "time": "2009/08/27 06:45:00"
      },
      {
        "y": 22.82569,
        "time": "2009/08/27 07:00:00"
      },
      {
        "y": 21.043213,
        "time": "2009/08/27 07:15:00"
      },
      {
        "y": 20.574508,
        "time": "2009/08/27 07:30:00"
      },
      {
        "y": 20.46207,
        "time": "2009/08/27 07:45:00"
      },
      {
        "y": 20.658906,
        "time": "2009/08/27 08:00:00"
      },
      {
        "y": 20.915011,
        "time": "2009/08/27 08:15:00"
      },
      {
        "y": 20.945923,
        "time": "2009/08/27 08:30:00"
      },
      {
        "y": 20.967099,
        "time": "2009/08/27 08:45:00"
      },
      {
        "y": 20.988576,
        "time": "2009/08/27 09:00:00"
      },
      {
        "y": 21.029151,
        "time": "2009/08/27 09:15:00"
      },
      {
        "y": 21.047888,
        "time": "2009/08/27 09:30:00"
      },
      {
        "y": 21.047244,
        "time": "2009/08/27 09:45:00"
      },
      {
        "y": 21.064021,
        "time": "2009/08/27 10:00:00"
      },
      {
        "y": 21.131721,
        "time": "2009/08/27 10:15:00"
      },
      {
        "y": 21.209427,
        "time": "2009/08/27 10:30:00"
      },
      {
        "y": 21.280887,
        "time": "2009/08/27 10:45:00"
      },
      {
        "y": 21.323818,
        "time": "2009/08/27 11:00:00"
      },
      {
        "y": 21.387239,
        "time": "2009/08/27 11:15:00"
      },
      {
        "y": 21.433835,
        "time": "2009/08/27 11:30:00"
      },
      {
        "y": 21.491054,
        "time": "2009/08/27 11:45:00"
      },
      {
        "y": 21.546199,
        "time": "2009/08/27 12:00:00"
      },
      {
        "y": 21.60912,
        "time": "2009/08/27 12:15:00"
      },
      {
        "y": 21.668117,
        "time": "2009/08/27 12:30:00"
      },
      {
        "y": 21.720808,
        "time": "2009/08/27 12:45:00"
      },
      {
        "y": 21.785799,
        "time": "2009/08/27 13:00:00"
      },
      {
        "y": 21.852459,
        "time": "2009/08/27 13:15:00"
      },
      {
        "y": 21.891093,
        "time": "2009/08/27 13:30:00"
      },
      {
        "y": 21.948168,
        "time": "2009/08/27 13:45:00"
      },
      {
        "y": 22.004993,
        "time": "2009/08/27 14:00:00"
      },
      {
        "y": 22.055992,
        "time": "2009/08/27 14:15:00"
      },
      {
        "y": 22.120501,
        "time": "2009/08/27 14:30:00"
      },
      {
        "y": 22.197839,
        "time": "2009/08/27 14:45:00"
      },
      {
        "y": 22.259488,
        "time": "2009/08/27 15:00:00"
      },
      {
        "y": 22.298776,
        "time": "2009/08/27 15:15:00"
      },
      {
        "y": 22.406495,
        "time": "2009/08/27 15:30:00"
      },
      {
        "y": 22.525809,
        "time": "2009/08/27 15:45:00"
      },
      {
        "y": 22.617437,
        "time": "2009/08/27 16:00:00"
      },
      {
        "y": 22.713532,
        "time": "2009/08/27 16:15:00"
      },
      {
        "y": 22.773109,
        "time": "2009/08/27 16:30:00"
      },
      {
        "y": 22.813966,
        "time": "2009/08/27 16:45:00"
      },
      {
        "y": 22.851479,
        "time": "2009/08/27 17:00:00"
      },
      {
        "y": 22.886754,
        "time": "2009/08/27 17:15:00"
      },
      {
        "y": 22.918641,
        "time": "2009/08/27 17:30:00"
      },
      {
        "y": 22.955678,
        "time": "2009/08/27 17:45:00"
      },
      {
        "y": 22.930668,
        "time": "2009/08/27 18:00:00"
      },
      {
        "y": 22.64052,
        "time": "2009/08/27 18:15:00"
      },
      {
        "y": 22.466589,
        "time": "2009/08/27 18:30:00"
      },
      {
        "y": 22.303621,
        "time": "2009/08/27 18:45:00"
      },
      {
        "y": 22.28002,
        "time": "2009/08/27 19:00:00"
      },
      {
        "y": 22.32657,
        "time": "2009/08/27 19:15:00"
      },
      {
        "y": 22.20202,
        "time": "2009/08/27 19:30:00"
      },
      {
        "y": 22.03682,
        "time": "2009/08/27 19:45:00"
      },
      {
        "y": 21.950551,
        "time": "2009/08/27 20:00:00"
      },
      {
        "y": 21.872963,
        "time": "2009/08/27 20:15:00"
      },
      {
        "y": 21.801058,
        "time": "2009/08/27 20:30:00"
      },
      {
        "y": 21.725165,
        "time": "2009/08/27 20:45:00"
      },
      {
        "y": 21.659958,
        "time": "2009/08/27 21:00:00"
      },
      {
        "y": 21.612462,
        "time": "2009/08/27 21:15:00"
      },
      {
        "y": 21.555465,
        "time": "2009/08/27 21:30:00"
      },
      {
        "y": 22.048926,
        "time": "2009/08/27 21:45:00"
      }
    ],
    "cvrmse": 3.225658,
    "nmbe": 2.592805
  },
  {
    "name": "ROOFTOP MIXED AIR OUTLET Metered",
    "type": "System Node Temperature",
    "color": "red",
    "units": "C",
    "displayname": "RTU Enter",
    "data": [
      {
        "y": 23.379648,
        "time": "2009/08/27 06:45:00"
      },
      {
        "y": 23.229636,
        "time": "2009/08/27 07:00:00"
      },
      {
        "y": 22.346232,
        "time": "2009/08/27 07:15:00"
      },
      {
        "y": 21.673956,
        "time": "2009/08/27 07:30:00"
      },
      {
        "y": 21.479496,
        "time": "2009/08/27 07:45:00"
      },
      {
        "y": 21.407268,
        "time": "2009/08/27 08:00:00"
      },
      {
        "y": 21.268368,
        "time": "2009/08/27 08:15:00"
      },
      {
        "y": 21.146136,
        "time": "2009/08/27 08:30:00"
      },
      {
        "y": 21.235032,
        "time": "2009/08/27 08:45:00"
      },
      {
        "y": 21.2517,
        "time": "2009/08/27 09:00:00"
      },
      {
        "y": 21.162804,
        "time": "2009/08/27 09:15:00"
      },
      {
        "y": 21.19614,
        "time": "2009/08/27 09:30:00"
      },
      {
        "y": 21.262812,
        "time": "2009/08/27 09:45:00"
      },
      {
        "y": 21.47394,
        "time": "2009/08/27 10:00:00"
      },
      {
        "y": 21.47394,
        "time": "2009/08/27 10:15:00"
      },
      {
        "y": 21.546168,
        "time": "2009/08/27 10:30:00"
      },
      {
        "y": 21.673956,
        "time": "2009/08/27 10:45:00"
      },
      {
        "y": 21.818412,
        "time": "2009/08/27 11:00:00"
      },
      {
        "y": 21.97398,
        "time": "2009/08/27 11:15:00"
      },
      {
        "y": 22.11288,
        "time": "2009/08/27 11:30:00"
      },
      {
        "y": 22.290672,
        "time": "2009/08/27 11:45:00"
      },
      {
        "y": 22.44624,
        "time": "2009/08/27 12:00:00"
      },
      {
        "y": 22.574028,
        "time": "2009/08/27 12:15:00"
      },
      {
        "y": 22.662924,
        "time": "2009/08/27 12:30:00"
      },
      {
        "y": 22.785156,
        "time": "2009/08/27 12:45:00"
      },
      {
        "y": 22.940724,
        "time": "2009/08/27 13:00:00"
      },
      {
        "y": 22.968504,
        "time": "2009/08/27 13:15:00"
      },
      {
        "y": 23.08518,
        "time": "2009/08/27 13:30:00"
      },
      {
        "y": 22.985172,
        "time": "2009/08/27 13:45:00"
      },
      {
        "y": 23.129628,
        "time": "2009/08/27 14:00:00"
      },
      {
        "y": 23.1963,
        "time": "2009/08/27 14:15:00"
      },
      {
        "y": 23.240748,
        "time": "2009/08/27 14:30:00"
      },
      {
        "y": 23.301864,
        "time": "2009/08/27 14:45:00"
      },
      {
        "y": 23.357424,
        "time": "2009/08/27 15:00:00"
      },
      {
        "y": 23.36298,
        "time": "2009/08/27 15:15:00"
      },
      {
        "y": 23.512992,
        "time": "2009/08/27 15:30:00"
      },
      {
        "y": 23.540772,
        "time": "2009/08/27 15:45:00"
      },
      {
        "y": 23.562996,
        "time": "2009/08/27 16:00:00"
      },
      {
        "y": 23.601888,
        "time": "2009/08/27 16:15:00"
      },
      {
        "y": 23.58522,
        "time": "2009/08/27 16:30:00"
      },
      {
        "y": 23.679672,
        "time": "2009/08/27 16:45:00"
      },
      {
        "y": 23.562996,
        "time": "2009/08/27 17:00:00"
      },
      {
        "y": 23.635224,
        "time": "2009/08/27 17:15:00"
      },
      {
        "y": 23.55744,
        "time": "2009/08/27 17:30:00"
      },
      {
        "y": 23.613,
        "time": "2009/08/27 17:45:00"
      },
      {
        "y": 23.30742,
        "time": "2009/08/27 18:00:00"
      },
      {
        "y": 23.007396,
        "time": "2009/08/27 18:15:00"
      },
      {
        "y": 22.840716,
        "time": "2009/08/27 18:30:00"
      },
      {
        "y": 22.712928,
        "time": "2009/08/27 18:45:00"
      },
      {
        "y": 22.66848,
        "time": "2009/08/27 19:00:00"
      },
      {
        "y": 22.401792,
        "time": "2009/08/27 19:15:00"
      },
      {
        "y": 22.301784,
        "time": "2009/08/27 19:30:00"
      },
      {
        "y": 22.146216,
        "time": "2009/08/27 19:45:00"
      },
      {
        "y": 22.007316,
        "time": "2009/08/27 20:00:00"
      },
      {
        "y": 21.901752,
        "time": "2009/08/27 20:15:00"
      },
      {
        "y": 21.829524,
        "time": "2009/08/27 20:30:00"
      },
      {
        "y": 21.773964,
        "time": "2009/08/27 20:45:00"
      },
      {
        "y": 21.735072,
        "time": "2009/08/27 21:00:00"
      },
      {
        "y": 21.646176,
        "time": "2009/08/27 21:15:00"
      },
      {
        "y": 21.462828,
        "time": "2009/08/27 21:30:00"
      },
      {
        "y": 21.47394,
        "time": "2009/08/27 21:45:00"
      }
    ],
    "cvrmse": 3.225658,
    "nmbe": 2.592805
  }
]