[
  {
    "name": "Rooftop Cooling Coil Simulated",
    "type": "Cooling Coil Total Cooling Rate",
    "color": "blue",
    "units": "W",
    "displayname": "Cooling Capacity",
    "data": [
      {
        "y": 0.0,
        "time": "2009/08/27 00:00:00"
      },
      {
        "y": 0.0,
        "time": "2009/08/27 00:15:00"
      },
      {
        "y": 0.0,
        "time": "2009/08/27 00:30:00"
      },
      {
        "y": 0.0,
        "time": "2009/08/27 00:45:00"
      },
      {
        "y": 0.0,
        "time": "2009/08/27 01:00:00"
      },
      {
        "y": 0.0,
        "time": "2009/08/27 01:15:00"
      },
      {
        "y": 0.0,
        "time": "2009/08/27 01:30:00"
      },
      {
        "y": 0.0,
        "time": "2009/08/27 01:45:00"
      },
      {
        "y": 0.0,
        "time": "2009/08/27 02:00:00"
      },
      {
        "y": 0.0,
        "time": "2009/08/27 02:15:00"
      },
      {
        "y": 0.0,
        "time": "2009/08/27 02:30:00"
      },
      {
        "y": 0.0,
        "time": "2009/08/27 02:45:00"
      },
      {
        "y": 0.0,
        "time": "2009/08/27 03:00:00"
      },
      {
        "y": 0.0,
        "time": "2009/08/27 03:15:00"
      },
      {
        "y": 0.0,
        "time": "2009/08/27 03:30:00"
      },
      {
        "y": 0.0,
        "time": "2009/08/27 03:45:00"
      },
      {
        "y": 0.0,
        "time": "2009/08/27 04:00:00"
      },
      {
        "y": 0.0,
        "time": "2009/08/27 04:15:00"
      },
      {
        "y": 0.0,
        "time": "2009/08/27 04:30:00"
      },
      {
        "y": 0.0,
        "time": "2009/08/27 04:45:00"
      },
      {
        "y": 0.0,
        "time": "2009/08/27 05:00:00"
      },
      {
        "y": 0.0,
        "time": "2009/08/27 05:15:00"
      },
      {
        "y": 0.0,
        "time": "2009/08/27 05:30:00"
      },
      {
        "y": 0.0,
        "time": "2009/08/27 05:45:00"
      },
      {
        "y": 0.0,
        "time": "2009/08/27 06:00:00"
      },
      {
        "y": 0.0,
        "time": "2009/08/27 06:15:00"
      },
      {
        "y": 0.0,
        "time": "2009/08/27 06:30:00"
      },
      {
        "y": 0.0,
        "time": "2009/08/27 06:45:00"
      },
      {
        "y": 45346.616476,
        "time": "2009/08/27 07:00:00"
      },
      {
        "y": 36145.247588,
        "time": "2009/08/27 07:15:00"
      },
      {
        "y": 31429.012752,
        "time": "2009/08/27 07:30:00"
      },
      {
        "y": 29610.407566,
        "time": "2009/08/27 07:45:00"
      },
      {
        "y": 29128.313783,
        "time": "2009/08/27 08:00:00"
      },
      {
        "y": 29012.490496,
        "time": "2009/08/27 08:15:00"
      },
      {
        "y": 28762.087319,
        "time": "2009/08/27 08:30:00"
      },
      {
        "y": 28442.871533,
        "time": "2009/08/27 08:45:00"
      },
      {
        "y": 28323.226341,
        "time": "2009/08/27 09:00:00"
      },
      {
        "y": 28349.985683,
        "time": "2009/08/27 09:15:00"
      },
      {
        "y": 28372.346377,
        "time": "2009/08/27 09:30:00"
      },
      {
        "y": 28357.895689,
        "time": "2009/08/27 09:45:00"
      },
      {
        "y": 28403.963665,
        "time": "2009/08/27 10:00:00"
      },
      {
        "y": 28637.968531,
        "time": "2009/08/27 10:15:00"
      },
      {
        "y": 28848.734922,
        "time": "2009/08/27 10:30:00"
      },
      {
        "y": 29033.1683,
        "time": "2009/08/27 10:45:00"
      },
      {
        "y": 29080.70942,
        "time": "2009/08/27 11:00:00"
      },
      {
        "y": 29251.133814,
        "time": "2009/08/27 11:15:00"
      },
      {
        "y": 29386.117431,
        "time": "2009/08/27 11:30:00"
      },
      {
        "y": 29597.654027,
        "time": "2009/08/27 11:45:00"
      },
      {
        "y": 29786.205505,
        "time": "2009/08/27 12:00:00"
      },
      {
        "y": 30011.453096,
        "time": "2009/08/27 12:15:00"
      },
      {
        "y": 30269.642836,
        "time": "2009/08/27 12:30:00"
      },
      {
        "y": 30500.208478,
        "time": "2009/08/27 12:45:00"
      },
      {
        "y": 30740.224697,
        "time": "2009/08/27 13:00:00"
      },
      {
        "y": 30953.091169,
        "time": "2009/08/27 13:15:00"
      },
      {
        "y": 31107.150192,
        "time": "2009/08/27 13:30:00"
      },
      {
        "y": 31333.410144,
        "time": "2009/08/27 13:45:00"
      },
      {
        "y": 31540.684512,
        "time": "2009/08/27 14:00:00"
      },
      {
        "y": 31689.376504,
        "time": "2009/08/27 14:15:00"
      },
      {
        "y": 31874.846898,
        "time": "2009/08/27 14:30:00"
      },
      {
        "y": 32086.570366,
        "time": "2009/08/27 14:45:00"
      },
      {
        "y": 32159.581188,
        "time": "2009/08/27 15:00:00"
      },
      {
        "y": 32048.06288,
        "time": "2009/08/27 15:15:00"
      },
      {
        "y": 32125.223542,
        "time": "2009/08/27 15:30:00"
      },
      {
        "y": 32215.85712,
        "time": "2009/08/27 15:45:00"
      },
      {
        "y": 32293.386128,
        "time": "2009/08/27 16:00:00"
      },
      {
        "y": 32396.566164,
        "time": "2009/08/27 16:15:00"
      },
      {
        "y": 32443.080689,
        "time": "2009/08/27 16:30:00"
      },
      {
        "y": 32477.556657,
        "time": "2009/08/27 16:45:00"
      },
      {
        "y": 32436.047895,
        "time": "2009/08/27 17:00:00"
      },
      {
        "y": 32411.553437,
        "time": "2009/08/27 17:15:00"
      },
      {
        "y": 32404.345311,
        "time": "2009/08/27 17:30:00"
      },
      {
        "y": 32427.502688,
        "time": "2009/08/27 17:45:00"
      },
      {
        "y": 32555.09644,
        "time": "2009/08/27 18:00:00"
      },
      {
        "y": 32245.267684,
        "time": "2009/08/27 18:15:00"
      },
      {
        "y": 32112.504736,
        "time": "2009/08/27 18:30:00"
      },
      {
        "y": 31962.633357,
        "time": "2009/08/27 18:45:00"
      },
      {
        "y": 32003.022732,
        "time": "2009/08/27 19:00:00"
      },
      {
        "y": 32222.06237,
        "time": "2009/08/27 19:15:00"
      },
      {
        "y": 32165.591916,
        "time": "2009/08/27 19:30:00"
      },
      {
        "y": 31980.112633,
        "time": "2009/08/27 19:45:00"
      },
      {
        "y": 31897.376943,
        "time": "2009/08/27 20:00:00"
      },
      {
        "y": 31845.048439,
        "time": "2009/08/27 20:15:00"
      },
      {
        "y": 31820.79255,
        "time": "2009/08/27 20:30:00"
      },
      {
        "y": 31760.658398,
        "time": "2009/08/27 20:45:00"
      },
      {
        "y": 31645.486245,
        "time": "2009/08/27 21:00:00"
      },
      {
        "y": 31561.731146,
        "time": "2009/08/27 21:15:00"
      },
      {
        "y": 31422.950532,
        "time": "2009/08/27 21:30:00"
      },
      {
        "y": 0.0,
        "time": "2009/08/27 21:45:00"
      },
      {
        "y": 0.0,
        "time": "2009/08/27 22:00:00"
      },
      {
        "y": 0.0,
        "time": "2009/08/27 22:15:00"
      },
      {
        "y": 0.0,
        "time": "2009/08/27 22:30:00"
      },
      {
        "y": 0.0,
        "time": "2009/08/27 22:45:00"
      },
      {
        "y": 0.0,
        "time": "2009/08/27 23:00:00"
      },
      {
        "y": 0.0,
        "time": "2009/08/27 23:15:00"
      },
      {
        "y": 0.0,
        "time": "2009/08/27 23:30:00"
      },
      {
        "y": 0.0,
        "time": "2009/08/27 23:45:00"
      }
    ],
    "cvrmse": 28.094823,
    "nmbe": -14.442387
  },
  {
    "name": "Rooftop Cooling Coil Metered",
    "type": "Cooling Coil Total Cooling Rate",
    "color": "red",
    "units": "W",
    "displayname": "Cooling Capacity",
    "data": [
      {
        "y": 0.0,
        "time": "2009/08/27 00:00:00"
      },
      {
        "y": 0.0,
        "time": "2009/08/27 00:15:00"
      },
      {
        "y": 0.0,
        "time": "2009/08/27 00:30:00"
      },
      {
        "y": 0.0,
        "time": "2009/08/27 00:45:00"
      },
      {
        "y": 0.0,
        "time": "2009/08/27 01:00:00"
      },
      {
        "y": 0.0,
        "time": "2009/08/27 01:15:00"
      },
      {
        "y": 0.0,
        "time": "2009/08/27 01:30:00"
      },
      {
        "y": 0.0,
        "time": "2009/08/27 01:45:00"
      },
      {
        "y": 0.0,
        "time": "2009/08/27 02:00:00"
      },
      {
        "y": 0.0,
        "time": "2009/08/27 02:15:00"
      },
      {
        "y": 0.0,
        "time": "2009/08/27 02:30:00"
      },
      {
        "y": 0.0,
        "time": "2009/08/27 02:45:00"
      },
      {
        "y": 0.0,
        "time": "2009/08/27 03:00:00"
      },
      {
        "y": 0.0,
        "time": "2009/08/27 03:15:00"
      },
      {
        "y": 0.0,
        "time": "2009/08/27 03:30:00"
      },
      {
        "y": 0.0,
        "time": "2009/08/27 03:45:00"
      },
      {
        "y": 0.0,
        "time": "2009/08/27 04:00:00"
      },
      {
        "y": 0.0,
        "time": "2009/08/27 04:15:00"
      },
      {
        "y": 0.0,
        "time": "2009/08/27 04:30:00"
      },
      {
        "y": 0.0,
        "time": "2009/08/27 04:45:00"
      },
      {
        "y": 0.0,
        "time": "2009/08/27 05:00:00"
      },
      {
        "y": 0.0,
        "time": "2009/08/27 05:15:00"
      },
      {
        "y": 0.0,
        "time": "2009/08/27 05:30:00"
      },
      {
        "y": 0.0,
        "time": "2009/08/27 05:45:00"
      },
      {
        "y": 0.0,
        "time": "2009/08/27 06:00:00"
      },
      {
        "y": 0.0,
        "time": "2009/08/27 06:15:00"
      },
      {
        "y": 0.0,
        "time": "2009/08/27 06:30:00"
      },
      {
        "y": 6385.099781,
        "time": "2009/08/27 06:45:00"
      },
      {
        "y": 24247.63856,
        "time": "2009/08/27 07:00:00"
      },
      {
        "y": 34157.81297,
        "time": "2009/08/27 07:15:00"
      },
      {
        "y": 32259.00315,
        "time": "2009/08/27 07:30:00"
      },
      {
        "y": 14843.11008,
        "time": "2009/08/27 07:45:00"
      },
      {
        "y": 27369.99582,
        "time": "2009/08/27 08:00:00"
      },
      {
        "y": 24605.76102,
        "time": "2009/08/27 08:15:00"
      },
      {
        "y": 24951.55529,
        "time": "2009/08/27 08:30:00"
      },
      {
        "y": 23042.96787,
        "time": "2009/08/27 08:45:00"
      },
      {
        "y": 25238.18241,
        "time": "2009/08/27 09:00:00"
      },
      {
        "y": 26559.83601,
        "time": "2009/08/27 09:15:00"
      },
      {
        "y": 24427.95838,
        "time": "2009/08/27 09:30:00"
      },
      {
        "y": 23920.3905,
        "time": "2009/08/27 09:45:00"
      },
      {
        "y": 22396.72166,
        "time": "2009/08/27 10:00:00"
      },
      {
        "y": 27871.85773,
        "time": "2009/08/27 10:15:00"
      },
      {
        "y": 26200.66198,
        "time": "2009/08/27 10:30:00"
      },
      {
        "y": 25788.14265,
        "time": "2009/08/27 10:45:00"
      },
      {
        "y": 25678.93643,
        "time": "2009/08/27 11:00:00"
      },
      {
        "y": 25918.69435,
        "time": "2009/08/27 11:15:00"
      },
      {
        "y": 25780.12272,
        "time": "2009/08/27 11:30:00"
      },
      {
        "y": 25760.51922,
        "time": "2009/08/27 11:45:00"
      },
      {
        "y": 25682.25368,
        "time": "2009/08/27 12:00:00"
      },
      {
        "y": 26166.08739,
        "time": "2009/08/27 12:15:00"
      },
      {
        "y": 22878.52921,
        "time": "2009/08/27 12:30:00"
      },
      {
        "y": 26018.65721,
        "time": "2009/08/27 12:45:00"
      },
      {
        "y": 22922.59755,
        "time": "2009/08/27 13:00:00"
      },
      {
        "y": 27813.86688,
        "time": "2009/08/27 13:15:00"
      },
      {
        "y": 26382.43484,
        "time": "2009/08/27 13:30:00"
      },
      {
        "y": 28928.30788,
        "time": "2009/08/27 13:45:00"
      },
      {
        "y": 23203.412,
        "time": "2009/08/27 14:00:00"
      },
      {
        "y": 32204.09013,
        "time": "2009/08/27 14:15:00"
      },
      {
        "y": 23017.78452,
        "time": "2009/08/27 14:30:00"
      },
      {
        "y": 31775.10307,
        "time": "2009/08/27 14:45:00"
      },
      {
        "y": 25920.05663,
        "time": "2009/08/27 15:00:00"
      },
      {
        "y": 28470.45506,
        "time": "2009/08/27 15:15:00"
      },
      {
        "y": 31718.385,
        "time": "2009/08/27 15:30:00"
      },
      {
        "y": 22728.57266,
        "time": "2009/08/27 15:45:00"
      },
      {
        "y": 34995.69889,
        "time": "2009/08/27 16:00:00"
      },
      {
        "y": 25431.52984,
        "time": "2009/08/27 16:15:00"
      },
      {
        "y": 32653.7417,
        "time": "2009/08/27 16:30:00"
      },
      {
        "y": 29738.80811,
        "time": "2009/08/27 16:45:00"
      },
      {
        "y": 29204.25617,
        "time": "2009/08/27 17:00:00"
      },
      {
        "y": 32608.18749,
        "time": "2009/08/27 17:15:00"
      },
      {
        "y": 26039.47228,
        "time": "2009/08/27 17:30:00"
      },
      {
        "y": 34708.78762,
        "time": "2009/08/27 17:45:00"
      },
      {
        "y": 24226.77138,
        "time": "2009/08/27 18:00:00"
      },
      {
        "y": 32759.96241,
        "time": "2009/08/27 18:15:00"
      },
      {
        "y": 30518.13553,
        "time": "2009/08/27 18:30:00"
      },
      {
        "y": 24628.74297,
        "time": "2009/08/27 18:45:00"
      },
      {
        "y": 30571.72371,
        "time": "2009/08/27 19:00:00"
      },
      {
        "y": 27116.48803,
        "time": "2009/08/27 19:15:00"
      },
      {
        "y": 26391.53606,
        "time": "2009/08/27 19:30:00"
      },
      {
        "y": 26548.12699,
        "time": "2009/08/27 19:45:00"
      },
      {
        "y": 26613.66695,
        "time": "2009/08/27 20:00:00"
      },
      {
        "y": 26640.95062,
        "time": "2009/08/27 20:15:00"
      },
      {
        "y": 26896.20138,
        "time": "2009/08/27 20:30:00"
      },
      {
        "y": 23847.51503,
        "time": "2009/08/27 20:45:00"
      },
      {
        "y": 27306.00674,
        "time": "2009/08/27 21:00:00"
      },
      {
        "y": 24926.21131,
        "time": "2009/08/27 21:15:00"
      },
      {
        "y": 29551.45896,
        "time": "2009/08/27 21:30:00"
      },
      {
        "y": 12778.83818,
        "time": "2009/08/27 21:45:00"
      },
      {
        "y": 0.0,
        "time": "2009/08/27 22:00:00"
      },
      {
        "y": 0.0,
        "time": "2009/08/27 22:15:00"
      },
      {
        "y": 0.0,
        "time": "2009/08/27 22:30:00"
      },
      {
        "y": 0.0,
        "time": "2009/08/27 22:45:00"
      },
      {
        "y": 0.0,
        "time": "2009/08/27 23:00:00"
      },
      {
        "y": 0.0,
        "time": "2009/08/27 23:15:00"
      },
      {
        "y": 0.0,
        "time": "2009/08/27 23:30:00"
      },
      {
        "y": 0.0,
        "time": "2009/08/27 23:45:00"
      }
    ],
    "cvrmse": 28.094823,
    "nmbe": -14.442387
  }
]