[
  {
    "name": " Simulated",
    "type": "Heating:Electricity",
    "color": "blue",
    "units": "J",
    "displayname": "Heating Consumption",
    "data": [
      {
        "y": 0.0,
        "time": "2009/08/29 00:00:00"
      },
      {
        "y": 0.0,
        "time": "2009/08/29 00:15:00"
      },
      {
        "y": 0.0,
        "time": "2009/08/29 00:30:00"
      },
      {
        "y": 0.0,
        "time": "2009/08/29 00:45:00"
      },
      {
        "y": 0.0,
        "time": "2009/08/29 01:00:00"
      },
      {
        "y": 0.0,
        "time": "2009/08/29 01:15:00"
      },
      {
        "y": 0.0,
        "time": "2009/08/29 01:30:00"
      },
      {
        "y": 0.0,
        "time": "2009/08/29 01:45:00"
      },
      {
        "y": 0.0,
        "time": "2009/08/29 02:00:00"
      },
      {
        "y": 0.0,
        "time": "2009/08/29 02:15:00"
      },
      {
        "y": 0.0,
        "time": "2009/08/29 02:30:00"
      },
      {
        "y": 0.0,
        "time": "2009/08/29 02:45:00"
      },
      {
        "y": 0.0,
        "time": "2009/08/29 03:00:00"
      },
      {
        "y": 0.0,
        "time": "2009/08/29 03:15:00"
      },
      {
        "y": 0.0,
        "time": "2009/08/29 03:30:00"
      },
      {
        "y": 0.0,
        "time": "2009/08/29 03:45:00"
      },
      {
        "y": 0.0,
        "time": "2009/08/29 04:00:00"
      },
      {
        "y": 0.0,
        "time": "2009/08/29 04:15:00"
      },
      {
        "y": 0.0,
        "time": "2009/08/29 04:30:00"
      },
      {
        "y": 0.0,
        "time": "2009/08/29 04:45:00"
      },
      {
        "y": 0.0,
        "time": "2009/08/29 05:00:00"
      },
      {
        "y": 0.0,
        "time": "2009/08/29 05:15:00"
      },
      {
        "y": 0.0,
        "time": "2009/08/29 05:30:00"
      },
      {
        "y": 0.0,
        "time": "2009/08/29 05:45:00"
      },
      {
        "y": 0.0,
        "time": "2009/08/29 06:00:00"
      },
      {
        "y": 0.0,
        "time": "2009/08/29 06:15:00"
      },
      {
        "y": 0.0,
        "time": "2009/08/29 06:30:00"
      },
      {
        "y": 0.0,
        "time": "2009/08/29 06:45:00"
      },
      {
        "y": 490177.183484,
        "time": "2009/08/29 07:00:00"
      },
      {
        "y": 88775.137024,
        "time": "2009/08/29 07:15:00"
      },
      {
        "y": 144292.082436,
        "time": "2009/08/29 07:30:00"
      },
      {
        "y": 5233628.637602,
        "time": "2009/08/29 07:45:00"
      },
      {
        "y": 9122726.763585,
        "time": "2009/08/29 08:00:00"
      },
      {
        "y": 7950429.610246,
        "time": "2009/08/29 08:15:00"
      },
      {
        "y": 7236944.421177,
        "time": "2009/08/29 08:30:00"
      },
      {
        "y": 6455165.487486,
        "time": "2009/08/29 08:45:00"
      },
      {
        "y": 5981938.575101,
        "time": "2009/08/29 09:00:00"
      },
      {
        "y": 5199697.562359,
        "time": "2009/08/29 09:15:00"
      },
      {
        "y": 4525795.582819,
        "time": "2009/08/29 09:30:00"
      },
      {
        "y": 4079623.39632,
        "time": "2009/08/29 09:45:00"
      },
      {
        "y": 3880397.134363,
        "time": "2009/08/29 10:00:00"
      },
      {
        "y": 3577184.753058,
        "time": "2009/08/29 10:15:00"
      },
      {
        "y": 3289508.285175,
        "time": "2009/08/29 10:30:00"
      },
      {
        "y": 3053799.481469,
        "time": "2009/08/29 10:45:00"
      },
      {
        "y": 2848078.003373,
        "time": "2009/08/29 11:00:00"
      },
      {
        "y": 2725185.487561,
        "time": "2009/08/29 11:15:00"
      },
      {
        "y": 2558203.67881,
        "time": "2009/08/29 11:30:00"
      },
      {
        "y": 2449570.228801,
        "time": "2009/08/29 11:45:00"
      },
      {
        "y": 2312927.237184,
        "time": "2009/08/29 12:00:00"
      },
      {
        "y": 2190156.198521,
        "time": "2009/08/29 12:15:00"
      },
      {
        "y": 1979293.637106,
        "time": "2009/08/29 12:30:00"
      },
      {
        "y": 1866739.20623,
        "time": "2009/08/29 12:45:00"
      },
      {
        "y": 1951639.426003,
        "time": "2009/08/29 13:00:00"
      },
      {
        "y": 1776448.678119,
        "time": "2009/08/29 13:15:00"
      },
      {
        "y": 1621701.122421,
        "time": "2009/08/29 13:30:00"
      },
      {
        "y": 1447119.402787,
        "time": "2009/08/29 13:45:00"
      },
      {
        "y": 1404771.916031,
        "time": "2009/08/29 14:00:00"
      },
      {
        "y": 1165131.396985,
        "time": "2009/08/29 14:15:00"
      },
      {
        "y": 1000529.435988,
        "time": "2009/08/29 14:30:00"
      },
      {
        "y": 972296.143951,
        "time": "2009/08/29 14:45:00"
      },
      {
        "y": 947372.010093,
        "time": "2009/08/29 15:00:00"
      },
      {
        "y": 927410.516262,
        "time": "2009/08/29 15:15:00"
      },
      {
        "y": 908550.895559,
        "time": "2009/08/29 15:30:00"
      },
      {
        "y": 885122.174523,
        "time": "2009/08/29 15:45:00"
      },
      {
        "y": 875767.232208,
        "time": "2009/08/29 16:00:00"
      },
      {
        "y": 863218.666374,
        "time": "2009/08/29 16:15:00"
      },
      {
        "y": 845082.073926,
        "time": "2009/08/29 16:30:00"
      },
      {
        "y": 840735.045593,
        "time": "2009/08/29 16:45:00"
      },
      {
        "y": 841307.567349,
        "time": "2009/08/29 17:00:00"
      },
      {
        "y": 890387.681102,
        "time": "2009/08/29 17:15:00"
      },
      {
        "y": 867578.09689,
        "time": "2009/08/29 17:30:00"
      },
      {
        "y": 977209.174559,
        "time": "2009/08/29 17:45:00"
      },
      {
        "y": 1068684.861042,
        "time": "2009/08/29 18:00:00"
      },
      {
        "y": 1317971.529264,
        "time": "2009/08/29 18:15:00"
      },
      {
        "y": 1382938.091295,
        "time": "2009/08/29 18:30:00"
      },
      {
        "y": 1500791.223878,
        "time": "2009/08/29 18:45:00"
      },
      {
        "y": 1728442.336842,
        "time": "2009/08/29 19:00:00"
      },
      {
        "y": 2155248.12203,
        "time": "2009/08/29 19:15:00"
      },
      {
        "y": 3353597.214552,
        "time": "2009/08/29 19:30:00"
      },
      {
        "y": 4490803.452879,
        "time": "2009/08/29 19:45:00"
      },
      {
        "y": 5290298.271482,
        "time": "2009/08/29 20:00:00"
      },
      {
        "y": 5928449.069022,
        "time": "2009/08/29 20:15:00"
      },
      {
        "y": 6372330.792988,
        "time": "2009/08/29 20:30:00"
      },
      {
        "y": 6311460.309659,
        "time": "2009/08/29 20:45:00"
      },
      {
        "y": 6839103.715187,
        "time": "2009/08/29 21:00:00"
      },
      {
        "y": 7321033.433216,
        "time": "2009/08/29 21:15:00"
      },
      {
        "y": 8175297.780571,
        "time": "2009/08/29 21:30:00"
      },
      {
        "y": 0.0,
        "time": "2009/08/29 21:45:00"
      },
      {
        "y": 0.0,
        "time": "2009/08/29 22:00:00"
      },
      {
        "y": 0.0,
        "time": "2009/08/29 22:15:00"
      },
      {
        "y": 0.0,
        "time": "2009/08/29 22:30:00"
      },
      {
        "y": 0.0,
        "time": "2009/08/29 22:45:00"
      },
      {
        "y": 0.0,
        "time": "2009/08/29 23:00:00"
      },
      {
        "y": 0.0,
        "time": "2009/08/29 23:15:00"
      },
      {
        "y": 0.0,
        "time": "2009/08/29 23:30:00"
      },
      {
        "y": 0.0,
        "time": "2009/08/29 23:45:00"
      }
    ],
    "cvrmse": 85.268965,
    "nmbe": -20.785643
  },
  {
    "name": " Metered",
    "type": "Heating:Electricity",
    "color": "red",
    "units": "J",
    "displayname": "Heating Consumption",
    "data": [
      {
        "y": 77158.836,
        "time": "2009/08/29 00:00:00"
      },
      {
        "y": 77117.256,
        "time": "2009/08/29 00:15:00"
      },
      {
        "y": 77241.924,
        "time": "2009/08/29 00:30:00"
      },
      {
        "y": 77408.136,
        "time": "2009/08/29 00:45:00"
      },
      {
        "y": 77200.38,
        "time": "2009/08/29 01:00:00"
      },
      {
        "y": 77241.96,
        "time": "2009/08/29 01:15:00"
      },
      {
        "y": 76867.956,
        "time": "2009/08/29 01:30:00"
      },
      {
        "y": 76867.956,
        "time": "2009/08/29 01:45:00"
      },
      {
        "y": 77449.716,
        "time": "2009/08/29 02:00:00"
      },
      {
        "y": 76992.624,
        "time": "2009/08/29 02:15:00"
      },
      {
        "y": 76701.744,
        "time": "2009/08/29 02:30:00"
      },
      {
        "y": 77200.416,
        "time": "2009/08/29 02:45:00"
      },
      {
        "y": 76743.324,
        "time": "2009/08/29 03:00:00"
      },
      {
        "y": 76951.08,
        "time": "2009/08/29 03:15:00"
      },
      {
        "y": 77325.048,
        "time": "2009/08/29 03:30:00"
      },
      {
        "y": 76826.412,
        "time": "2009/08/29 03:45:00"
      },
      {
        "y": 77449.716,
        "time": "2009/08/29 04:00:00"
      },
      {
        "y": 76826.412,
        "time": "2009/08/29 04:15:00"
      },
      {
        "y": 76867.992,
        "time": "2009/08/29 04:30:00"
      },
      {
        "y": 76535.568,
        "time": "2009/08/29 04:45:00"
      },
      {
        "y": 77491.26,
        "time": "2009/08/29 05:00:00"
      },
      {
        "y": 76701.78,
        "time": "2009/08/29 05:15:00"
      },
      {
        "y": 76743.324,
        "time": "2009/08/29 05:30:00"
      },
      {
        "y": 76743.324,
        "time": "2009/08/29 05:45:00"
      },
      {
        "y": 76369.356,
        "time": "2009/08/29 06:00:00"
      },
      {
        "y": 76951.08,
        "time": "2009/08/29 06:15:00"
      },
      {
        "y": 76286.268,
        "time": "2009/08/29 06:30:00"
      },
      {
        "y": 90288.54,
        "time": "2009/08/29 06:45:00"
      },
      {
        "y": 114927.48,
        "time": "2009/08/29 07:00:00"
      },
      {
        "y": 115176.816,
        "time": "2009/08/29 07:15:00"
      },
      {
        "y": 114927.48,
        "time": "2009/08/29 07:30:00"
      },
      {
        "y": 708553.548,
        "time": "2009/08/29 07:45:00"
      },
      {
        "y": 2728181.52,
        "time": "2009/08/29 08:00:00"
      },
      {
        "y": 3137480.496,
        "time": "2009/08/29 08:15:00"
      },
      {
        "y": 3221329.644,
        "time": "2009/08/29 08:30:00"
      },
      {
        "y": 3852662.076,
        "time": "2009/08/29 08:45:00"
      },
      {
        "y": 3685437.936,
        "time": "2009/08/29 09:00:00"
      },
      {
        "y": 2777479.632,
        "time": "2009/08/29 09:15:00"
      },
      {
        "y": 3134168.604,
        "time": "2009/08/29 09:30:00"
      },
      {
        "y": 3197978.388,
        "time": "2009/08/29 09:45:00"
      },
      {
        "y": 3137971.032,
        "time": "2009/08/29 10:00:00"
      },
      {
        "y": 3116766.132,
        "time": "2009/08/29 10:15:00"
      },
      {
        "y": 3038603.904,
        "time": "2009/08/29 10:30:00"
      },
      {
        "y": 2619890.532,
        "time": "2009/08/29 10:45:00"
      },
      {
        "y": 2212390.26,
        "time": "2009/08/29 11:00:00"
      },
      {
        "y": 1941724.188,
        "time": "2009/08/29 11:15:00"
      },
      {
        "y": 1728149.544,
        "time": "2009/08/29 11:30:00"
      },
      {
        "y": 1462219.4844,
        "time": "2009/08/29 11:45:00"
      },
      {
        "y": 1289456.964,
        "time": "2009/08/29 12:00:00"
      },
      {
        "y": 1910428.668,
        "time": "2009/08/29 12:15:00"
      },
      {
        "y": 1295344.656,
        "time": "2009/08/29 12:30:00"
      },
      {
        "y": 1037369.016,
        "time": "2009/08/29 12:45:00"
      },
      {
        "y": 885383.712,
        "time": "2009/08/29 13:00:00"
      },
      {
        "y": 1439591.148,
        "time": "2009/08/29 13:15:00"
      },
      {
        "y": 1529499.096,
        "time": "2009/08/29 13:30:00"
      },
      {
        "y": 1203588.144,
        "time": "2009/08/29 13:45:00"
      },
      {
        "y": 1273144.464,
        "time": "2009/08/29 14:00:00"
      },
      {
        "y": 1020603.564,
        "time": "2009/08/29 14:15:00"
      },
      {
        "y": 1098344.628,
        "time": "2009/08/29 14:30:00"
      },
      {
        "y": 890300.304,
        "time": "2009/08/29 14:45:00"
      },
      {
        "y": 983702.016,
        "time": "2009/08/29 15:00:00"
      },
      {
        "y": 676731.888,
        "time": "2009/08/29 15:15:00"
      },
      {
        "y": 828556.884,
        "time": "2009/08/29 15:30:00"
      },
      {
        "y": 1022757.372,
        "time": "2009/08/29 15:45:00"
      },
      {
        "y": 1162817.64,
        "time": "2009/08/29 16:00:00"
      },
      {
        "y": 1116441.864,
        "time": "2009/08/29 16:15:00"
      },
      {
        "y": 752957.82,
        "time": "2009/08/29 16:30:00"
      },
      {
        "y": 770699.952,
        "time": "2009/08/29 16:45:00"
      },
      {
        "y": 852544.944,
        "time": "2009/08/29 17:00:00"
      },
      {
        "y": 1074540.636,
        "time": "2009/08/29 17:15:00"
      },
      {
        "y": 849166.056,
        "time": "2009/08/29 17:30:00"
      },
      {
        "y": 651763.224,
        "time": "2009/08/29 17:45:00"
      },
      {
        "y": 1124719.956,
        "time": "2009/08/29 18:00:00"
      },
      {
        "y": 1407211.596,
        "time": "2009/08/29 18:15:00"
      },
      {
        "y": 2138746.464,
        "time": "2009/08/29 18:30:00"
      },
      {
        "y": 1743482.592,
        "time": "2009/08/29 18:45:00"
      },
      {
        "y": 2905623.54,
        "time": "2009/08/29 19:00:00"
      },
      {
        "y": 2831147.748,
        "time": "2009/08/29 19:15:00"
      },
      {
        "y": 3456629.604,
        "time": "2009/08/29 19:30:00"
      },
      {
        "y": 3878772.264,
        "time": "2009/08/29 19:45:00"
      },
      {
        "y": 6041882.196,
        "time": "2009/08/29 20:00:00"
      },
      {
        "y": 5974988.652,
        "time": "2009/08/29 20:15:00"
      },
      {
        "y": 6148897.596,
        "time": "2009/08/29 20:30:00"
      },
      {
        "y": 5654245.428,
        "time": "2009/08/29 20:45:00"
      },
      {
        "y": 5168967.552,
        "time": "2009/08/29 21:00:00"
      },
      {
        "y": 7840928.196,
        "time": "2009/08/29 21:15:00"
      },
      {
        "y": 9136239.48,
        "time": "2009/08/29 21:30:00"
      },
      {
        "y": 4557309.48,
        "time": "2009/08/29 21:45:00"
      },
      {
        "y": 78280.704,
        "time": "2009/08/29 22:00:00"
      },
      {
        "y": 76867.92,
        "time": "2009/08/29 22:15:00"
      },
      {
        "y": 77532.768,
        "time": "2009/08/29 22:30:00"
      },
      {
        "y": 77532.768,
        "time": "2009/08/29 22:45:00"
      },
      {
        "y": 77823.648,
        "time": "2009/08/29 23:00:00"
      },
      {
        "y": 77117.256,
        "time": "2009/08/29 23:15:00"
      },
      {
        "y": 76909.536,
        "time": "2009/08/29 23:30:00"
      },
      {
        "y": 77117.292,
        "time": "2009/08/29 23:45:00"
      }
    ],
    "cvrmse": 85.268965,
    "nmbe": -20.785643
  }
]