[
  {
    "name": "Rooftop Cooling Coil Simulated",
    "type": "Cooling Coil Electric Energy",
    "color": "blue",
    "units": "J",
    "displayname": "Cooling Consumption",
    "data": [
      {
        "y": 0.0,
        "time": "2009/08/27 00:00:00"
      },
      {
        "y": 0.0,
        "time": "2009/08/27 00:15:00"
      },
      {
        "y": 0.0,
        "time": "2009/08/27 00:30:00"
      },
      {
        "y": 0.0,
        "time": "2009/08/27 00:45:00"
      },
      {
        "y": 0.0,
        "time": "2009/08/27 01:00:00"
      },
      {
        "y": 0.0,
        "time": "2009/08/27 01:15:00"
      },
      {
        "y": 0.0,
        "time": "2009/08/27 01:30:00"
      },
      {
        "y": 0.0,
        "time": "2009/08/27 01:45:00"
      },
      {
        "y": 0.0,
        "time": "2009/08/27 02:00:00"
      },
      {
        "y": 0.0,
        "time": "2009/08/27 02:15:00"
      },
      {
        "y": 0.0,
        "time": "2009/08/27 02:30:00"
      },
      {
        "y": 0.0,
        "time": "2009/08/27 02:45:00"
      },
      {
        "y": 0.0,
        "time": "2009/08/27 03:00:00"
      },
      {
        "y": 0.0,
        "time": "2009/08/27 03:15:00"
      },
      {
        "y": 0.0,
        "time": "2009/08/27 03:30:00"
      },
      {
        "y": 0.0,
        "time": "2009/08/27 03:45:00"
      },
      {
        "y": 0.0,
        "time": "2009/08/27 04:00:00"
      },
      {
        "y": 0.0,
        "time": "2009/08/27 04:15:00"
      },
      {
        "y": 0.0,
        "time": "2009/08/27 04:30:00"
      },
      {
        "y": 0.0,
        "time": "2009/08/27 04:45:00"
      },
      {
        "y": 0.0,
        "time": "2009/08/27 05:00:00"
      },
      {
        "y": 0.0,
        "time": "2009/08/27 05:15:00"
      },
      {
        "y": 0.0,
        "time": "2009/08/27 05:30:00"
      },
      {
        "y": 0.0,
        "time": "2009/08/27 05:45:00"
      },
      {
        "y": 0.0,
        "time": "2009/08/27 06:00:00"
      },
      {
        "y": 0.0,
        "time": "2009/08/27 06:15:00"
      },
      {
        "y": 0.0,
        "time": "2009/08/27 06:30:00"
      },
      {
        "y": 0.0,
        "time": "2009/08/27 06:45:00"
      },
      {
        "y": 10185296.173719,
        "time": "2009/08/27 07:00:00"
      },
      {
        "y": 7841859.0655,
        "time": "2009/08/27 07:15:00"
      },
      {
        "y": 6226543.211904,
        "time": "2009/08/27 07:30:00"
      },
      {
        "y": 5530947.462268,
        "time": "2009/08/27 07:45:00"
      },
      {
        "y": 5340556.363546,
        "time": "2009/08/27 08:00:00"
      },
      {
        "y": 5331752.458612,
        "time": "2009/08/27 08:15:00"
      },
      {
        "y": 5273806.477886,
        "time": "2009/08/27 08:30:00"
      },
      {
        "y": 5233333.723223,
        "time": "2009/08/27 08:45:00"
      },
      {
        "y": 5281236.280825,
        "time": "2009/08/27 09:00:00"
      },
      {
        "y": 5331213.394397,
        "time": "2009/08/27 09:15:00"
      },
      {
        "y": 5379328.610298,
        "time": "2009/08/27 09:30:00"
      },
      {
        "y": 5413185.082296,
        "time": "2009/08/27 09:45:00"
      },
      {
        "y": 5547255.185195,
        "time": "2009/08/27 10:00:00"
      },
      {
        "y": 5694592.449819,
        "time": "2009/08/27 10:15:00"
      },
      {
        "y": 5929512.59972,
        "time": "2009/08/27 10:30:00"
      },
      {
        "y": 6037986.044927,
        "time": "2009/08/27 10:45:00"
      },
      {
        "y": 6183841.431306,
        "time": "2009/08/27 11:00:00"
      },
      {
        "y": 6248028.198843,
        "time": "2009/08/27 11:15:00"
      },
      {
        "y": 6346089.823846,
        "time": "2009/08/27 11:30:00"
      },
      {
        "y": 6444336.799789,
        "time": "2009/08/27 11:45:00"
      },
      {
        "y": 6533795.843437,
        "time": "2009/08/27 12:00:00"
      },
      {
        "y": 6633716.467912,
        "time": "2009/08/27 12:15:00"
      },
      {
        "y": 6731408.393571,
        "time": "2009/08/27 12:30:00"
      },
      {
        "y": 6840195.625309,
        "time": "2009/08/27 12:45:00"
      },
      {
        "y": 6950043.031706,
        "time": "2009/08/27 13:00:00"
      },
      {
        "y": 7049869.666248,
        "time": "2009/08/27 13:15:00"
      },
      {
        "y": 7100778.160398,
        "time": "2009/08/27 13:30:00"
      },
      {
        "y": 7192062.704344,
        "time": "2009/08/27 13:45:00"
      },
      {
        "y": 7257641.01001,
        "time": "2009/08/27 14:00:00"
      },
      {
        "y": 7324988.068547,
        "time": "2009/08/27 14:15:00"
      },
      {
        "y": 7402035.127808,
        "time": "2009/08/27 14:30:00"
      },
      {
        "y": 7467526.33238,
        "time": "2009/08/27 14:45:00"
      },
      {
        "y": 7484932.001552,
        "time": "2009/08/27 15:00:00"
      },
      {
        "y": 7563110.40541,
        "time": "2009/08/27 15:15:00"
      },
      {
        "y": 7703321.844606,
        "time": "2009/08/27 15:30:00"
      },
      {
        "y": 7728299.975797,
        "time": "2009/08/27 15:45:00"
      },
      {
        "y": 7688079.949217,
        "time": "2009/08/27 16:00:00"
      },
      {
        "y": 7775936.716684,
        "time": "2009/08/27 16:15:00"
      },
      {
        "y": 7807926.733612,
        "time": "2009/08/27 16:30:00"
      },
      {
        "y": 7714950.908759,
        "time": "2009/08/27 16:45:00"
      },
      {
        "y": 7741652.107654,
        "time": "2009/08/27 17:00:00"
      },
      {
        "y": 7795231.680341,
        "time": "2009/08/27 17:15:00"
      },
      {
        "y": 7854235.330079,
        "time": "2009/08/27 17:30:00"
      },
      {
        "y": 7859553.341145,
        "time": "2009/08/27 17:45:00"
      },
      {
        "y": 7650016.574036,
        "time": "2009/08/27 18:00:00"
      },
      {
        "y": 7371620.240827,
        "time": "2009/08/27 18:15:00"
      },
      {
        "y": 7223341.993638,
        "time": "2009/08/27 18:30:00"
      },
      {
        "y": 7182121.346631,
        "time": "2009/08/27 18:45:00"
      },
      {
        "y": 7246520.744799,
        "time": "2009/08/27 19:00:00"
      },
      {
        "y": 7314599.730145,
        "time": "2009/08/27 19:15:00"
      },
      {
        "y": 7216509.576846,
        "time": "2009/08/27 19:30:00"
      },
      {
        "y": 7124334.432936,
        "time": "2009/08/27 19:45:00"
      },
      {
        "y": 7053317.175757,
        "time": "2009/08/27 20:00:00"
      },
      {
        "y": 7001692.434654,
        "time": "2009/08/27 20:15:00"
      },
      {
        "y": 6939306.533162,
        "time": "2009/08/27 20:30:00"
      },
      {
        "y": 6854606.290686,
        "time": "2009/08/27 20:45:00"
      },
      {
        "y": 6790945.968551,
        "time": "2009/08/27 21:00:00"
      },
      {
        "y": 6727660.781804,
        "time": "2009/08/27 21:15:00"
      },
      {
        "y": 6644822.786195,
        "time": "2009/08/27 21:30:00"
      },
      {
        "y": 0.0,
        "time": "2009/08/27 21:45:00"
      },
      {
        "y": 0.0,
        "time": "2009/08/27 22:00:00"
      },
      {
        "y": 0.0,
        "time": "2009/08/27 22:15:00"
      },
      {
        "y": 0.0,
        "time": "2009/08/27 22:30:00"
      },
      {
        "y": 0.0,
        "time": "2009/08/27 22:45:00"
      },
      {
        "y": 0.0,
        "time": "2009/08/27 23:00:00"
      },
      {
        "y": 0.0,
        "time": "2009/08/27 23:15:00"
      },
      {
        "y": 0.0,
        "time": "2009/08/27 23:30:00"
      },
      {
        "y": 0.0,
        "time": "2009/08/27 23:45:00"
      }
    ],
    "cvrmse": 22.637051,
    "nmbe": 0.184377
  },
  {
    "name": "Rooftop Cooling Coil Metered",
    "type": "Cooling Coil Electric Energy",
    "color": "red",
    "units": "J",
    "displayname": "Cooling Consumption",
    "data": [
      {
        "y": 97888.932,
        "time": "2009/08/27 00:00:00"
      },
      {
        "y": 97888.932,
        "time": "2009/08/27 00:15:00"
      },
      {
        "y": 98719.92,
        "time": "2009/08/27 00:30:00"
      },
      {
        "y": 97888.932,
        "time": "2009/08/27 00:45:00"
      },
      {
        "y": 98719.92,
        "time": "2009/08/27 01:00:00"
      },
      {
        "y": 97888.932,
        "time": "2009/08/27 01:15:00"
      },
      {
        "y": 98719.92,
        "time": "2009/08/27 01:30:00"
      },
      {
        "y": 98719.92,
        "time": "2009/08/27 01:45:00"
      },
      {
        "y": 98719.92,
        "time": "2009/08/27 02:00:00"
      },
      {
        "y": 98553.708,
        "time": "2009/08/27 02:15:00"
      },
      {
        "y": 98719.92,
        "time": "2009/08/27 02:30:00"
      },
      {
        "y": 98553.708,
        "time": "2009/08/27 02:45:00"
      },
      {
        "y": 98719.92,
        "time": "2009/08/27 03:00:00"
      },
      {
        "y": 98719.92,
        "time": "2009/08/27 03:15:00"
      },
      {
        "y": 98553.708,
        "time": "2009/08/27 03:30:00"
      },
      {
        "y": 98719.92,
        "time": "2009/08/27 03:45:00"
      },
      {
        "y": 99384.696,
        "time": "2009/08/27 04:00:00"
      },
      {
        "y": 98719.92,
        "time": "2009/08/27 04:15:00"
      },
      {
        "y": 98553.708,
        "time": "2009/08/27 04:30:00"
      },
      {
        "y": 99550.908,
        "time": "2009/08/27 04:45:00"
      },
      {
        "y": 98553.708,
        "time": "2009/08/27 05:00:00"
      },
      {
        "y": 98553.708,
        "time": "2009/08/27 05:15:00"
      },
      {
        "y": 99550.908,
        "time": "2009/08/27 05:30:00"
      },
      {
        "y": 99384.696,
        "time": "2009/08/27 05:45:00"
      },
      {
        "y": 97888.932,
        "time": "2009/08/27 06:00:00"
      },
      {
        "y": 97888.932,
        "time": "2009/08/27 06:15:00"
      },
      {
        "y": 98055.144,
        "time": "2009/08/27 06:30:00"
      },
      {
        "y": 1053302.76,
        "time": "2009/08/27 06:45:00"
      },
      {
        "y": 6572113.92,
        "time": "2009/08/27 07:00:00"
      },
      {
        "y": 6783348.96,
        "time": "2009/08/27 07:15:00"
      },
      {
        "y": 6564467.16,
        "time": "2009/08/27 07:30:00"
      },
      {
        "y": 2951166.6,
        "time": "2009/08/27 07:45:00"
      },
      {
        "y": 5378648.4,
        "time": "2009/08/27 08:00:00"
      },
      {
        "y": 5206135.68,
        "time": "2009/08/27 08:15:00"
      },
      {
        "y": 4945871.88,
        "time": "2009/08/27 08:30:00"
      },
      {
        "y": 4899832.2,
        "time": "2009/08/27 08:45:00"
      },
      {
        "y": 5334939.36,
        "time": "2009/08/27 09:00:00"
      },
      {
        "y": 5631436.44,
        "time": "2009/08/27 09:15:00"
      },
      {
        "y": 5077499.4,
        "time": "2009/08/27 09:30:00"
      },
      {
        "y": 4958004.6,
        "time": "2009/08/27 09:45:00"
      },
      {
        "y": 5236052.04,
        "time": "2009/08/27 10:00:00"
      },
      {
        "y": 6600202.56,
        "time": "2009/08/27 10:15:00"
      },
      {
        "y": 6141162.24,
        "time": "2009/08/27 10:30:00"
      },
      {
        "y": 6141496.32,
        "time": "2009/08/27 10:45:00"
      },
      {
        "y": 6132687.48,
        "time": "2009/08/27 11:00:00"
      },
      {
        "y": 6421537.8,
        "time": "2009/08/27 11:15:00"
      },
      {
        "y": 6549677.28,
        "time": "2009/08/27 11:30:00"
      },
      {
        "y": 6554001.24,
        "time": "2009/08/27 11:45:00"
      },
      {
        "y": 6608344.32,
        "time": "2009/08/27 12:00:00"
      },
      {
        "y": 6739476.48,
        "time": "2009/08/27 12:15:00"
      },
      {
        "y": 5629609.08,
        "time": "2009/08/27 12:30:00"
      },
      {
        "y": 6849997.92,
        "time": "2009/08/27 12:45:00"
      },
      {
        "y": 5727664.08,
        "time": "2009/08/27 13:00:00"
      },
      {
        "y": 7562819.16,
        "time": "2009/08/27 13:15:00"
      },
      {
        "y": 7156798.92,
        "time": "2009/08/27 13:30:00"
      },
      {
        "y": 7722368.28,
        "time": "2009/08/27 13:45:00"
      },
      {
        "y": 5727832.56,
        "time": "2009/08/27 14:00:00"
      },
      {
        "y": 9179586.72,
        "time": "2009/08/27 14:15:00"
      },
      {
        "y": 5872588.56,
        "time": "2009/08/27 14:30:00"
      },
      {
        "y": 8969515.92,
        "time": "2009/08/27 14:45:00"
      },
      {
        "y": 6942236.76,
        "time": "2009/08/27 15:00:00"
      },
      {
        "y": 7976815.2,
        "time": "2009/08/27 15:15:00"
      },
      {
        "y": 9177262.56,
        "time": "2009/08/27 15:30:00"
      },
      {
        "y": 5948211.24,
        "time": "2009/08/27 15:45:00"
      },
      {
        "y": 10592103.24,
        "time": "2009/08/27 16:00:00"
      },
      {
        "y": 6931102.68,
        "time": "2009/08/27 16:15:00"
      },
      {
        "y": 9421241.4,
        "time": "2009/08/27 16:30:00"
      },
      {
        "y": 8373363.84,
        "time": "2009/08/27 16:45:00"
      },
      {
        "y": 8044791.48,
        "time": "2009/08/27 17:00:00"
      },
      {
        "y": 9449825.76,
        "time": "2009/08/27 17:15:00"
      },
      {
        "y": 6938913.96,
        "time": "2009/08/27 17:30:00"
      },
      {
        "y": 10447842.24,
        "time": "2009/08/27 17:45:00"
      },
      {
        "y": 6345420.84,
        "time": "2009/08/27 18:00:00"
      },
      {
        "y": 8642603.52,
        "time": "2009/08/27 18:15:00"
      },
      {
        "y": 7862971.68,
        "time": "2009/08/27 18:30:00"
      },
      {
        "y": 5819572.8,
        "time": "2009/08/27 18:45:00"
      },
      {
        "y": 8040637.8,
        "time": "2009/08/27 19:00:00"
      },
      {
        "y": 6816757.32,
        "time": "2009/08/27 19:15:00"
      },
      {
        "y": 6505637.04,
        "time": "2009/08/27 19:30:00"
      },
      {
        "y": 6460264.44,
        "time": "2009/08/27 19:45:00"
      },
      {
        "y": 6428353.32,
        "time": "2009/08/27 20:00:00"
      },
      {
        "y": 6360046.2,
        "time": "2009/08/27 20:15:00"
      },
      {
        "y": 6315504.84,
        "time": "2009/08/27 20:30:00"
      },
      {
        "y": 5276769.84,
        "time": "2009/08/27 20:45:00"
      },
      {
        "y": 6283427.4,
        "time": "2009/08/27 21:00:00"
      },
      {
        "y": 5557476.96,
        "time": "2009/08/27 21:15:00"
      },
      {
        "y": 6850662.84,
        "time": "2009/08/27 21:30:00"
      },
      {
        "y": 2958399.0,
        "time": "2009/08/27 21:45:00"
      },
      {
        "y": 97057.944,
        "time": "2009/08/27 22:00:00"
      },
      {
        "y": 98719.92,
        "time": "2009/08/27 22:15:00"
      },
      {
        "y": 97888.932,
        "time": "2009/08/27 22:30:00"
      },
      {
        "y": 97057.944,
        "time": "2009/08/27 22:45:00"
      },
      {
        "y": 97224.156,
        "time": "2009/08/27 23:00:00"
      },
      {
        "y": 97888.932,
        "time": "2009/08/27 23:15:00"
      },
      {
        "y": 97057.944,
        "time": "2009/08/27 23:30:00"
      },
      {
        "y": 97224.156,
        "time": "2009/08/27 23:45:00"
      }
    ],
    "cvrmse": 22.637051,
    "nmbe": 0.184377
  }
]