[
  {
    "name": " Simulated",
    "type": "InteriorEquipment:Electricity",
    "color": "blue",
    "units": "J",
    "displayname": "Equipment Consumption",
    "data": [
      {
        "y": 1052687.273707,
        "time": "2009/08/27 00:00:00"
      },
      {
        "y": 1497172.104,
        "time": "2009/08/27 00:15:00"
      },
      {
        "y": 4700932.416,
        "time": "2009/08/27 00:30:00"
      },
      {
        "y": 1688218.956,
        "time": "2009/08/27 00:45:00"
      },
      {
        "y": 269774.7048,
        "time": "2009/08/27 01:00:00"
      },
      {
        "y": 3285626.292,
        "time": "2009/08/27 01:15:00"
      },
      {
        "y": 4336926.732,
        "time": "2009/08/27 01:30:00"
      },
      {
        "y": 269957.5524,
        "time": "2009/08/27 01:45:00"
      },
      {
        "y": 270397.1448,
        "time": "2009/08/27 02:00:00"
      },
      {
        "y": 271086.1164,
        "time": "2009/08/27 02:15:00"
      },
      {
        "y": 915688.26,
        "time": "2009/08/27 02:30:00"
      },
      {
        "y": 4724032.356,
        "time": "2009/08/27 02:45:00"
      },
      {
        "y": 2272390.092,
        "time": "2009/08/27 03:00:00"
      },
      {
        "y": 3586214.124,
        "time": "2009/08/27 03:15:00"
      },
      {
        "y": 4042555.092,
        "time": "2009/08/27 03:30:00"
      },
      {
        "y": 270773.9568,
        "time": "2009/08/27 03:45:00"
      },
      {
        "y": 270997.4484,
        "time": "2009/08/27 04:00:00"
      },
      {
        "y": 269998.1964,
        "time": "2009/08/27 04:15:00"
      },
      {
        "y": 271710.4284,
        "time": "2009/08/27 04:30:00"
      },
      {
        "y": 4490763.156,
        "time": "2009/08/27 04:45:00"
      },
      {
        "y": 3155791.752,
        "time": "2009/08/27 05:00:00"
      },
      {
        "y": 2716196.688,
        "time": "2009/08/27 05:15:00"
      },
      {
        "y": 4715242.02,
        "time": "2009/08/27 05:30:00"
      },
      {
        "y": 492940.368,
        "time": "2009/08/27 05:45:00"
      },
      {
        "y": 269357.2524,
        "time": "2009/08/27 06:00:00"
      },
      {
        "y": 640947.050454,
        "time": "2009/08/27 06:15:00"
      },
      {
        "y": 4681154.196,
        "time": "2009/08/27 06:30:00"
      },
      {
        "y": 3183765.66,
        "time": "2009/08/27 06:45:00"
      },
      {
        "y": 269167.0248,
        "time": "2009/08/27 07:00:00"
      },
      {
        "y": 3597522.948534,
        "time": "2009/08/27 07:15:00"
      },
      {
        "y": 4669092.504,
        "time": "2009/08/27 07:30:00"
      },
      {
        "y": 4719659.832,
        "time": "2009/08/27 07:45:00"
      },
      {
        "y": 3309060.384,
        "time": "2009/08/27 08:00:00"
      },
      {
        "y": 4867709.158756,
        "time": "2009/08/27 08:15:00"
      },
      {
        "y": 5005378.512,
        "time": "2009/08/27 08:30:00"
      },
      {
        "y": 4829178.888,
        "time": "2009/08/27 08:45:00"
      },
      {
        "y": 4710270.996,
        "time": "2009/08/27 09:00:00"
      },
      {
        "y": 4825599.084,
        "time": "2009/08/27 09:15:00"
      },
      {
        "y": 4979368.224,
        "time": "2009/08/27 09:30:00"
      },
      {
        "y": 4710177.504,
        "time": "2009/08/27 09:45:00"
      },
      {
        "y": 4707696.24,
        "time": "2009/08/27 10:00:00"
      },
      {
        "y": 4748972.904,
        "time": "2009/08/27 10:15:00"
      },
      {
        "y": 4976246.34,
        "time": "2009/08/27 10:30:00"
      },
      {
        "y": 4743234.18,
        "time": "2009/08/27 10:45:00"
      },
      {
        "y": 4662578.088,
        "time": "2009/08/27 11:00:00"
      },
      {
        "y": 4909853.52,
        "time": "2009/08/27 11:15:00"
      },
      {
        "y": 4847230.296,
        "time": "2009/08/27 11:30:00"
      },
      {
        "y": 4707407.952,
        "time": "2009/08/27 11:45:00"
      },
      {
        "y": 4597265.232,
        "time": "2009/08/27 12:00:00"
      },
      {
        "y": 4097208.483025,
        "time": "2009/08/27 12:15:00"
      },
      {
        "y": 4829605.848,
        "time": "2009/08/27 12:30:00"
      },
      {
        "y": 4776970.392,
        "time": "2009/08/27 12:45:00"
      },
      {
        "y": 2925405.864,
        "time": "2009/08/27 13:00:00"
      },
      {
        "y": 4825314.224975,
        "time": "2009/08/27 13:15:00"
      },
      {
        "y": 4936722.84,
        "time": "2009/08/27 13:30:00"
      },
      {
        "y": 4737831.552,
        "time": "2009/08/27 13:45:00"
      },
      {
        "y": 4682916.108,
        "time": "2009/08/27 14:00:00"
      },
      {
        "y": 4881927.24,
        "time": "2009/08/27 14:15:00"
      },
      {
        "y": 4895974.692,
        "time": "2009/08/27 14:30:00"
      },
      {
        "y": 4676769.108,
        "time": "2009/08/27 14:45:00"
      },
      {
        "y": 4675592.16,
        "time": "2009/08/27 15:00:00"
      },
      {
        "y": 4682868.048,
        "time": "2009/08/27 15:15:00"
      },
      {
        "y": 4778892.108,
        "time": "2009/08/27 15:30:00"
      },
      {
        "y": 4957853.616,
        "time": "2009/08/27 15:45:00"
      },
      {
        "y": 4673167.488,
        "time": "2009/08/27 16:00:00"
      },
      {
        "y": 4659096.096,
        "time": "2009/08/27 16:15:00"
      },
      {
        "y": 4931608.104,
        "time": "2009/08/27 16:30:00"
      },
      {
        "y": 4772985.516,
        "time": "2009/08/27 16:45:00"
      },
      {
        "y": 4564055.844,
        "time": "2009/08/27 17:00:00"
      },
      {
        "y": 2565433.508437,
        "time": "2009/08/27 17:15:00"
      },
      {
        "y": 4676528.772,
        "time": "2009/08/27 17:30:00"
      },
      {
        "y": 1777512.312,
        "time": "2009/08/27 17:45:00"
      },
      {
        "y": 273710.619529,
        "time": "2009/08/27 18:00:00"
      },
      {
        "y": 311198.176272,
        "time": "2009/08/27 18:15:00"
      },
      {
        "y": 1831280.688,
        "time": "2009/08/27 18:30:00"
      },
      {
        "y": 1941966.72,
        "time": "2009/08/27 18:45:00"
      },
      {
        "y": 267866.73684,
        "time": "2009/08/27 19:00:00"
      },
      {
        "y": 3488760.504,
        "time": "2009/08/27 19:15:00"
      },
      {
        "y": 267803.84844,
        "time": "2009/08/27 19:30:00"
      },
      {
        "y": 275175.5328,
        "time": "2009/08/27 19:45:00"
      },
      {
        "y": 308943.792,
        "time": "2009/08/27 20:00:00"
      },
      {
        "y": 314891.3844,
        "time": "2009/08/27 20:15:00"
      },
      {
        "y": 267258.95244,
        "time": "2009/08/27 20:30:00"
      },
      {
        "y": 3299198.508,
        "time": "2009/08/27 20:45:00"
      },
      {
        "y": 459539.676,
        "time": "2009/08/27 21:00:00"
      },
      {
        "y": 269412.65244,
        "time": "2009/08/27 21:15:00"
      },
      {
        "y": 268067.98044,
        "time": "2009/08/27 21:30:00"
      },
      {
        "y": 692945.568,
        "time": "2009/08/27 21:45:00"
      },
      {
        "y": 3120944.688,
        "time": "2009/08/27 22:00:00"
      },
      {
        "y": 258588.329583,
        "time": "2009/08/27 22:15:00"
      },
      {
        "y": 269287.08804,
        "time": "2009/08/27 22:30:00"
      },
      {
        "y": 3232048.284,
        "time": "2009/08/27 22:45:00"
      },
      {
        "y": 269863.37244,
        "time": "2009/08/27 23:00:00"
      },
      {
        "y": 3179006.024403,
        "time": "2009/08/27 23:15:00"
      },
      {
        "y": 269277.83244,
        "time": "2009/08/27 23:30:00"
      },
      {
        "y": 269277.83604,
        "time": "2009/08/27 23:45:00"
      }
    ],
    "cvrmse": 2.886728,
    "nmbe": -0.283136
  },
  {
    "name": " Metered",
    "type": "InteriorEquipment:Electricity",
    "color": "red",
    "units": "J",
    "displayname": "Equipment Consumption",
    "data": [
      {
        "y": 269686.0404,
        "time": "2009/08/27 00:00:00"
      },
      {
        "y": 1497172.104,
        "time": "2009/08/27 00:15:00"
      },
      {
        "y": 4700932.416,
        "time": "2009/08/27 00:30:00"
      },
      {
        "y": 1688218.956,
        "time": "2009/08/27 00:45:00"
      },
      {
        "y": 269774.7048,
        "time": "2009/08/27 01:00:00"
      },
      {
        "y": 3285626.292,
        "time": "2009/08/27 01:15:00"
      },
      {
        "y": 4336926.732,
        "time": "2009/08/27 01:30:00"
      },
      {
        "y": 269957.5524,
        "time": "2009/08/27 01:45:00"
      },
      {
        "y": 270397.1448,
        "time": "2009/08/27 02:00:00"
      },
      {
        "y": 271086.1164,
        "time": "2009/08/27 02:15:00"
      },
      {
        "y": 915688.26,
        "time": "2009/08/27 02:30:00"
      },
      {
        "y": 4724032.356,
        "time": "2009/08/27 02:45:00"
      },
      {
        "y": 2272390.092,
        "time": "2009/08/27 03:00:00"
      },
      {
        "y": 3586214.124,
        "time": "2009/08/27 03:15:00"
      },
      {
        "y": 4042555.092,
        "time": "2009/08/27 03:30:00"
      },
      {
        "y": 270773.9568,
        "time": "2009/08/27 03:45:00"
      },
      {
        "y": 270997.4484,
        "time": "2009/08/27 04:00:00"
      },
      {
        "y": 269998.1964,
        "time": "2009/08/27 04:15:00"
      },
      {
        "y": 271710.4284,
        "time": "2009/08/27 04:30:00"
      },
      {
        "y": 4490763.156,
        "time": "2009/08/27 04:45:00"
      },
      {
        "y": 3155791.752,
        "time": "2009/08/27 05:00:00"
      },
      {
        "y": 2716196.688,
        "time": "2009/08/27 05:15:00"
      },
      {
        "y": 4715242.02,
        "time": "2009/08/27 05:30:00"
      },
      {
        "y": 492940.368,
        "time": "2009/08/27 05:45:00"
      },
      {
        "y": 269357.2524,
        "time": "2009/08/27 06:00:00"
      },
      {
        "y": 618811.2684,
        "time": "2009/08/27 06:15:00"
      },
      {
        "y": 4681154.196,
        "time": "2009/08/27 06:30:00"
      },
      {
        "y": 3183765.66,
        "time": "2009/08/27 06:45:00"
      },
      {
        "y": 269167.0248,
        "time": "2009/08/27 07:00:00"
      },
      {
        "y": 3577780.224,
        "time": "2009/08/27 07:15:00"
      },
      {
        "y": 4669092.504,
        "time": "2009/08/27 07:30:00"
      },
      {
        "y": 4719659.832,
        "time": "2009/08/27 07:45:00"
      },
      {
        "y": 3309060.384,
        "time": "2009/08/27 08:00:00"
      },
      {
        "y": 4712160.42,
        "time": "2009/08/27 08:15:00"
      },
      {
        "y": 5005378.512,
        "time": "2009/08/27 08:30:00"
      },
      {
        "y": 4829178.888,
        "time": "2009/08/27 08:45:00"
      },
      {
        "y": 4710270.996,
        "time": "2009/08/27 09:00:00"
      },
      {
        "y": 4825599.084,
        "time": "2009/08/27 09:15:00"
      },
      {
        "y": 4979368.224,
        "time": "2009/08/27 09:30:00"
      },
      {
        "y": 4710177.504,
        "time": "2009/08/27 09:45:00"
      },
      {
        "y": 4707696.24,
        "time": "2009/08/27 10:00:00"
      },
      {
        "y": 4748972.904,
        "time": "2009/08/27 10:15:00"
      },
      {
        "y": 4976246.34,
        "time": "2009/08/27 10:30:00"
      },
      {
        "y": 4743234.18,
        "time": "2009/08/27 10:45:00"
      },
      {
        "y": 4662578.088,
        "time": "2009/08/27 11:00:00"
      },
      {
        "y": 4909853.52,
        "time": "2009/08/27 11:15:00"
      },
      {
        "y": 4847230.296,
        "time": "2009/08/27 11:30:00"
      },
      {
        "y": 4707407.952,
        "time": "2009/08/27 11:45:00"
      },
      {
        "y": 4597265.232,
        "time": "2009/08/27 12:00:00"
      },
      {
        "y": 4186948.14,
        "time": "2009/08/27 12:15:00"
      },
      {
        "y": 4829605.848,
        "time": "2009/08/27 12:30:00"
      },
      {
        "y": 4776970.392,
        "time": "2009/08/27 12:45:00"
      },
      {
        "y": 2925405.864,
        "time": "2009/08/27 13:00:00"
      },
      {
        "y": 4735574.568,
        "time": "2009/08/27 13:15:00"
      },
      {
        "y": 4936722.84,
        "time": "2009/08/27 13:30:00"
      },
      {
        "y": 4737831.552,
        "time": "2009/08/27 13:45:00"
      },
      {
        "y": 4682916.108,
        "time": "2009/08/27 14:00:00"
      },
      {
        "y": 4881927.24,
        "time": "2009/08/27 14:15:00"
      },
      {
        "y": 4895974.692,
        "time": "2009/08/27 14:30:00"
      },
      {
        "y": 4676769.108,
        "time": "2009/08/27 14:45:00"
      },
      {
        "y": 4675592.16,
        "time": "2009/08/27 15:00:00"
      },
      {
        "y": 4682868.048,
        "time": "2009/08/27 15:15:00"
      },
      {
        "y": 4778892.108,
        "time": "2009/08/27 15:30:00"
      },
      {
        "y": 4957853.616,
        "time": "2009/08/27 15:45:00"
      },
      {
        "y": 4673167.488,
        "time": "2009/08/27 16:00:00"
      },
      {
        "y": 4659096.096,
        "time": "2009/08/27 16:15:00"
      },
      {
        "y": 4931608.104,
        "time": "2009/08/27 16:30:00"
      },
      {
        "y": 4772985.516,
        "time": "2009/08/27 16:45:00"
      },
      {
        "y": 4564055.844,
        "time": "2009/08/27 17:00:00"
      },
      {
        "y": 2697051.672,
        "time": "2009/08/27 17:15:00"
      },
      {
        "y": 4676528.772,
        "time": "2009/08/27 17:30:00"
      },
      {
        "y": 1777512.312,
        "time": "2009/08/27 17:45:00"
      },
      {
        "y": 267877.86444,
        "time": "2009/08/27 18:00:00"
      },
      {
        "y": 354871.476,
        "time": "2009/08/27 18:15:00"
      },
      {
        "y": 1831280.688,
        "time": "2009/08/27 18:30:00"
      },
      {
        "y": 1941966.72,
        "time": "2009/08/27 18:45:00"
      },
      {
        "y": 267866.73684,
        "time": "2009/08/27 19:00:00"
      },
      {
        "y": 3488760.504,
        "time": "2009/08/27 19:15:00"
      },
      {
        "y": 267803.84844,
        "time": "2009/08/27 19:30:00"
      },
      {
        "y": 275175.5328,
        "time": "2009/08/27 19:45:00"
      },
      {
        "y": 308943.792,
        "time": "2009/08/27 20:00:00"
      },
      {
        "y": 314891.3844,
        "time": "2009/08/27 20:15:00"
      },
      {
        "y": 267258.95244,
        "time": "2009/08/27 20:30:00"
      },
      {
        "y": 3299198.508,
        "time": "2009/08/27 20:45:00"
      },
      {
        "y": 459539.676,
        "time": "2009/08/27 21:00:00"
      },
      {
        "y": 269412.65244,
        "time": "2009/08/27 21:15:00"
      },
      {
        "y": 268067.98044,
        "time": "2009/08/27 21:30:00"
      },
      {
        "y": 692945.568,
        "time": "2009/08/27 21:45:00"
      },
      {
        "y": 3120944.688,
        "time": "2009/08/27 22:00:00"
      },
      {
        "y": 268758.82404,
        "time": "2009/08/27 22:15:00"
      },
      {
        "y": 269287.08804,
        "time": "2009/08/27 22:30:00"
      },
      {
        "y": 3232048.284,
        "time": "2009/08/27 22:45:00"
      },
      {
        "y": 269863.37244,
        "time": "2009/08/27 23:00:00"
      },
      {
        "y": 3190971.312,
        "time": "2009/08/27 23:15:00"
      },
      {
        "y": 269277.83244,
        "time": "2009/08/27 23:30:00"
      },
      {
        "y": 269277.83604,
        "time": "2009/08/27 23:45:00"
      }
    ],
    "cvrmse": 2.886728,
    "nmbe": -0.283136
  }
]