[
  {
    "name": " Simulated",
    "type": "Electricity:Facility",
    "color": "blue",
    "units": "J",
    "displayname": "Total Consumption",
    "data": [
      {
        "y": 1586373.486153,
        "time": "2009/08/27 00:00:00"
      },
      {
        "y": 2067724.548,
        "time": "2009/08/27 00:15:00"
      },
      {
        "y": 5271387.912,
        "time": "2009/08/27 00:30:00"
      },
      {
        "y": 2258660.628,
        "time": "2009/08/27 00:45:00"
      },
      {
        "y": 839967.0408,
        "time": "2009/08/27 01:00:00"
      },
      {
        "y": 3855486.168,
        "time": "2009/08/27 01:15:00"
      },
      {
        "y": 4906758.888,
        "time": "2009/08/27 01:30:00"
      },
      {
        "y": 839637.3924,
        "time": "2009/08/27 01:45:00"
      },
      {
        "y": 840118.6008,
        "time": "2009/08/27 02:00:00"
      },
      {
        "y": 841070.8044,
        "time": "2009/08/27 02:15:00"
      },
      {
        "y": 1485589.824,
        "time": "2009/08/27 02:30:00"
      },
      {
        "y": 5294003.184,
        "time": "2009/08/27 02:45:00"
      },
      {
        "y": 2842042.284,
        "time": "2009/08/27 03:00:00"
      },
      {
        "y": 4155492.276,
        "time": "2009/08/27 03:15:00"
      },
      {
        "y": 4611777.84,
        "time": "2009/08/27 03:30:00"
      },
      {
        "y": 839913.6168,
        "time": "2009/08/27 03:45:00"
      },
      {
        "y": 840095.6004,
        "time": "2009/08/27 04:00:00"
      },
      {
        "y": 838999.3644,
        "time": "2009/08/27 04:15:00"
      },
      {
        "y": 840753.1404,
        "time": "2009/08/27 04:30:00"
      },
      {
        "y": 5059985.976,
        "time": "2009/08/27 04:45:00"
      },
      {
        "y": 3724654.392,
        "time": "2009/08/27 05:00:00"
      },
      {
        "y": 3284962.344,
        "time": "2009/08/27 05:15:00"
      },
      {
        "y": 5283869.184,
        "time": "2009/08/27 05:30:00"
      },
      {
        "y": 1061429.004,
        "time": "2009/08/27 05:45:00"
      },
      {
        "y": 837333.2844,
        "time": "2009/08/27 06:00:00"
      },
      {
        "y": 1208133.386454,
        "time": "2009/08/27 06:15:00"
      },
      {
        "y": 5195138.904,
        "time": "2009/08/27 06:30:00"
      },
      {
        "y": 12266985.007838,
        "time": "2009/08/27 06:45:00"
      },
      {
        "y": 7936640.756173,
        "time": "2009/08/27 07:00:00"
      },
      {
        "y": 10596943.972973,
        "time": "2009/08/27 07:15:00"
      },
      {
        "y": 14203597.239361,
        "time": "2009/08/27 07:30:00"
      },
      {
        "y": 13802607.365159,
        "time": "2009/08/27 07:45:00"
      },
      {
        "y": 12828794.893724,
        "time": "2009/08/27 08:00:00"
      },
      {
        "y": 14109551.691426,
        "time": "2009/08/27 08:15:00"
      },
      {
        "y": 14165657.71768,
        "time": "2009/08/27 08:30:00"
      },
      {
        "y": 13551464.986553,
        "time": "2009/08/27 08:45:00"
      },
      {
        "y": 13042696.113871,
        "time": "2009/08/27 09:00:00"
      },
      {
        "y": 13241896.060719,
        "time": "2009/08/27 09:15:00"
      },
      {
        "y": 13524407.353209,
        "time": "2009/08/27 09:30:00"
      },
      {
        "y": 13219159.774574,
        "time": "2009/08/27 09:45:00"
      },
      {
        "y": 13194262.504341,
        "time": "2009/08/27 10:00:00"
      },
      {
        "y": 13255118.431733,
        "time": "2009/08/27 10:15:00"
      },
      {
        "y": 13620128.892559,
        "time": "2009/08/27 10:30:00"
      },
      {
        "y": 13478272.248797,
        "time": "2009/08/27 10:45:00"
      },
      {
        "y": 13545009.125043,
        "time": "2009/08/27 11:00:00"
      },
      {
        "y": 13845481.031193,
        "time": "2009/08/27 11:15:00"
      },
      {
        "y": 13880021.32494,
        "time": "2009/08/27 11:30:00"
      },
      {
        "y": 13822464.16709,
        "time": "2009/08/27 11:45:00"
      },
      {
        "y": 13792039.198175,
        "time": "2009/08/27 12:00:00"
      },
      {
        "y": 13376445.876093,
        "time": "2009/08/27 12:15:00"
      },
      {
        "y": 14184202.981533,
        "time": "2009/08/27 12:30:00"
      },
      {
        "y": 14256963.152247,
        "time": "2009/08/27 12:45:00"
      },
      {
        "y": 12550626.182353,
        "time": "2009/08/27 13:00:00"
      },
      {
        "y": 14586687.127147,
        "time": "2009/08/27 13:15:00"
      },
      {
        "y": 14766661.626192,
        "time": "2009/08/27 13:30:00"
      },
      {
        "y": 14683806.603264,
        "time": "2009/08/27 13:45:00"
      },
      {
        "y": 14710256.750689,
        "time": "2009/08/27 14:00:00"
      },
      {
        "y": 15006630.411886,
        "time": "2009/08/27 14:15:00"
      },
      {
        "y": 15124470.66332,
        "time": "2009/08/27 14:30:00"
      },
      {
        "y": 14982024.910245,
        "time": "2009/08/27 14:45:00"
      },
      {
        "y": 15006590.822012,
        "time": "2009/08/27 15:00:00"
      },
      {
        "y": 15126757.80102,
        "time": "2009/08/27 15:15:00"
      },
      {
        "y": 15384065.036839,
        "time": "2009/08/27 15:30:00"
      },
      {
        "y": 15568403.879127,
        "time": "2009/08/27 15:45:00"
      },
      {
        "y": 15238612.39054,
        "time": "2009/08/27 16:00:00"
      },
      {
        "y": 15309589.975306,
        "time": "2009/08/27 16:15:00"
      },
      {
        "y": 15615950.521035,
        "time": "2009/08/27 16:30:00"
      },
      {
        "y": 15369138.672684,
        "time": "2009/08/27 16:45:00"
      },
      {
        "y": 15193374.043197,
        "time": "2009/08/27 17:00:00"
      },
      {
        "y": 13253400.087797,
        "time": "2009/08/27 17:15:00"
      },
      {
        "y": 15430351.193271,
        "time": "2009/08/27 17:30:00"
      },
      {
        "y": 12542428.80087,
        "time": "2009/08/27 17:45:00"
      },
      {
        "y": 10834695.721239,
        "time": "2009/08/27 18:00:00"
      },
      {
        "y": 10258086.459657,
        "time": "2009/08/27 18:15:00"
      },
      {
        "y": 11347791.610615,
        "time": "2009/08/27 18:30:00"
      },
      {
        "y": 11414183.831627,
        "time": "2009/08/27 18:45:00"
      },
      {
        "y": 9818344.29022,
        "time": "2009/08/27 19:00:00"
      },
      {
        "y": 12923086.149581,
        "time": "2009/08/27 19:15:00"
      },
      {
        "y": 9422490.628067,
        "time": "2009/08/27 19:30:00"
      },
      {
        "y": 9277434.578941,
        "time": "2009/08/27 19:45:00"
      },
      {
        "y": 9168147.518209,
        "time": "2009/08/27 20:00:00"
      },
      {
        "y": 9079002.176193,
        "time": "2009/08/27 20:15:00"
      },
      {
        "y": 8939355.950761,
        "time": "2009/08/27 20:30:00"
      },
      {
        "y": 11782281.312486,
        "time": "2009/08/27 20:45:00"
      },
      {
        "y": 8834086.352306,
        "time": "2009/08/27 21:00:00"
      },
      {
        "y": 8294666.642415,
        "time": "2009/08/27 21:15:00"
      },
      {
        "y": 7548453.980685,
        "time": "2009/08/27 21:30:00"
      },
      {
        "y": 7887554.528877,
        "time": "2009/08/27 21:45:00"
      },
      {
        "y": 3695473.008,
        "time": "2009/08/27 22:00:00"
      },
      {
        "y": 832105.409583,
        "time": "2009/08/27 22:15:00"
      },
      {
        "y": 841654.32804,
        "time": "2009/08/27 22:30:00"
      },
      {
        "y": 3803515.056,
        "time": "2009/08/27 22:45:00"
      },
      {
        "y": 841094.63244,
        "time": "2009/08/27 23:00:00"
      },
      {
        "y": 3749877.140403,
        "time": "2009/08/27 23:15:00"
      },
      {
        "y": 839608.66044,
        "time": "2009/08/27 23:30:00"
      },
      {
        "y": 839456.31204,
        "time": "2009/08/27 23:45:00"
      }
    ],
    "cvrmse": 26.710353,
    "nmbe": 16.438677
  },
  {
    "name": " Metered",
    "type": "Electricity:Facility",
    "color": "red",
    "units": "J",
    "displayname": "Total Consumption",
    "data": [
      {
        "y": 1017887.75604,
        "time": "2009/08/27 00:00:00"
      },
      {
        "y": 2244028.24764,
        "time": "2009/08/27 00:15:00"
      },
      {
        "y": 5448269.304,
        "time": "2009/08/27 00:30:00"
      },
      {
        "y": 2435961.52764,
        "time": "2009/08/27 00:45:00"
      },
      {
        "y": 1016979.11244,
        "time": "2009/08/27 01:00:00"
      },
      {
        "y": 4032494.208,
        "time": "2009/08/27 01:15:00"
      },
      {
        "y": 5083723.368,
        "time": "2009/08/27 01:30:00"
      },
      {
        "y": 1016441.6724,
        "time": "2009/08/27 01:45:00"
      },
      {
        "y": 1017211.7448,
        "time": "2009/08/27 02:00:00"
      },
      {
        "y": 1018332.1404,
        "time": "2009/08/27 02:15:00"
      },
      {
        "y": 1663929.50364,
        "time": "2009/08/27 02:30:00"
      },
      {
        "y": 5471466.228,
        "time": "2009/08/27 02:45:00"
      },
      {
        "y": 3019467.816,
        "time": "2009/08/27 03:00:00"
      },
      {
        "y": 4332624.948,
        "time": "2009/08/27 03:15:00"
      },
      {
        "y": 4788991.584,
        "time": "2009/08/27 03:30:00"
      },
      {
        "y": 1017465.7968,
        "time": "2009/08/27 03:45:00"
      },
      {
        "y": 1018102.85604,
        "time": "2009/08/27 04:00:00"
      },
      {
        "y": 1016426.9124,
        "time": "2009/08/27 04:15:00"
      },
      {
        "y": 1018720.8684,
        "time": "2009/08/27 04:30:00"
      },
      {
        "y": 5238113.832,
        "time": "2009/08/27 04:45:00"
      },
      {
        "y": 3902119.452,
        "time": "2009/08/27 05:00:00"
      },
      {
        "y": 3463050.672,
        "time": "2009/08/27 05:15:00"
      },
      {
        "y": 5461498.44,
        "time": "2009/08/27 05:30:00"
      },
      {
        "y": 1239770.664,
        "time": "2009/08/27 05:45:00"
      },
      {
        "y": 1013678.5284,
        "time": "2009/08/27 06:00:00"
      },
      {
        "y": 1360641.3084,
        "time": "2009/08/27 06:15:00"
      },
      {
        "y": 5370524.46,
        "time": "2009/08/27 06:30:00"
      },
      {
        "y": 5441843.772,
        "time": "2009/08/27 06:45:00"
      },
      {
        "y": 9141456.1608,
        "time": "2009/08/27 07:00:00"
      },
      {
        "y": 12750606.756,
        "time": "2009/08/27 07:15:00"
      },
      {
        "y": 14178604.968,
        "time": "2009/08/27 07:30:00"
      },
      {
        "y": 11442154.86,
        "time": "2009/08/27 07:45:00"
      },
      {
        "y": 13310615.808,
        "time": "2009/08/27 08:00:00"
      },
      {
        "y": 15370659.792,
        "time": "2009/08/27 08:15:00"
      },
      {
        "y": 16649246.556,
        "time": "2009/08/27 08:30:00"
      },
      {
        "y": 16312314.636,
        "time": "2009/08/27 08:45:00"
      },
      {
        "y": 16402164.876,
        "time": "2009/08/27 09:00:00"
      },
      {
        "y": 17758057.464,
        "time": "2009/08/27 09:15:00"
      },
      {
        "y": 17766862.416,
        "time": "2009/08/27 09:30:00"
      },
      {
        "y": 17124905.088,
        "time": "2009/08/27 09:45:00"
      },
      {
        "y": 16384327.884,
        "time": "2009/08/27 10:00:00"
      },
      {
        "y": 17988032.988,
        "time": "2009/08/27 10:15:00"
      },
      {
        "y": 17740362.744,
        "time": "2009/08/27 10:30:00"
      },
      {
        "y": 17253668.988,
        "time": "2009/08/27 10:45:00"
      },
      {
        "y": 16994454.372,
        "time": "2009/08/27 11:00:00"
      },
      {
        "y": 17267751.684,
        "time": "2009/08/27 11:15:00"
      },
      {
        "y": 17105730.984,
        "time": "2009/08/27 11:30:00"
      },
      {
        "y": 16593655.7844,
        "time": "2009/08/27 11:45:00"
      },
      {
        "y": 16329980.16,
        "time": "2009/08/27 12:00:00"
      },
      {
        "y": 15938456.148,
        "time": "2009/08/27 12:15:00"
      },
      {
        "y": 15336151.416,
        "time": "2009/08/27 12:30:00"
      },
      {
        "y": 16339978.116,
        "time": "2009/08/27 12:45:00"
      },
      {
        "y": 13265281.332,
        "time": "2009/08/27 13:00:00"
      },
      {
        "y": 16977533.292,
        "time": "2009/08/27 13:15:00"
      },
      {
        "y": 16657998.516,
        "time": "2009/08/27 13:30:00"
      },
      {
        "y": 17189445.276,
        "time": "2009/08/27 13:45:00"
      },
      {
        "y": 14945546.592,
        "time": "2009/08/27 14:00:00"
      },
      {
        "y": 18558565.92,
        "time": "2009/08/27 14:15:00"
      },
      {
        "y": 15292477.26,
        "time": "2009/08/27 14:30:00"
      },
      {
        "y": 18165349.836,
        "time": "2009/08/27 14:45:00"
      },
      {
        "y": 16096766.58,
        "time": "2009/08/27 15:00:00"
      },
      {
        "y": 17201805.624,
        "time": "2009/08/27 15:15:00"
      },
      {
        "y": 18354630.42,
        "time": "2009/08/27 15:30:00"
      },
      {
        "y": 15275290.896,
        "time": "2009/08/27 15:45:00"
      },
      {
        "y": 19535865.624,
        "time": "2009/08/27 16:00:00"
      },
      {
        "y": 15816072.708,
        "time": "2009/08/27 16:15:00"
      },
      {
        "y": 18608095.26,
        "time": "2009/08/27 16:30:00"
      },
      {
        "y": 17225384.508,
        "time": "2009/08/27 16:45:00"
      },
      {
        "y": 16871381.892,
        "time": "2009/08/27 17:00:00"
      },
      {
        "y": 16434754.956,
        "time": "2009/08/27 17:15:00"
      },
      {
        "y": 15976705.716,
        "time": "2009/08/27 17:30:00"
      },
      {
        "y": 16536474.072,
        "time": "2009/08/27 17:45:00"
      },
      {
        "y": 11408600.7288,
        "time": "2009/08/27 18:00:00"
      },
      {
        "y": 13852410.732,
        "time": "2009/08/27 18:15:00"
      },
      {
        "y": 14619171.708,
        "time": "2009/08/27 18:30:00"
      },
      {
        "y": 12691065.528,
        "time": "2009/08/27 18:45:00"
      },
      {
        "y": 13317936.5052,
        "time": "2009/08/27 19:00:00"
      },
      {
        "y": 15825283.704,
        "time": "2009/08/27 19:15:00"
      },
      {
        "y": 12352005.7848,
        "time": "2009/08/27 19:30:00"
      },
      {
        "y": 13060705.6368,
        "time": "2009/08/27 19:45:00"
      },
      {
        "y": 13937726.124,
        "time": "2009/08/27 20:00:00"
      },
      {
        "y": 14683522.8564,
        "time": "2009/08/27 20:15:00"
      },
      {
        "y": 15566136.5088,
        "time": "2009/08/27 20:30:00"
      },
      {
        "y": 17888106.42,
        "time": "2009/08/27 20:45:00"
      },
      {
        "y": 15767894.448,
        "time": "2009/08/27 21:00:00"
      },
      {
        "y": 15581983.0968,
        "time": "2009/08/27 21:15:00"
      },
      {
        "y": 18366566.8968,
        "time": "2009/08/27 21:30:00"
      },
      {
        "y": 9720909.54,
        "time": "2009/08/27 21:45:00"
      },
      {
        "y": 3873769.128,
        "time": "2009/08/27 22:00:00"
      },
      {
        "y": 1022156.99604,
        "time": "2009/08/27 22:15:00"
      },
      {
        "y": 1020536.20404,
        "time": "2009/08/27 22:30:00"
      },
      {
        "y": 3981063.312,
        "time": "2009/08/27 22:45:00"
      },
      {
        "y": 1018439.12844,
        "time": "2009/08/27 23:00:00"
      },
      {
        "y": 3939349.104,
        "time": "2009/08/27 23:15:00"
      },
      {
        "y": 1016246.80044,
        "time": "2009/08/27 23:30:00"
      },
      {
        "y": 1016593.05204,
        "time": "2009/08/27 23:45:00"
      }
    ],
    "cvrmse": 26.710353,
    "nmbe": 16.438677
  }
]