[
  {
    "name": "ROOFTOP SUPPLY FAN OUTLET Simulated",
    "type": "System Node Temperature",
    "color": "blue",
    "units": "C",
    "displayname": "RTU Exit",
    "data": [
      {
        "y": 12.500293,
        "time": "2009/08/29 06:45:00"
      },
      {
        "y": 12.50034,
        "time": "2009/08/29 07:00:00"
      },
      {
        "y": 12.500684,
        "time": "2009/08/29 07:15:00"
      },
      {
        "y": 12.500241,
        "time": "2009/08/29 07:30:00"
      },
      {
        "y": 12.50034,
        "time": "2009/08/29 07:45:00"
      },
      {
        "y": 12.500195,
        "time": "2009/08/29 08:00:00"
      },
      {
        "y": 12.500329,
        "time": "2009/08/29 08:15:00"
      },
      {
        "y": 12.500078,
        "time": "2009/08/29 08:30:00"
      },
      {
        "y": 12.500075,
        "time": "2009/08/29 08:45:00"
      },
      {
        "y": 12.500067,
        "time": "2009/08/29 09:00:00"
      },
      {
        "y": 12.500054,
        "time": "2009/08/29 09:15:00"
      },
      {
        "y": 12.500046,
        "time": "2009/08/29 09:30:00"
      },
      {
        "y": 12.500043,
        "time": "2009/08/29 09:45:00"
      },
      {
        "y": 12.500051,
        "time": "2009/08/29 10:00:00"
      },
      {
        "y": 12.500043,
        "time": "2009/08/29 10:15:00"
      },
      {
        "y": 12.500056,
        "time": "2009/08/29 10:30:00"
      },
      {
        "y": 12.500067,
        "time": "2009/08/29 10:45:00"
      },
      {
        "y": 12.500066,
        "time": "2009/08/29 11:00:00"
      },
      {
        "y": 12.500076,
        "time": "2009/08/29 11:15:00"
      },
      {
        "y": 12.50007,
        "time": "2009/08/29 11:30:00"
      },
      {
        "y": 12.50003,
        "time": "2009/08/29 11:45:00"
      },
      {
        "y": 12.499987,
        "time": "2009/08/29 12:00:00"
      },
      {
        "y": 12.500008,
        "time": "2009/08/29 12:15:00"
      },
      {
        "y": 12.500042,
        "time": "2009/08/29 12:30:00"
      },
      {
        "y": 12.500031,
        "time": "2009/08/29 12:45:00"
      },
      {
        "y": 12.500048,
        "time": "2009/08/29 13:00:00"
      },
      {
        "y": 12.500018,
        "time": "2009/08/29 13:15:00"
      },
      {
        "y": 12.500002,
        "time": "2009/08/29 13:30:00"
      },
      {
        "y": 12.500044,
        "time": "2009/08/29 13:45:00"
      },
      {
        "y": 12.50004,
        "time": "2009/08/29 14:00:00"
      },
      {
        "y": 12.500027,
        "time": "2009/08/29 14:15:00"
      },
      {
        "y": 12.499995,
        "time": "2009/08/29 14:30:00"
      },
      {
        "y": 12.499985,
        "time": "2009/08/29 14:45:00"
      },
      {
        "y": 12.50001,
        "time": "2009/08/29 15:00:00"
      },
      {
        "y": 12.500006,
        "time": "2009/08/29 15:15:00"
      },
      {
        "y": 12.499962,
        "time": "2009/08/29 15:30:00"
      },
      {
        "y": 12.500389,
        "time": "2009/08/29 15:45:00"
      },
      {
        "y": 12.500013,
        "time": "2009/08/29 16:00:00"
      },
      {
        "y": 12.499993,
        "time": "2009/08/29 16:15:00"
      },
      {
        "y": 12.500028,
        "time": "2009/08/29 16:30:00"
      },
      {
        "y": 12.499994,
        "time": "2009/08/29 16:45:00"
      },
      {
        "y": 12.499954,
        "time": "2009/08/29 17:00:00"
      },
      {
        "y": 12.499958,
        "time": "2009/08/29 17:15:00"
      },
      {
        "y": 12.500007,
        "time": "2009/08/29 17:30:00"
      },
      {
        "y": 12.499984,
        "time": "2009/08/29 17:45:00"
      },
      {
        "y": 12.500006,
        "time": "2009/08/29 18:00:00"
      },
      {
        "y": 12.499982,
        "time": "2009/08/29 18:15:00"
      },
      {
        "y": 12.499975,
        "time": "2009/08/29 18:30:00"
      },
      {
        "y": 12.49997,
        "time": "2009/08/29 18:45:00"
      },
      {
        "y": 12.499959,
        "time": "2009/08/29 19:00:00"
      },
      {
        "y": 12.49997,
        "time": "2009/08/29 19:15:00"
      },
      {
        "y": 12.499981,
        "time": "2009/08/29 19:30:00"
      },
      {
        "y": 12.50003,
        "time": "2009/08/29 19:45:00"
      },
      {
        "y": 12.500011,
        "time": "2009/08/29 20:00:00"
      },
      {
        "y": 12.500016,
        "time": "2009/08/29 20:15:00"
      },
      {
        "y": 12.499999,
        "time": "2009/08/29 20:30:00"
      },
      {
        "y": 12.500007,
        "time": "2009/08/29 20:45:00"
      },
      {
        "y": 12.500024,
        "time": "2009/08/29 21:00:00"
      },
      {
        "y": 12.500022,
        "time": "2009/08/29 21:15:00"
      },
      {
        "y": 12.500023,
        "time": "2009/08/29 21:30:00"
      },
      {
        "y": 12.500019,
        "time": "2009/08/29 21:45:00"
      }
    ],
    "cvrmse": 12.970067,
    "nmbe": 6.553207
  },
  {
    "name": "ROOFTOP SUPPLY FAN OUTLET Metered",
    "type": "System Node Temperature",
    "color": "red",
    "units": "C",
    "displayname": "RTU Exit",
    "data": [
      {
        "y": 18.25146,
        "time": "2009/08/29 06:45:00"
      },
      {
        "y": 21.6684,
        "time": "2009/08/29 07:00:00"
      },
      {
        "y": 13.839996,
        "time": "2009/08/29 07:15:00"
      },
      {
        "y": 11.489808,
        "time": "2009/08/29 07:30:00"
      },
      {
        "y": 11.356464,
        "time": "2009/08/29 07:45:00"
      },
      {
        "y": 12.52878,
        "time": "2009/08/29 08:00:00"
      },
      {
        "y": 14.228916,
        "time": "2009/08/29 08:15:00"
      },
      {
        "y": 13.178832,
        "time": "2009/08/29 08:30:00"
      },
      {
        "y": 13.089936,
        "time": "2009/08/29 08:45:00"
      },
      {
        "y": 13.117716,
        "time": "2009/08/29 09:00:00"
      },
      {
        "y": 14.312256,
        "time": "2009/08/29 09:15:00"
      },
      {
        "y": 12.851028,
        "time": "2009/08/29 09:30:00"
      },
      {
        "y": 12.6399,
        "time": "2009/08/29 09:45:00"
      },
      {
        "y": 12.651012,
        "time": "2009/08/29 10:00:00"
      },
      {
        "y": 12.978816,
        "time": "2009/08/29 10:15:00"
      },
      {
        "y": 13.206612,
        "time": "2009/08/29 10:30:00"
      },
      {
        "y": 13.323288,
        "time": "2009/08/29 10:45:00"
      },
      {
        "y": 13.41774,
        "time": "2009/08/29 11:00:00"
      },
      {
        "y": 14.101128,
        "time": "2009/08/29 11:15:00"
      },
      {
        "y": 13.456632,
        "time": "2009/08/29 11:30:00"
      },
      {
        "y": 14.323368,
        "time": "2009/08/29 11:45:00"
      },
      {
        "y": 12.712128,
        "time": "2009/08/29 12:00:00"
      },
      {
        "y": 13.651092,
        "time": "2009/08/29 12:15:00"
      },
      {
        "y": 14.50116,
        "time": "2009/08/29 12:30:00"
      },
      {
        "y": 14.878968,
        "time": "2009/08/29 12:45:00"
      },
      {
        "y": 13.434408,
        "time": "2009/08/29 13:00:00"
      },
      {
        "y": 12.050964,
        "time": "2009/08/29 13:15:00"
      },
      {
        "y": 14.023344,
        "time": "2009/08/29 13:30:00"
      },
      {
        "y": 13.928892,
        "time": "2009/08/29 13:45:00"
      },
      {
        "y": 13.923336,
        "time": "2009/08/29 14:00:00"
      },
      {
        "y": 13.878888,
        "time": "2009/08/29 14:15:00"
      },
      {
        "y": 14.078904,
        "time": "2009/08/29 14:30:00"
      },
      {
        "y": 13.66776,
        "time": "2009/08/29 14:45:00"
      },
      {
        "y": 14.351148,
        "time": "2009/08/29 15:00:00"
      },
      {
        "y": 14.245584,
        "time": "2009/08/29 15:15:00"
      },
      {
        "y": 12.634344,
        "time": "2009/08/29 15:30:00"
      },
      {
        "y": 12.367656,
        "time": "2009/08/29 15:45:00"
      },
      {
        "y": 12.25098,
        "time": "2009/08/29 16:00:00"
      },
      {
        "y": 14.190024,
        "time": "2009/08/29 16:15:00"
      },
      {
        "y": 14.05668,
        "time": "2009/08/29 16:30:00"
      },
      {
        "y": 12.784356,
        "time": "2009/08/29 16:45:00"
      },
      {
        "y": 12.47322,
        "time": "2009/08/29 17:00:00"
      },
      {
        "y": 12.44544,
        "time": "2009/08/29 17:15:00"
      },
      {
        "y": 14.484492,
        "time": "2009/08/29 17:30:00"
      },
      {
        "y": 13.484412,
        "time": "2009/08/29 17:45:00"
      },
      {
        "y": 12.484332,
        "time": "2009/08/29 18:00:00"
      },
      {
        "y": 12.039852,
        "time": "2009/08/29 18:15:00"
      },
      {
        "y": 12.0843,
        "time": "2009/08/29 18:30:00"
      },
      {
        "y": 13.08438,
        "time": "2009/08/29 18:45:00"
      },
      {
        "y": 12.073188,
        "time": "2009/08/29 19:00:00"
      },
      {
        "y": 12.534336,
        "time": "2009/08/29 19:15:00"
      },
      {
        "y": 12.323208,
        "time": "2009/08/29 19:30:00"
      },
      {
        "y": 13.117716,
        "time": "2009/08/29 19:45:00"
      },
      {
        "y": 12.045408,
        "time": "2009/08/29 20:00:00"
      },
      {
        "y": 13.301064,
        "time": "2009/08/29 20:15:00"
      },
      {
        "y": 13.434408,
        "time": "2009/08/29 20:30:00"
      },
      {
        "y": 13.4733,
        "time": "2009/08/29 20:45:00"
      },
      {
        "y": 12.467664,
        "time": "2009/08/29 21:00:00"
      },
      {
        "y": 11.878728,
        "time": "2009/08/29 21:15:00"
      },
      {
        "y": 12.245424,
        "time": "2009/08/29 21:30:00"
      },
      {
        "y": 12.878808,
        "time": "2009/08/29 21:45:00"
      }
    ],
    "cvrmse": 12.970067,
    "nmbe": 6.553207
  }
]