[
  {
    "name": "Rooftop Cooling Coil Simulated",
    "type": "Cooling Coil Total Cooling Rate",
    "color": "blue",
    "units": "W",
    "displayname": "Cooling Capacity",
    "data": [
      {
        "y": 0.0,
        "time": "2009/09/01 00:00:00"
      },
      {
        "y": 0.0,
        "time": "2009/09/01 00:15:00"
      },
      {
        "y": 0.0,
        "time": "2009/09/01 00:30:00"
      },
      {
        "y": 0.0,
        "time": "2009/09/01 00:45:00"
      },
      {
        "y": 0.0,
        "time": "2009/09/01 01:00:00"
      },
      {
        "y": 0.0,
        "time": "2009/09/01 01:15:00"
      },
      {
        "y": 0.0,
        "time": "2009/09/01 01:30:00"
      },
      {
        "y": 0.0,
        "time": "2009/09/01 01:45:00"
      },
      {
        "y": 0.0,
        "time": "2009/09/01 02:00:00"
      },
      {
        "y": 0.0,
        "time": "2009/09/01 02:15:00"
      },
      {
        "y": 0.0,
        "time": "2009/09/01 02:30:00"
      },
      {
        "y": 0.0,
        "time": "2009/09/01 02:45:00"
      },
      {
        "y": 0.0,
        "time": "2009/09/01 03:00:00"
      },
      {
        "y": 0.0,
        "time": "2009/09/01 03:15:00"
      },
      {
        "y": 0.0,
        "time": "2009/09/01 03:30:00"
      },
      {
        "y": 0.0,
        "time": "2009/09/01 03:45:00"
      },
      {
        "y": 0.0,
        "time": "2009/09/01 04:00:00"
      },
      {
        "y": 0.0,
        "time": "2009/09/01 04:15:00"
      },
      {
        "y": 0.0,
        "time": "2009/09/01 04:30:00"
      },
      {
        "y": 0.0,
        "time": "2009/09/01 04:45:00"
      },
      {
        "y": 0.0,
        "time": "2009/09/01 05:00:00"
      },
      {
        "y": 0.0,
        "time": "2009/09/01 05:15:00"
      },
      {
        "y": 0.0,
        "time": "2009/09/01 05:30:00"
      },
      {
        "y": 0.0,
        "time": "2009/09/01 05:45:00"
      },
      {
        "y": 0.0,
        "time": "2009/09/01 06:00:00"
      },
      {
        "y": 0.0,
        "time": "2009/09/01 06:15:00"
      },
      {
        "y": 0.0,
        "time": "2009/09/01 06:30:00"
      },
      {
        "y": 0.0,
        "time": "2009/09/01 06:45:00"
      },
      {
        "y": 51486.811671,
        "time": "2009/09/01 07:00:00"
      },
      {
        "y": 45766.028511,
        "time": "2009/09/01 07:15:00"
      },
      {
        "y": 40870.64606,
        "time": "2009/09/01 07:30:00"
      },
      {
        "y": 36778.703926,
        "time": "2009/09/01 07:45:00"
      },
      {
        "y": 34200.209995,
        "time": "2009/09/01 08:00:00"
      },
      {
        "y": 33254.792156,
        "time": "2009/09/01 08:15:00"
      },
      {
        "y": 32764.863835,
        "time": "2009/09/01 08:30:00"
      },
      {
        "y": 32336.443086,
        "time": "2009/09/01 08:45:00"
      },
      {
        "y": 31851.180489,
        "time": "2009/09/01 09:00:00"
      },
      {
        "y": 31341.948596,
        "time": "2009/09/01 09:15:00"
      },
      {
        "y": 30986.345184,
        "time": "2009/09/01 09:30:00"
      },
      {
        "y": 30795.164823,
        "time": "2009/09/01 09:45:00"
      },
      {
        "y": 30746.1318,
        "time": "2009/09/01 10:00:00"
      },
      {
        "y": 30749.534889,
        "time": "2009/09/01 10:15:00"
      },
      {
        "y": 30794.494707,
        "time": "2009/09/01 10:30:00"
      },
      {
        "y": 30942.925092,
        "time": "2009/09/01 10:45:00"
      },
      {
        "y": 30982.527335,
        "time": "2009/09/01 11:00:00"
      },
      {
        "y": 31484.086067,
        "time": "2009/09/01 11:15:00"
      },
      {
        "y": 31920.462109,
        "time": "2009/09/01 11:30:00"
      },
      {
        "y": 32184.735716,
        "time": "2009/09/01 11:45:00"
      },
      {
        "y": 32263.581688,
        "time": "2009/09/01 12:00:00"
      },
      {
        "y": 32077.885872,
        "time": "2009/09/01 12:15:00"
      },
      {
        "y": 31957.001291,
        "time": "2009/09/01 12:30:00"
      },
      {
        "y": 31835.252935,
        "time": "2009/09/01 12:45:00"
      },
      {
        "y": 31733.520074,
        "time": "2009/09/01 13:00:00"
      },
      {
        "y": 31590.714533,
        "time": "2009/09/01 13:15:00"
      },
      {
        "y": 31444.850903,
        "time": "2009/09/01 13:30:00"
      },
      {
        "y": 31181.165079,
        "time": "2009/09/01 13:45:00"
      },
      {
        "y": 30878.367857,
        "time": "2009/09/01 14:00:00"
      },
      {
        "y": 30640.572999,
        "time": "2009/09/01 14:15:00"
      },
      {
        "y": 30431.706995,
        "time": "2009/09/01 14:30:00"
      },
      {
        "y": 30432.407544,
        "time": "2009/09/01 14:45:00"
      },
      {
        "y": 30689.227855,
        "time": "2009/09/01 15:00:00"
      },
      {
        "y": 30896.767898,
        "time": "2009/09/01 15:15:00"
      },
      {
        "y": 31063.151816,
        "time": "2009/09/01 15:30:00"
      },
      {
        "y": 31077.264024,
        "time": "2009/09/01 15:45:00"
      },
      {
        "y": 31035.905579,
        "time": "2009/09/01 16:00:00"
      },
      {
        "y": 31052.110037,
        "time": "2009/09/01 16:15:00"
      },
      {
        "y": 31149.611748,
        "time": "2009/09/01 16:30:00"
      },
      {
        "y": 31226.879395,
        "time": "2009/09/01 16:45:00"
      },
      {
        "y": 31287.697934,
        "time": "2009/09/01 17:00:00"
      },
      {
        "y": 31271.386001,
        "time": "2009/09/01 17:15:00"
      },
      {
        "y": 31091.09295,
        "time": "2009/09/01 17:30:00"
      },
      {
        "y": 30936.412188,
        "time": "2009/09/01 17:45:00"
      },
      {
        "y": 30804.845243,
        "time": "2009/09/01 18:00:00"
      },
      {
        "y": 30793.124325,
        "time": "2009/09/01 18:15:00"
      },
      {
        "y": 30762.343693,
        "time": "2009/09/01 18:30:00"
      },
      {
        "y": 30725.227673,
        "time": "2009/09/01 18:45:00"
      },
      {
        "y": 30604.880909,
        "time": "2009/09/01 19:00:00"
      },
      {
        "y": 30427.272602,
        "time": "2009/09/01 19:15:00"
      },
      {
        "y": 30181.332083,
        "time": "2009/09/01 19:30:00"
      },
      {
        "y": 30025.159537,
        "time": "2009/09/01 19:45:00"
      },
      {
        "y": 29901.503091,
        "time": "2009/09/01 20:00:00"
      },
      {
        "y": 29707.600357,
        "time": "2009/09/01 20:15:00"
      },
      {
        "y": 29490.624207,
        "time": "2009/09/01 20:30:00"
      },
      {
        "y": 29268.854004,
        "time": "2009/09/01 20:45:00"
      },
      {
        "y": 29034.089917,
        "time": "2009/09/01 21:00:00"
      },
      {
        "y": 28938.219261,
        "time": "2009/09/01 21:15:00"
      },
      {
        "y": 28741.343408,
        "time": "2009/09/01 21:30:00"
      },
      {
        "y": 0.0,
        "time": "2009/09/01 21:45:00"
      },
      {
        "y": 0.0,
        "time": "2009/09/01 22:00:00"
      },
      {
        "y": 0.0,
        "time": "2009/09/01 22:15:00"
      },
      {
        "y": 0.0,
        "time": "2009/09/01 22:30:00"
      },
      {
        "y": 0.0,
        "time": "2009/09/01 22:45:00"
      },
      {
        "y": 0.0,
        "time": "2009/09/01 23:00:00"
      },
      {
        "y": 0.0,
        "time": "2009/09/01 23:15:00"
      },
      {
        "y": 0.0,
        "time": "2009/09/01 23:30:00"
      },
      {
        "y": 0.0,
        "time": "2009/09/01 23:45:00"
      }
    ],
    "cvrmse": 48.268702,
    "nmbe": -26.83394
  },
  {
    "name": "Rooftop Cooling Coil Metered",
    "type": "Cooling Coil Total Cooling Rate",
    "color": "red",
    "units": "W",
    "displayname": "Cooling Capacity",
    "data": [
      {
        "y": 0.0,
        "time": "2009/09/01 00:00:00"
      },
      {
        "y": 0.0,
        "time": "2009/09/01 00:15:00"
      },
      {
        "y": 0.0,
        "time": "2009/09/01 00:30:00"
      },
      {
        "y": 0.0,
        "time": "2009/09/01 00:45:00"
      },
      {
        "y": 0.0,
        "time": "2009/09/01 01:00:00"
      },
      {
        "y": 0.0,
        "time": "2009/09/01 01:15:00"
      },
      {
        "y": 0.0,
        "time": "2009/09/01 01:30:00"
      },
      {
        "y": 0.0,
        "time": "2009/09/01 01:45:00"
      },
      {
        "y": 0.0,
        "time": "2009/09/01 02:00:00"
      },
      {
        "y": 0.0,
        "time": "2009/09/01 02:15:00"
      },
      {
        "y": 0.0,
        "time": "2009/09/01 02:30:00"
      },
      {
        "y": 0.0,
        "time": "2009/09/01 02:45:00"
      },
      {
        "y": 0.0,
        "time": "2009/09/01 03:00:00"
      },
      {
        "y": 0.0,
        "time": "2009/09/01 03:15:00"
      },
      {
        "y": 0.0,
        "time": "2009/09/01 03:30:00"
      },
      {
        "y": 0.0,
        "time": "2009/09/01 03:45:00"
      },
      {
        "y": 0.0,
        "time": "2009/09/01 04:00:00"
      },
      {
        "y": 0.0,
        "time": "2009/09/01 04:15:00"
      },
      {
        "y": 0.0,
        "time": "2009/09/01 04:30:00"
      },
      {
        "y": 0.0,
        "time": "2009/09/01 04:45:00"
      },
      {
        "y": 0.0,
        "time": "2009/09/01 05:00:00"
      },
      {
        "y": 0.0,
        "time": "2009/09/01 05:15:00"
      },
      {
        "y": 0.0,
        "time": "2009/09/01 05:30:00"
      },
      {
        "y": 0.0,
        "time": "2009/09/01 05:45:00"
      },
      {
        "y": 0.0,
        "time": "2009/09/01 06:00:00"
      },
      {
        "y": 0.0,
        "time": "2009/09/01 06:15:00"
      },
      {
        "y": 0.0,
        "time": "2009/09/01 06:30:00"
      },
      {
        "y": 14331.11806,
        "time": "2009/09/01 06:45:00"
      },
      {
        "y": 25147.42891,
        "time": "2009/09/01 07:00:00"
      },
      {
        "y": 22360.07281,
        "time": "2009/09/01 07:15:00"
      },
      {
        "y": 35822.88426,
        "time": "2009/09/01 07:30:00"
      },
      {
        "y": 31606.73958,
        "time": "2009/09/01 07:45:00"
      },
      {
        "y": 23944.17621,
        "time": "2009/09/01 08:00:00"
      },
      {
        "y": 23157.74167,
        "time": "2009/09/01 08:15:00"
      },
      {
        "y": 22908.85502,
        "time": "2009/09/01 08:30:00"
      },
      {
        "y": 24775.01637,
        "time": "2009/09/01 08:45:00"
      },
      {
        "y": 19370.99456,
        "time": "2009/09/01 09:00:00"
      },
      {
        "y": 24477.47949,
        "time": "2009/09/01 09:15:00"
      },
      {
        "y": 24348.11837,
        "time": "2009/09/01 09:30:00"
      },
      {
        "y": 24183.64531,
        "time": "2009/09/01 09:45:00"
      },
      {
        "y": 24064.32542,
        "time": "2009/09/01 10:00:00"
      },
      {
        "y": 27481.73873,
        "time": "2009/09/01 10:15:00"
      },
      {
        "y": 18361.84443,
        "time": "2009/09/01 10:30:00"
      },
      {
        "y": 27153.70001,
        "time": "2009/09/01 10:45:00"
      },
      {
        "y": 21991.59984,
        "time": "2009/09/01 11:00:00"
      },
      {
        "y": 24288.45103,
        "time": "2009/09/01 11:15:00"
      },
      {
        "y": 26070.58822,
        "time": "2009/09/01 11:30:00"
      },
      {
        "y": 28658.58197,
        "time": "2009/09/01 11:45:00"
      },
      {
        "y": 20623.38232,
        "time": "2009/09/01 12:00:00"
      },
      {
        "y": 26901.8257,
        "time": "2009/09/01 12:15:00"
      },
      {
        "y": 20843.48475,
        "time": "2009/09/01 12:30:00"
      },
      {
        "y": 28506.60518,
        "time": "2009/09/01 12:45:00"
      },
      {
        "y": 27000.83305,
        "time": "2009/09/01 13:00:00"
      },
      {
        "y": 29383.95608,
        "time": "2009/09/01 13:15:00"
      },
      {
        "y": 23873.16116,
        "time": "2009/09/01 13:30:00"
      },
      {
        "y": 23644.15206,
        "time": "2009/09/01 13:45:00"
      },
      {
        "y": 24194.40584,
        "time": "2009/09/01 14:00:00"
      },
      {
        "y": 24203.94912,
        "time": "2009/09/01 14:15:00"
      },
      {
        "y": 24083.48149,
        "time": "2009/09/01 14:30:00"
      },
      {
        "y": 24071.61444,
        "time": "2009/09/01 14:45:00"
      },
      {
        "y": 22654.03778,
        "time": "2009/09/01 15:00:00"
      },
      {
        "y": 28312.56793,
        "time": "2009/09/01 15:15:00"
      },
      {
        "y": 27345.64942,
        "time": "2009/09/01 15:30:00"
      },
      {
        "y": 29081.71961,
        "time": "2009/09/01 15:45:00"
      },
      {
        "y": 22355.15988,
        "time": "2009/09/01 16:00:00"
      },
      {
        "y": 24463.50901,
        "time": "2009/09/01 16:15:00"
      },
      {
        "y": 21790.82505,
        "time": "2009/09/01 16:30:00"
      },
      {
        "y": 25293.12805,
        "time": "2009/09/01 16:45:00"
      },
      {
        "y": 27529.80069,
        "time": "2009/09/01 17:00:00"
      },
      {
        "y": 27328.99586,
        "time": "2009/09/01 17:15:00"
      },
      {
        "y": 24089.73948,
        "time": "2009/09/01 17:30:00"
      },
      {
        "y": 24317.63588,
        "time": "2009/09/01 17:45:00"
      },
      {
        "y": 24320.82515,
        "time": "2009/09/01 18:00:00"
      },
      {
        "y": 19143.60308,
        "time": "2009/09/01 18:15:00"
      },
      {
        "y": 24372.03179,
        "time": "2009/09/01 18:30:00"
      },
      {
        "y": 27822.91471,
        "time": "2009/09/01 18:45:00"
      },
      {
        "y": 19352.27797,
        "time": "2009/09/01 19:00:00"
      },
      {
        "y": 19361.6903,
        "time": "2009/09/01 19:15:00"
      },
      {
        "y": 24532.3889,
        "time": "2009/09/01 19:30:00"
      },
      {
        "y": 24527.44307,
        "time": "2009/09/01 19:45:00"
      },
      {
        "y": 24456.70042,
        "time": "2009/09/01 20:00:00"
      },
      {
        "y": 22640.71025,
        "time": "2009/09/01 20:15:00"
      },
      {
        "y": 25010.88556,
        "time": "2009/09/01 20:30:00"
      },
      {
        "y": 20026.49001,
        "time": "2009/09/01 20:45:00"
      },
      {
        "y": 24683.92247,
        "time": "2009/09/01 21:00:00"
      },
      {
        "y": 20249.71094,
        "time": "2009/09/01 21:15:00"
      },
      {
        "y": 17947.93744,
        "time": "2009/09/01 21:30:00"
      },
      {
        "y": 28105.75426,
        "time": "2009/09/01 21:45:00"
      },
      {
        "y": 0.0,
        "time": "2009/09/01 22:00:00"
      },
      {
        "y": 0.0,
        "time": "2009/09/01 22:15:00"
      },
      {
        "y": 0.0,
        "time": "2009/09/01 22:30:00"
      },
      {
        "y": 0.0,
        "time": "2009/09/01 22:45:00"
      },
      {
        "y": 0.0,
        "time": "2009/09/01 23:00:00"
      },
      {
        "y": 0.0,
        "time": "2009/09/01 23:15:00"
      },
      {
        "y": 0.0,
        "time": "2009/09/01 23:30:00"
      },
      {
        "y": 0.0,
        "time": "2009/09/01 23:45:00"
      }
    ],
    "cvrmse": 48.268702,
    "nmbe": -26.83394
  }
]