[
  {
    "name": "ROOFTOP SUPPLY FAN OUTLET Simulated",
    "type": "System Node Temperature",
    "color": "blue",
    "units": "C",
    "displayname": "RTU Exit",
    "data": [
      {
        "y": 23.337934,
        "time": "2009/08/27 06:45:00"
      },
      {
        "y": 12.499489,
        "time": "2009/08/27 07:00:00"
      },
      {
        "y": 12.499969,
        "time": "2009/08/27 07:15:00"
      },
      {
        "y": 12.500447,
        "time": "2009/08/27 07:30:00"
      },
      {
        "y": 12.500341,
        "time": "2009/08/27 07:45:00"
      },
      {
        "y": 12.500072,
        "time": "2009/08/27 08:00:00"
      },
      {
        "y": 12.49992,
        "time": "2009/08/27 08:15:00"
      },
      {
        "y": 12.500146,
        "time": "2009/08/27 08:30:00"
      },
      {
        "y": 12.500021,
        "time": "2009/08/27 08:45:00"
      },
      {
        "y": 12.500013,
        "time": "2009/08/27 09:00:00"
      },
      {
        "y": 12.500002,
        "time": "2009/08/27 09:15:00"
      },
      {
        "y": 12.500096,
        "time": "2009/08/27 09:30:00"
      },
      {
        "y": 12.500607,
        "time": "2009/08/27 09:45:00"
      },
      {
        "y": 12.499983,
        "time": "2009/08/27 10:00:00"
      },
      {
        "y": 12.499977,
        "time": "2009/08/27 10:15:00"
      },
      {
        "y": 12.499978,
        "time": "2009/08/27 10:30:00"
      },
      {
        "y": 12.499961,
        "time": "2009/08/27 10:45:00"
      },
      {
        "y": 12.49993,
        "time": "2009/08/27 11:00:00"
      },
      {
        "y": 12.499948,
        "time": "2009/08/27 11:15:00"
      },
      {
        "y": 12.499919,
        "time": "2009/08/27 11:30:00"
      },
      {
        "y": 12.499901,
        "time": "2009/08/27 11:45:00"
      },
      {
        "y": 12.499908,
        "time": "2009/08/27 12:00:00"
      },
      {
        "y": 12.499895,
        "time": "2009/08/27 12:15:00"
      },
      {
        "y": 12.49988,
        "time": "2009/08/27 12:30:00"
      },
      {
        "y": 12.499876,
        "time": "2009/08/27 12:45:00"
      },
      {
        "y": 12.499884,
        "time": "2009/08/27 13:00:00"
      },
      {
        "y": 12.499892,
        "time": "2009/08/27 13:15:00"
      },
      {
        "y": 12.499914,
        "time": "2009/08/27 13:30:00"
      },
      {
        "y": 12.499891,
        "time": "2009/08/27 13:45:00"
      },
      {
        "y": 12.499913,
        "time": "2009/08/27 14:00:00"
      },
      {
        "y": 12.499918,
        "time": "2009/08/27 14:15:00"
      },
      {
        "y": 12.499924,
        "time": "2009/08/27 14:30:00"
      },
      {
        "y": 12.499937,
        "time": "2009/08/27 14:45:00"
      },
      {
        "y": 12.499986,
        "time": "2009/08/27 15:00:00"
      },
      {
        "y": 12.499984,
        "time": "2009/08/27 15:15:00"
      },
      {
        "y": 12.499977,
        "time": "2009/08/27 15:30:00"
      },
      {
        "y": 12.500032,
        "time": "2009/08/27 15:45:00"
      },
      {
        "y": 12.500038,
        "time": "2009/08/27 16:00:00"
      },
      {
        "y": 12.499983,
        "time": "2009/08/27 16:15:00"
      },
      {
        "y": 12.499997,
        "time": "2009/08/27 16:30:00"
      },
      {
        "y": 12.500036,
        "time": "2009/08/27 16:45:00"
      },
      {
        "y": 12.500003,
        "time": "2009/08/27 17:00:00"
      },
      {
        "y": 12.499981,
        "time": "2009/08/27 17:15:00"
      },
      {
        "y": 12.49998,
        "time": "2009/08/27 17:30:00"
      },
      {
        "y": 12.499999,
        "time": "2009/08/27 17:45:00"
      },
      {
        "y": 12.499963,
        "time": "2009/08/27 18:00:00"
      },
      {
        "y": 12.499938,
        "time": "2009/08/27 18:15:00"
      },
      {
        "y": 12.499951,
        "time": "2009/08/27 18:30:00"
      },
      {
        "y": 12.499893,
        "time": "2009/08/27 18:45:00"
      },
      {
        "y": 12.499943,
        "time": "2009/08/27 19:00:00"
      },
      {
        "y": 12.499945,
        "time": "2009/08/27 19:15:00"
      },
      {
        "y": 12.499938,
        "time": "2009/08/27 19:30:00"
      },
      {
        "y": 12.499925,
        "time": "2009/08/27 19:45:00"
      },
      {
        "y": 12.499932,
        "time": "2009/08/27 20:00:00"
      },
      {
        "y": 12.499921,
        "time": "2009/08/27 20:15:00"
      },
      {
        "y": 12.499923,
        "time": "2009/08/27 20:30:00"
      },
      {
        "y": 12.499939,
        "time": "2009/08/27 20:45:00"
      },
      {
        "y": 12.499952,
        "time": "2009/08/27 21:00:00"
      },
      {
        "y": 12.499966,
        "time": "2009/08/27 21:15:00"
      },
      {
        "y": 12.499975,
        "time": "2009/08/27 21:30:00"
      },
      {
        "y": 22.048926,
        "time": "2009/08/27 21:45:00"
      }
    ],
    "cvrmse": 11.781443,
    "nmbe": 3.786773
  },
  {
    "name": "ROOFTOP SUPPLY FAN OUTLET Metered",
    "type": "System Node Temperature",
    "color": "red",
    "units": "C",
    "displayname": "RTU Exit",
    "data": [
      {
        "y": 18.607044,
        "time": "2009/08/27 06:45:00"
      },
      {
        "y": 15.490128,
        "time": "2009/08/27 07:00:00"
      },
      {
        "y": 11.856504,
        "time": "2009/08/27 07:15:00"
      },
      {
        "y": 11.234232,
        "time": "2009/08/27 07:30:00"
      },
      {
        "y": 14.428932,
        "time": "2009/08/27 07:45:00"
      },
      {
        "y": 12.345432,
        "time": "2009/08/27 08:00:00"
      },
      {
        "y": 12.956592,
        "time": "2009/08/27 08:15:00"
      },
      {
        "y": 12.623232,
        "time": "2009/08/27 08:30:00"
      },
      {
        "y": 13.378848,
        "time": "2009/08/27 08:45:00"
      },
      {
        "y": 12.623232,
        "time": "2009/08/27 09:00:00"
      },
      {
        "y": 12.0843,
        "time": "2009/08/27 09:15:00"
      },
      {
        "y": 12.773244,
        "time": "2009/08/27 09:30:00"
      },
      {
        "y": 12.928812,
        "time": "2009/08/27 09:45:00"
      },
      {
        "y": 13.567752,
        "time": "2009/08/27 10:00:00"
      },
      {
        "y": 12.295428,
        "time": "2009/08/27 10:15:00"
      },
      {
        "y": 12.61212,
        "time": "2009/08/27 10:30:00"
      },
      {
        "y": 12.812136,
        "time": "2009/08/27 10:45:00"
      },
      {
        "y": 12.906588,
        "time": "2009/08/27 11:00:00"
      },
      {
        "y": 13.045488,
        "time": "2009/08/27 11:15:00"
      },
      {
        "y": 13.289952,
        "time": "2009/08/27 11:30:00"
      },
      {
        "y": 13.423296,
        "time": "2009/08/27 11:45:00"
      },
      {
        "y": 13.589976,
        "time": "2009/08/27 12:00:00"
      },
      {
        "y": 13.784436,
        "time": "2009/08/27 12:15:00"
      },
      {
        "y": 14.19558,
        "time": "2009/08/27 12:30:00"
      },
      {
        "y": 13.923336,
        "time": "2009/08/27 12:45:00"
      },
      {
        "y": 14.7234,
        "time": "2009/08/27 13:00:00"
      },
      {
        "y": 13.701096,
        "time": "2009/08/27 13:15:00"
      },
      {
        "y": 14.33448,
        "time": "2009/08/27 13:30:00"
      },
      {
        "y": 13.206612,
        "time": "2009/08/27 13:45:00"
      },
      {
        "y": 14.690064,
        "time": "2009/08/27 14:00:00"
      },
      {
        "y": 13.00104,
        "time": "2009/08/27 14:15:00"
      },
      {
        "y": 14.734512,
        "time": "2009/08/27 14:30:00"
      },
      {
        "y": 13.08438,
        "time": "2009/08/27 14:45:00"
      },
      {
        "y": 14.39004,
        "time": "2009/08/27 15:00:00"
      },
      {
        "y": 13.489968,
        "time": "2009/08/27 15:15:00"
      },
      {
        "y": 13.44552,
        "time": "2009/08/27 15:30:00"
      },
      {
        "y": 14.728956,
        "time": "2009/08/27 15:45:00"
      },
      {
        "y": 12.689904,
        "time": "2009/08/27 16:00:00"
      },
      {
        "y": 14.423376,
        "time": "2009/08/27 16:15:00"
      },
      {
        "y": 12.80658,
        "time": "2009/08/27 16:30:00"
      },
      {
        "y": 13.89,
        "time": "2009/08/27 16:45:00"
      },
      {
        "y": 13.262172,
        "time": "2009/08/27 17:00:00"
      },
      {
        "y": 13.239948,
        "time": "2009/08/27 17:15:00"
      },
      {
        "y": 13.728876,
        "time": "2009/08/27 17:30:00"
      },
      {
        "y": 12.706572,
        "time": "2009/08/27 17:45:00"
      },
      {
        "y": 14.134464,
        "time": "2009/08/27 18:00:00"
      },
      {
        "y": 12.200976,
        "time": "2009/08/27 18:15:00"
      },
      {
        "y": 12.867696,
        "time": "2009/08/27 18:30:00"
      },
      {
        "y": 13.356624,
        "time": "2009/08/27 18:45:00"
      },
      {
        "y": 12.845472,
        "time": "2009/08/27 19:00:00"
      },
      {
        "y": 12.567672,
        "time": "2009/08/27 19:15:00"
      },
      {
        "y": 12.967704,
        "time": "2009/08/27 19:30:00"
      },
      {
        "y": 12.901032,
        "time": "2009/08/27 19:45:00"
      },
      {
        "y": 12.80658,
        "time": "2009/08/27 20:00:00"
      },
      {
        "y": 12.728796,
        "time": "2009/08/27 20:15:00"
      },
      {
        "y": 12.72324,
        "time": "2009/08/27 20:30:00"
      },
      {
        "y": 13.02882,
        "time": "2009/08/27 20:45:00"
      },
      {
        "y": 12.38988,
        "time": "2009/08/27 21:00:00"
      },
      {
        "y": 12.978816,
        "time": "2009/08/27 21:15:00"
      },
      {
        "y": 11.578704,
        "time": "2009/08/27 21:30:00"
      },
      {
        "y": 14.567832,
        "time": "2009/08/27 21:45:00"
      }
    ],
    "cvrmse": 11.781443,
    "nmbe": 3.786773
  }
]