[
  {
    "name": "Environment Simulated",
    "type": "Site Outdoor Air Drybulb Temperature",
    "color": "blue",
    "units": "C",
    "displayname": "Outdoor Air Temperature",
    "data": [
      {
        "y": 16.7,
        "time": "2009/09/02 00:00:00"
      },
      {
        "y": 16.6,
        "time": "2009/09/02 00:15:00"
      },
      {
        "y": 16.6,
        "time": "2009/09/02 00:30:00"
      },
      {
        "y": 16.5,
        "time": "2009/09/02 00:45:00"
      },
      {
        "y": 16.5,
        "time": "2009/09/02 01:00:00"
      },
      {
        "y": 16.5,
        "time": "2009/09/02 01:15:00"
      },
      {
        "y": 16.5,
        "time": "2009/09/02 01:30:00"
      },
      {
        "y": 16.4,
        "time": "2009/09/02 01:45:00"
      },
      {
        "y": 16.3,
        "time": "2009/09/02 02:00:00"
      },
      {
        "y": 16.2,
        "time": "2009/09/02 02:15:00"
      },
      {
        "y": 16.2,
        "time": "2009/09/02 02:30:00"
      },
      {
        "y": 16.4,
        "time": "2009/09/02 02:45:00"
      },
      {
        "y": 16.3,
        "time": "2009/09/02 03:00:00"
      },
      {
        "y": 16.2,
        "time": "2009/09/02 03:15:00"
      },
      {
        "y": 16.3,
        "time": "2009/09/02 03:30:00"
      },
      {
        "y": 16.3,
        "time": "2009/09/02 03:45:00"
      },
      {
        "y": 16.2,
        "time": "2009/09/02 04:00:00"
      },
      {
        "y": 15.8,
        "time": "2009/09/02 04:15:00"
      },
      {
        "y": 15.5,
        "time": "2009/09/02 04:30:00"
      },
      {
        "y": 15.4,
        "time": "2009/09/02 04:45:00"
      },
      {
        "y": 15.3,
        "time": "2009/09/02 05:00:00"
      },
      {
        "y": 15.0,
        "time": "2009/09/02 05:15:00"
      },
      {
        "y": 14.8,
        "time": "2009/09/02 05:30:00"
      },
      {
        "y": 14.7,
        "time": "2009/09/02 05:45:00"
      },
      {
        "y": 14.7,
        "time": "2009/09/02 06:00:00"
      },
      {
        "y": 14.8,
        "time": "2009/09/02 06:15:00"
      },
      {
        "y": 14.7,
        "time": "2009/09/02 06:30:00"
      },
      {
        "y": 14.7,
        "time": "2009/09/02 06:45:00"
      },
      {
        "y": 14.8,
        "time": "2009/09/02 07:00:00"
      },
      {
        "y": 14.8,
        "time": "2009/09/02 07:15:00"
      },
      {
        "y": 14.7,
        "time": "2009/09/02 07:30:00"
      },
      {
        "y": 14.8,
        "time": "2009/09/02 07:45:00"
      },
      {
        "y": 14.8,
        "time": "2009/09/02 08:00:00"
      },
      {
        "y": 14.9,
        "time": "2009/09/02 08:15:00"
      },
      {
        "y": 14.9,
        "time": "2009/09/02 08:30:00"
      },
      {
        "y": 14.8,
        "time": "2009/09/02 08:45:00"
      },
      {
        "y": 15.1,
        "time": "2009/09/02 09:00:00"
      },
      {
        "y": 15.3,
        "time": "2009/09/02 09:15:00"
      },
      {
        "y": 15.2,
        "time": "2009/09/02 09:30:00"
      },
      {
        "y": 15.3,
        "time": "2009/09/02 09:45:00"
      },
      {
        "y": 15.4,
        "time": "2009/09/02 10:00:00"
      },
      {
        "y": 15.5,
        "time": "2009/09/02 10:15:00"
      },
      {
        "y": 15.8,
        "time": "2009/09/02 10:30:00"
      },
      {
        "y": 16.1,
        "time": "2009/09/02 10:45:00"
      },
      {
        "y": 16.1,
        "time": "2009/09/02 11:00:00"
      },
      {
        "y": 16.0,
        "time": "2009/09/02 11:15:00"
      },
      {
        "y": 16.1,
        "time": "2009/09/02 11:30:00"
      },
      {
        "y": 16.2,
        "time": "2009/09/02 11:45:00"
      },
      {
        "y": 16.4,
        "time": "2009/09/02 12:00:00"
      },
      {
        "y": 16.5,
        "time": "2009/09/02 12:15:00"
      },
      {
        "y": 16.5,
        "time": "2009/09/02 12:30:00"
      },
      {
        "y": 16.5,
        "time": "2009/09/02 12:45:00"
      },
      {
        "y": 16.4,
        "time": "2009/09/02 13:00:00"
      },
      {
        "y": 16.5,
        "time": "2009/09/02 13:15:00"
      },
      {
        "y": 16.4,
        "time": "2009/09/02 13:30:00"
      },
      {
        "y": 16.5,
        "time": "2009/09/02 13:45:00"
      },
      {
        "y": 16.6,
        "time": "2009/09/02 14:00:00"
      },
      {
        "y": 16.7,
        "time": "2009/09/02 14:15:00"
      },
      {
        "y": 16.7,
        "time": "2009/09/02 14:30:00"
      },
      {
        "y": 16.6,
        "time": "2009/09/02 14:45:00"
      },
      {
        "y": 16.8,
        "time": "2009/09/02 15:00:00"
      },
      {
        "y": 16.9,
        "time": "2009/09/02 15:15:00"
      },
      {
        "y": 17.1,
        "time": "2009/09/02 15:30:00"
      },
      {
        "y": 17.1,
        "time": "2009/09/02 15:45:00"
      },
      {
        "y": 17.2,
        "time": "2009/09/02 16:00:00"
      },
      {
        "y": 17.4,
        "time": "2009/09/02 16:15:00"
      },
      {
        "y": 18.0,
        "time": "2009/09/02 16:30:00"
      },
      {
        "y": 18.6,
        "time": "2009/09/02 16:45:00"
      },
      {
        "y": 18.9,
        "time": "2009/09/02 17:00:00"
      },
      {
        "y": 19.1,
        "time": "2009/09/02 17:15:00"
      },
      {
        "y": 19.3,
        "time": "2009/09/02 17:30:00"
      },
      {
        "y": 19.0,
        "time": "2009/09/02 17:45:00"
      },
      {
        "y": 19.0,
        "time": "2009/09/02 18:00:00"
      },
      {
        "y": 19.0,
        "time": "2009/09/02 18:15:00"
      },
      {
        "y": 19.8,
        "time": "2009/09/02 18:30:00"
      },
      {
        "y": 20.3,
        "time": "2009/09/02 18:45:00"
      },
      {
        "y": 19.2,
        "time": "2009/09/02 19:00:00"
      },
      {
        "y": 19.0,
        "time": "2009/09/02 19:15:00"
      },
      {
        "y": 19.0,
        "time": "2009/09/02 19:30:00"
      },
      {
        "y": 18.8,
        "time": "2009/09/02 19:45:00"
      },
      {
        "y": 18.0,
        "time": "2009/09/02 20:00:00"
      },
      {
        "y": 17.4,
        "time": "2009/09/02 20:15:00"
      },
      {
        "y": 17.0,
        "time": "2009/09/02 20:30:00"
      },
      {
        "y": 16.9,
        "time": "2009/09/02 20:45:00"
      },
      {
        "y": 16.9,
        "time": "2009/09/02 21:00:00"
      },
      {
        "y": 16.8,
        "time": "2009/09/02 21:15:00"
      },
      {
        "y": 16.6,
        "time": "2009/09/02 21:30:00"
      },
      {
        "y": 16.4,
        "time": "2009/09/02 21:45:00"
      },
      {
        "y": 16.1,
        "time": "2009/09/02 22:00:00"
      },
      {
        "y": 15.8,
        "time": "2009/09/02 22:15:00"
      },
      {
        "y": 15.6,
        "time": "2009/09/02 22:30:00"
      },
      {
        "y": 15.4,
        "time": "2009/09/02 22:45:00"
      },
      {
        "y": 15.4,
        "time": "2009/09/02 23:00:00"
      },
      {
        "y": 15.2,
        "time": "2009/09/02 23:15:00"
      },
      {
        "y": 15.3,
        "time": "2009/09/02 23:30:00"
      },
      {
        "y": 15.0,
        "time": "2009/09/02 23:45:00"
      }
    ],
    "cvrmse": 0.19923,
    "nmbe": 0.021724
  },
  {
    "name": "Environment Metered",
    "type": "Site Outdoor Air Drybulb Temperature",
    "color": "red",
    "units": "C",
    "displayname": "Outdoor Air Temperature",
    "data": [
      {
        "y": 16.651332,
        "time": "2009/09/02 00:00:00"
      },
      {
        "y": 16.623552,
        "time": "2009/09/02 00:15:00"
      },
      {
        "y": 16.567992,
        "time": "2009/09/02 00:30:00"
      },
      {
        "y": 16.534656,
        "time": "2009/09/02 00:45:00"
      },
      {
        "y": 16.50132,
        "time": "2009/09/02 01:00:00"
      },
      {
        "y": 16.456872,
        "time": "2009/09/02 01:15:00"
      },
      {
        "y": 16.484652,
        "time": "2009/09/02 01:30:00"
      },
      {
        "y": 16.41798,
        "time": "2009/09/02 01:45:00"
      },
      {
        "y": 16.323528,
        "time": "2009/09/02 02:00:00"
      },
      {
        "y": 16.217964,
        "time": "2009/09/02 02:15:00"
      },
      {
        "y": 16.22352,
        "time": "2009/09/02 02:30:00"
      },
      {
        "y": 16.41798,
        "time": "2009/09/02 02:45:00"
      },
      {
        "y": 16.329084,
        "time": "2009/09/02 03:00:00"
      },
      {
        "y": 16.2513,
        "time": "2009/09/02 03:15:00"
      },
      {
        "y": 16.262412,
        "time": "2009/09/02 03:30:00"
      },
      {
        "y": 16.267968,
        "time": "2009/09/02 03:45:00"
      },
      {
        "y": 16.162404,
        "time": "2009/09/02 04:00:00"
      },
      {
        "y": 15.767928,
        "time": "2009/09/02 04:15:00"
      },
      {
        "y": 15.517908,
        "time": "2009/09/02 04:30:00"
      },
      {
        "y": 15.434568,
        "time": "2009/09/02 04:45:00"
      },
      {
        "y": 15.284556,
        "time": "2009/09/02 05:00:00"
      },
      {
        "y": 14.990088,
        "time": "2009/09/02 05:15:00"
      },
      {
        "y": 14.77896,
        "time": "2009/09/02 05:30:00"
      },
      {
        "y": 14.706732,
        "time": "2009/09/02 05:45:00"
      },
      {
        "y": 14.684508,
        "time": "2009/09/02 06:00:00"
      },
      {
        "y": 14.77896,
        "time": "2009/09/02 06:15:00"
      },
      {
        "y": 14.728956,
        "time": "2009/09/02 06:30:00"
      },
      {
        "y": 14.656728,
        "time": "2009/09/02 06:45:00"
      },
      {
        "y": 14.75118,
        "time": "2009/09/02 07:00:00"
      },
      {
        "y": 14.773404,
        "time": "2009/09/02 07:15:00"
      },
      {
        "y": 14.734512,
        "time": "2009/09/02 07:30:00"
      },
      {
        "y": 14.795628,
        "time": "2009/09/02 07:45:00"
      },
      {
        "y": 14.823408,
        "time": "2009/09/02 08:00:00"
      },
      {
        "y": 14.851188,
        "time": "2009/09/02 08:15:00"
      },
      {
        "y": 14.8623,
        "time": "2009/09/02 08:30:00"
      },
      {
        "y": 14.840076,
        "time": "2009/09/02 08:45:00"
      },
      {
        "y": 15.117876,
        "time": "2009/09/02 09:00:00"
      },
      {
        "y": 15.312336,
        "time": "2009/09/02 09:15:00"
      },
      {
        "y": 15.234552,
        "time": "2009/09/02 09:30:00"
      },
      {
        "y": 15.340116,
        "time": "2009/09/02 09:45:00"
      },
      {
        "y": 15.44568,
        "time": "2009/09/02 10:00:00"
      },
      {
        "y": 15.506796,
        "time": "2009/09/02 10:15:00"
      },
      {
        "y": 15.767928,
        "time": "2009/09/02 10:30:00"
      },
      {
        "y": 16.090176,
        "time": "2009/09/02 10:45:00"
      },
      {
        "y": 16.079064,
        "time": "2009/09/02 11:00:00"
      },
      {
        "y": 16.040172,
        "time": "2009/09/02 11:15:00"
      },
      {
        "y": 16.062396,
        "time": "2009/09/02 11:30:00"
      },
      {
        "y": 16.201296,
        "time": "2009/09/02 11:45:00"
      },
      {
        "y": 16.423536,
        "time": "2009/09/02 12:00:00"
      },
      {
        "y": 16.534656,
        "time": "2009/09/02 12:15:00"
      },
      {
        "y": 16.462428,
        "time": "2009/09/02 12:30:00"
      },
      {
        "y": 16.523544,
        "time": "2009/09/02 12:45:00"
      },
      {
        "y": 16.451316,
        "time": "2009/09/02 13:00:00"
      },
      {
        "y": 16.47354,
        "time": "2009/09/02 13:15:00"
      },
      {
        "y": 16.429092,
        "time": "2009/09/02 13:30:00"
      },
      {
        "y": 16.490208,
        "time": "2009/09/02 13:45:00"
      },
      {
        "y": 16.567992,
        "time": "2009/09/02 14:00:00"
      },
      {
        "y": 16.729116,
        "time": "2009/09/02 14:15:00"
      },
      {
        "y": 16.706892,
        "time": "2009/09/02 14:30:00"
      },
      {
        "y": 16.617996,
        "time": "2009/09/02 14:45:00"
      },
      {
        "y": 16.756896,
        "time": "2009/09/02 15:00:00"
      },
      {
        "y": 16.884684,
        "time": "2009/09/02 15:15:00"
      },
      {
        "y": 17.062476,
        "time": "2009/09/02 15:30:00"
      },
      {
        "y": 17.11248,
        "time": "2009/09/02 15:45:00"
      },
      {
        "y": 17.179152,
        "time": "2009/09/02 16:00:00"
      },
      {
        "y": 17.434728,
        "time": "2009/09/02 16:15:00"
      },
      {
        "y": 17.94588,
        "time": "2009/09/02 16:30:00"
      },
      {
        "y": 18.6126,
        "time": "2009/09/02 16:45:00"
      },
      {
        "y": 18.879288,
        "time": "2009/09/02 17:00:00"
      },
      {
        "y": 19.073748,
        "time": "2009/09/02 17:15:00"
      },
      {
        "y": 19.284876,
        "time": "2009/09/02 17:30:00"
      },
      {
        "y": 18.995964,
        "time": "2009/09/02 17:45:00"
      },
      {
        "y": 18.97374,
        "time": "2009/09/02 18:00:00"
      },
      {
        "y": 19.034856,
        "time": "2009/09/02 18:15:00"
      },
      {
        "y": 19.762692,
        "time": "2009/09/02 18:30:00"
      },
      {
        "y": 20.318292,
        "time": "2009/09/02 18:45:00"
      },
      {
        "y": 19.268208,
        "time": "2009/09/02 19:00:00"
      },
      {
        "y": 19.051524,
        "time": "2009/09/02 19:15:00"
      },
      {
        "y": 18.957072,
        "time": "2009/09/02 19:30:00"
      },
      {
        "y": 18.86262,
        "time": "2009/09/02 19:45:00"
      },
      {
        "y": 17.979216,
        "time": "2009/09/02 20:00:00"
      },
      {
        "y": 17.462508,
        "time": "2009/09/02 20:15:00"
      },
      {
        "y": 17.00136,
        "time": "2009/09/02 20:30:00"
      },
      {
        "y": 16.884684,
        "time": "2009/09/02 20:45:00"
      },
      {
        "y": 16.912464,
        "time": "2009/09/02 21:00:00"
      },
      {
        "y": 16.845792,
        "time": "2009/09/02 21:15:00"
      },
      {
        "y": 16.562436,
        "time": "2009/09/02 21:30:00"
      },
      {
        "y": 16.367976,
        "time": "2009/09/02 21:45:00"
      },
      {
        "y": 16.14018,
        "time": "2009/09/02 22:00:00"
      },
      {
        "y": 15.829044,
        "time": "2009/09/02 22:15:00"
      },
      {
        "y": 15.645696,
        "time": "2009/09/02 22:30:00"
      },
      {
        "y": 15.440124,
        "time": "2009/09/02 22:45:00"
      },
      {
        "y": 15.440124,
        "time": "2009/09/02 23:00:00"
      },
      {
        "y": 15.262332,
        "time": "2009/09/02 23:15:00"
      },
      {
        "y": 15.312336,
        "time": "2009/09/02 23:30:00"
      },
      {
        "y": 15.040092,
        "time": "2009/09/02 23:45:00"
      }
    ],
    "cvrmse": 0.19923,
    "nmbe": 0.021724
  }
]