[
  {
    "name": " Simulated",
    "type": "InteriorLights:Electricity",
    "color": "blue",
    "units": "J",
    "displayname": "Lighting Consumption",
    "data": [
      {
        "y": 533686.212446,
        "time": "2009/09/01 00:00:00"
      },
      {
        "y": 568903.932,
        "time": "2009/09/01 00:15:00"
      },
      {
        "y": 568668.456,
        "time": "2009/09/01 00:30:00"
      },
      {
        "y": 568446.84,
        "time": "2009/09/01 00:45:00"
      },
      {
        "y": 568225.224,
        "time": "2009/09/01 01:00:00"
      },
      {
        "y": 568142.136,
        "time": "2009/09/01 01:15:00"
      },
      {
        "y": 567615.744,
        "time": "2009/09/01 01:30:00"
      },
      {
        "y": 567477.216,
        "time": "2009/09/01 01:45:00"
      },
      {
        "y": 567546.516,
        "time": "2009/09/01 02:00:00"
      },
      {
        "y": 567421.884,
        "time": "2009/09/01 02:15:00"
      },
      {
        "y": 567117.072,
        "time": "2009/09/01 02:30:00"
      },
      {
        "y": 566798.508,
        "time": "2009/09/01 02:45:00"
      },
      {
        "y": 566743.104,
        "time": "2009/09/01 03:00:00"
      },
      {
        "y": 566895.492,
        "time": "2009/09/01 03:15:00"
      },
      {
        "y": 566673.84,
        "time": "2009/09/01 03:30:00"
      },
      {
        "y": 566756.892,
        "time": "2009/09/01 03:45:00"
      },
      {
        "y": 566410.608,
        "time": "2009/09/01 04:00:00"
      },
      {
        "y": 566078.112,
        "time": "2009/09/01 04:15:00"
      },
      {
        "y": 566008.848,
        "time": "2009/09/01 04:30:00"
      },
      {
        "y": 565911.936,
        "time": "2009/09/01 04:45:00"
      },
      {
        "y": 565690.284,
        "time": "2009/09/01 05:00:00"
      },
      {
        "y": 565718.004,
        "time": "2009/09/01 05:15:00"
      },
      {
        "y": 565621.02,
        "time": "2009/09/01 05:30:00"
      },
      {
        "y": 565343.928,
        "time": "2009/09/01 05:45:00"
      },
      {
        "y": 565621.02,
        "time": "2009/09/01 06:00:00"
      },
      {
        "y": 565662.6,
        "time": "2009/09/01 06:15:00"
      },
      {
        "y": 537337.296,
        "time": "2009/09/01 06:30:00"
      },
      {
        "y": 490659.624,
        "time": "2009/09/01 06:45:00"
      },
      {
        "y": 498195.36,
        "time": "2009/09/01 07:00:00"
      },
      {
        "y": 707719.464,
        "time": "2009/09/01 07:15:00"
      },
      {
        "y": 1250498.736,
        "time": "2009/09/01 07:30:00"
      },
      {
        "y": 1251357.444,
        "time": "2009/09/01 07:45:00"
      },
      {
        "y": 1250415.36,
        "time": "2009/09/01 08:00:00"
      },
      {
        "y": 1292106.924,
        "time": "2009/09/01 08:15:00"
      },
      {
        "y": 1400380.092,
        "time": "2009/09/01 08:30:00"
      },
      {
        "y": 1399548.996,
        "time": "2009/09/01 08:45:00"
      },
      {
        "y": 1399618.332,
        "time": "2009/09/01 09:00:00"
      },
      {
        "y": 1830453.66,
        "time": "2009/09/01 09:15:00"
      },
      {
        "y": 2206438.92,
        "time": "2009/09/01 09:30:00"
      },
      {
        "y": 2206300.32,
        "time": "2009/09/01 09:45:00"
      },
      {
        "y": 2206508.22,
        "time": "2009/09/01 10:00:00"
      },
      {
        "y": 2206161.72,
        "time": "2009/09/01 10:15:00"
      },
      {
        "y": 2205773.64,
        "time": "2009/09/01 10:30:00"
      },
      {
        "y": 2205732.42,
        "time": "2009/09/01 10:45:00"
      },
      {
        "y": 2206216.8,
        "time": "2009/09/01 11:00:00"
      },
      {
        "y": 2206036.62,
        "time": "2009/09/01 11:15:00"
      },
      {
        "y": 2205455.22,
        "time": "2009/09/01 11:30:00"
      },
      {
        "y": 2205843.3,
        "time": "2009/09/01 11:45:00"
      },
      {
        "y": 2206313.82,
        "time": "2009/09/01 12:00:00"
      },
      {
        "y": 2206452.42,
        "time": "2009/09/01 12:15:00"
      },
      {
        "y": 2206868.22,
        "time": "2009/09/01 12:30:00"
      },
      {
        "y": 2206577.16,
        "time": "2009/09/01 12:45:00"
      },
      {
        "y": 2206383.12,
        "time": "2009/09/01 13:00:00"
      },
      {
        "y": 2206701.9,
        "time": "2009/09/01 13:15:00"
      },
      {
        "y": 2207048.04,
        "time": "2009/09/01 13:30:00"
      },
      {
        "y": 2207740.68,
        "time": "2009/09/01 13:45:00"
      },
      {
        "y": 2207616.3,
        "time": "2009/09/01 14:00:00"
      },
      {
        "y": 2207657.52,
        "time": "2009/09/01 14:15:00"
      },
      {
        "y": 2207712.96,
        "time": "2009/09/01 14:30:00"
      },
      {
        "y": 2208031.74,
        "time": "2009/09/01 14:45:00"
      },
      {
        "y": 2208059.46,
        "time": "2009/09/01 15:00:00"
      },
      {
        "y": 2207034.54,
        "time": "2009/09/01 15:15:00"
      },
      {
        "y": 2207547.0,
        "time": "2009/09/01 15:30:00"
      },
      {
        "y": 2207699.46,
        "time": "2009/09/01 15:45:00"
      },
      {
        "y": 2208059.46,
        "time": "2009/09/01 16:00:00"
      },
      {
        "y": 2208779.82,
        "time": "2009/09/01 16:15:00"
      },
      {
        "y": 2208765.96,
        "time": "2009/09/01 16:30:00"
      },
      {
        "y": 2207948.58,
        "time": "2009/09/01 16:45:00"
      },
      {
        "y": 2207186.64,
        "time": "2009/09/01 17:00:00"
      },
      {
        "y": 2207394.54,
        "time": "2009/09/01 17:15:00"
      },
      {
        "y": 2207297.88,
        "time": "2009/09/01 17:30:00"
      },
      {
        "y": 2207865.42,
        "time": "2009/09/01 17:45:00"
      },
      {
        "y": 2207713.32,
        "time": "2009/09/01 18:00:00"
      },
      {
        "y": 1924875.72,
        "time": "2009/09/01 18:15:00"
      },
      {
        "y": 1704894.12,
        "time": "2009/09/01 18:30:00"
      },
      {
        "y": 1704880.62,
        "time": "2009/09/01 18:45:00"
      },
      {
        "y": 1704382.02,
        "time": "2009/09/01 19:00:00"
      },
      {
        "y": 1534831.812,
        "time": "2009/09/01 19:15:00"
      },
      {
        "y": 1402527.312,
        "time": "2009/09/01 19:30:00"
      },
      {
        "y": 1409771.268,
        "time": "2009/09/01 19:45:00"
      },
      {
        "y": 1444066.38,
        "time": "2009/09/01 20:00:00"
      },
      {
        "y": 1465466.436,
        "time": "2009/09/01 20:15:00"
      },
      {
        "y": 1480522.428,
        "time": "2009/09/01 20:30:00"
      },
      {
        "y": 1480328.388,
        "time": "2009/09/01 20:45:00"
      },
      {
        "y": 1480203.54,
        "time": "2009/09/01 21:00:00"
      },
      {
        "y": 1211660.496,
        "time": "2009/09/01 21:15:00"
      },
      {
        "y": 573544.728,
        "time": "2009/09/01 21:30:00"
      },
      {
        "y": 573766.272,
        "time": "2009/09/01 21:45:00"
      },
      {
        "y": 574334.136,
        "time": "2009/09/01 22:00:00"
      },
      {
        "y": 572907.312,
        "time": "2009/09/01 22:15:00"
      },
      {
        "y": 572297.832,
        "time": "2009/09/01 22:30:00"
      },
      {
        "y": 571993.092,
        "time": "2009/09/01 22:45:00"
      },
      {
        "y": 571743.756,
        "time": "2009/09/01 23:00:00"
      },
      {
        "y": 571757.58,
        "time": "2009/09/01 23:15:00"
      },
      {
        "y": 571632.912,
        "time": "2009/09/01 23:30:00"
      },
      {
        "y": 571619.088,
        "time": "2009/09/01 23:45:00"
      }
    ],
    "cvrmse": 0.267922,
    "nmbe": 0.027345
  },
  {
    "name": " Metered",
    "type": "InteriorLights:Electricity",
    "color": "red",
    "units": "J",
    "displayname": "Lighting Consumption",
    "data": [
      {
        "y": 569499.624,
        "time": "2009/09/01 00:00:00"
      },
      {
        "y": 568903.932,
        "time": "2009/09/01 00:15:00"
      },
      {
        "y": 568668.456,
        "time": "2009/09/01 00:30:00"
      },
      {
        "y": 568446.84,
        "time": "2009/09/01 00:45:00"
      },
      {
        "y": 568225.224,
        "time": "2009/09/01 01:00:00"
      },
      {
        "y": 568142.136,
        "time": "2009/09/01 01:15:00"
      },
      {
        "y": 567615.744,
        "time": "2009/09/01 01:30:00"
      },
      {
        "y": 567477.216,
        "time": "2009/09/01 01:45:00"
      },
      {
        "y": 567546.516,
        "time": "2009/09/01 02:00:00"
      },
      {
        "y": 567421.884,
        "time": "2009/09/01 02:15:00"
      },
      {
        "y": 567117.072,
        "time": "2009/09/01 02:30:00"
      },
      {
        "y": 566798.508,
        "time": "2009/09/01 02:45:00"
      },
      {
        "y": 566743.104,
        "time": "2009/09/01 03:00:00"
      },
      {
        "y": 566895.492,
        "time": "2009/09/01 03:15:00"
      },
      {
        "y": 566673.84,
        "time": "2009/09/01 03:30:00"
      },
      {
        "y": 566756.892,
        "time": "2009/09/01 03:45:00"
      },
      {
        "y": 566410.608,
        "time": "2009/09/01 04:00:00"
      },
      {
        "y": 566078.112,
        "time": "2009/09/01 04:15:00"
      },
      {
        "y": 566008.848,
        "time": "2009/09/01 04:30:00"
      },
      {
        "y": 565911.936,
        "time": "2009/09/01 04:45:00"
      },
      {
        "y": 565690.284,
        "time": "2009/09/01 05:00:00"
      },
      {
        "y": 565718.004,
        "time": "2009/09/01 05:15:00"
      },
      {
        "y": 565621.02,
        "time": "2009/09/01 05:30:00"
      },
      {
        "y": 565343.928,
        "time": "2009/09/01 05:45:00"
      },
      {
        "y": 565621.02,
        "time": "2009/09/01 06:00:00"
      },
      {
        "y": 565662.6,
        "time": "2009/09/01 06:15:00"
      },
      {
        "y": 537337.296,
        "time": "2009/09/01 06:30:00"
      },
      {
        "y": 490659.624,
        "time": "2009/09/01 06:45:00"
      },
      {
        "y": 498195.36,
        "time": "2009/09/01 07:00:00"
      },
      {
        "y": 707719.464,
        "time": "2009/09/01 07:15:00"
      },
      {
        "y": 1250498.736,
        "time": "2009/09/01 07:30:00"
      },
      {
        "y": 1251357.444,
        "time": "2009/09/01 07:45:00"
      },
      {
        "y": 1250415.36,
        "time": "2009/09/01 08:00:00"
      },
      {
        "y": 1292106.924,
        "time": "2009/09/01 08:15:00"
      },
      {
        "y": 1400380.092,
        "time": "2009/09/01 08:30:00"
      },
      {
        "y": 1399548.996,
        "time": "2009/09/01 08:45:00"
      },
      {
        "y": 1399618.332,
        "time": "2009/09/01 09:00:00"
      },
      {
        "y": 1830453.66,
        "time": "2009/09/01 09:15:00"
      },
      {
        "y": 2206438.92,
        "time": "2009/09/01 09:30:00"
      },
      {
        "y": 2206300.32,
        "time": "2009/09/01 09:45:00"
      },
      {
        "y": 2206508.22,
        "time": "2009/09/01 10:00:00"
      },
      {
        "y": 2206161.72,
        "time": "2009/09/01 10:15:00"
      },
      {
        "y": 2205773.64,
        "time": "2009/09/01 10:30:00"
      },
      {
        "y": 2205732.42,
        "time": "2009/09/01 10:45:00"
      },
      {
        "y": 2206216.8,
        "time": "2009/09/01 11:00:00"
      },
      {
        "y": 2206036.62,
        "time": "2009/09/01 11:15:00"
      },
      {
        "y": 2205455.22,
        "time": "2009/09/01 11:30:00"
      },
      {
        "y": 2205843.3,
        "time": "2009/09/01 11:45:00"
      },
      {
        "y": 2206313.82,
        "time": "2009/09/01 12:00:00"
      },
      {
        "y": 2206452.42,
        "time": "2009/09/01 12:15:00"
      },
      {
        "y": 2206868.22,
        "time": "2009/09/01 12:30:00"
      },
      {
        "y": 2206577.16,
        "time": "2009/09/01 12:45:00"
      },
      {
        "y": 2206383.12,
        "time": "2009/09/01 13:00:00"
      },
      {
        "y": 2206701.9,
        "time": "2009/09/01 13:15:00"
      },
      {
        "y": 2207048.04,
        "time": "2009/09/01 13:30:00"
      },
      {
        "y": 2207740.68,
        "time": "2009/09/01 13:45:00"
      },
      {
        "y": 2207616.3,
        "time": "2009/09/01 14:00:00"
      },
      {
        "y": 2207657.52,
        "time": "2009/09/01 14:15:00"
      },
      {
        "y": 2207712.96,
        "time": "2009/09/01 14:30:00"
      },
      {
        "y": 2208031.74,
        "time": "2009/09/01 14:45:00"
      },
      {
        "y": 2208059.46,
        "time": "2009/09/01 15:00:00"
      },
      {
        "y": 2207034.54,
        "time": "2009/09/01 15:15:00"
      },
      {
        "y": 2207547.0,
        "time": "2009/09/01 15:30:00"
      },
      {
        "y": 2207699.46,
        "time": "2009/09/01 15:45:00"
      },
      {
        "y": 2208059.46,
        "time": "2009/09/01 16:00:00"
      },
      {
        "y": 2208779.82,
        "time": "2009/09/01 16:15:00"
      },
      {
        "y": 2208765.96,
        "time": "2009/09/01 16:30:00"
      },
      {
        "y": 2207948.58,
        "time": "2009/09/01 16:45:00"
      },
      {
        "y": 2207186.64,
        "time": "2009/09/01 17:00:00"
      },
      {
        "y": 2207394.54,
        "time": "2009/09/01 17:15:00"
      },
      {
        "y": 2207297.88,
        "time": "2009/09/01 17:30:00"
      },
      {
        "y": 2207865.42,
        "time": "2009/09/01 17:45:00"
      },
      {
        "y": 2207713.32,
        "time": "2009/09/01 18:00:00"
      },
      {
        "y": 1924875.72,
        "time": "2009/09/01 18:15:00"
      },
      {
        "y": 1704894.12,
        "time": "2009/09/01 18:30:00"
      },
      {
        "y": 1704880.62,
        "time": "2009/09/01 18:45:00"
      },
      {
        "y": 1704382.02,
        "time": "2009/09/01 19:00:00"
      },
      {
        "y": 1534831.812,
        "time": "2009/09/01 19:15:00"
      },
      {
        "y": 1402527.312,
        "time": "2009/09/01 19:30:00"
      },
      {
        "y": 1409771.268,
        "time": "2009/09/01 19:45:00"
      },
      {
        "y": 1444066.38,
        "time": "2009/09/01 20:00:00"
      },
      {
        "y": 1465466.436,
        "time": "2009/09/01 20:15:00"
      },
      {
        "y": 1480522.428,
        "time": "2009/09/01 20:30:00"
      },
      {
        "y": 1480328.388,
        "time": "2009/09/01 20:45:00"
      },
      {
        "y": 1480203.54,
        "time": "2009/09/01 21:00:00"
      },
      {
        "y": 1211660.496,
        "time": "2009/09/01 21:15:00"
      },
      {
        "y": 573544.728,
        "time": "2009/09/01 21:30:00"
      },
      {
        "y": 573766.272,
        "time": "2009/09/01 21:45:00"
      },
      {
        "y": 574334.136,
        "time": "2009/09/01 22:00:00"
      },
      {
        "y": 572907.312,
        "time": "2009/09/01 22:15:00"
      },
      {
        "y": 572297.832,
        "time": "2009/09/01 22:30:00"
      },
      {
        "y": 571993.092,
        "time": "2009/09/01 22:45:00"
      },
      {
        "y": 571743.756,
        "time": "2009/09/01 23:00:00"
      },
      {
        "y": 571757.58,
        "time": "2009/09/01 23:15:00"
      },
      {
        "y": 571632.912,
        "time": "2009/09/01 23:30:00"
      },
      {
        "y": 571619.088,
        "time": "2009/09/01 23:45:00"
      }
    ],
    "cvrmse": 0.267922,
    "nmbe": 0.027345
  }
]