[
  {
    "name": " Simulated",
    "type": "Electricity:Facility",
    "color": "blue",
    "units": "J",
    "displayname": "Total Consumption",
    "data": [
      {
        "y": 1596018.717101,
        "time": "2009/09/01 00:00:00"
      },
      {
        "y": 5232007.512,
        "time": "2009/09/01 00:15:00"
      },
      {
        "y": 5230188.0,
        "time": "2009/09/01 00:30:00"
      },
      {
        "y": 5232497.256,
        "time": "2009/09/01 00:45:00"
      },
      {
        "y": 5228993.16,
        "time": "2009/09/01 01:00:00"
      },
      {
        "y": 5247464.22,
        "time": "2009/09/01 01:15:00"
      },
      {
        "y": 5231505.096,
        "time": "2009/09/01 01:30:00"
      },
      {
        "y": 5233791.384,
        "time": "2009/09/01 01:45:00"
      },
      {
        "y": 5240928.096,
        "time": "2009/09/01 02:00:00"
      },
      {
        "y": 5239403.496,
        "time": "2009/09/01 02:15:00"
      },
      {
        "y": 5231894.868,
        "time": "2009/09/01 02:30:00"
      },
      {
        "y": 5225196.744,
        "time": "2009/09/01 02:45:00"
      },
      {
        "y": 5226173.892,
        "time": "2009/09/01 03:00:00"
      },
      {
        "y": 5237786.772,
        "time": "2009/09/01 03:15:00"
      },
      {
        "y": 5233740.552,
        "time": "2009/09/01 03:30:00"
      },
      {
        "y": 5236841.772,
        "time": "2009/09/01 03:45:00"
      },
      {
        "y": 5231035.26,
        "time": "2009/09/01 04:00:00"
      },
      {
        "y": 5221210.248,
        "time": "2009/09/01 04:15:00"
      },
      {
        "y": 5224078.26,
        "time": "2009/09/01 04:30:00"
      },
      {
        "y": 5220163.332,
        "time": "2009/09/01 04:45:00"
      },
      {
        "y": 5221559.376,
        "time": "2009/09/01 05:00:00"
      },
      {
        "y": 5222363.112,
        "time": "2009/09/01 05:15:00"
      },
      {
        "y": 5218560.54,
        "time": "2009/09/01 05:30:00"
      },
      {
        "y": 5209382.412,
        "time": "2009/09/01 05:45:00"
      },
      {
        "y": 5223034.224,
        "time": "2009/09/01 06:00:00"
      },
      {
        "y": 5254648.554054,
        "time": "2009/09/01 06:15:00"
      },
      {
        "y": 5202097.992,
        "time": "2009/09/01 06:30:00"
      },
      {
        "y": 5145241.428,
        "time": "2009/09/01 06:45:00"
      },
      {
        "y": 17850840.200205,
        "time": "2009/09/01 07:00:00"
      },
      {
        "y": 17492157.453046,
        "time": "2009/09/01 07:15:00"
      },
      {
        "y": 17218138.391961,
        "time": "2009/09/01 07:30:00"
      },
      {
        "y": 19005660.130596,
        "time": "2009/09/01 07:45:00"
      },
      {
        "y": 21971137.019394,
        "time": "2009/09/01 08:00:00"
      },
      {
        "y": 21562343.197862,
        "time": "2009/09/01 08:15:00"
      },
      {
        "y": 21872536.229704,
        "time": "2009/09/01 08:30:00"
      },
      {
        "y": 21800721.989177,
        "time": "2009/09/01 08:45:00"
      },
      {
        "y": 21691756.827437,
        "time": "2009/09/01 09:00:00"
      },
      {
        "y": 21274221.994326,
        "time": "2009/09/01 09:15:00"
      },
      {
        "y": 21138930.415593,
        "time": "2009/09/01 09:30:00"
      },
      {
        "y": 20740661.851799,
        "time": "2009/09/01 09:45:00"
      },
      {
        "y": 20560040.947722,
        "time": "2009/09/01 10:00:00"
      },
      {
        "y": 19856066.595098,
        "time": "2009/09/01 10:15:00"
      },
      {
        "y": 19200423.217352,
        "time": "2009/09/01 10:30:00"
      },
      {
        "y": 19605017.865376,
        "time": "2009/09/01 10:45:00"
      },
      {
        "y": 18902670.533145,
        "time": "2009/09/01 11:00:00"
      },
      {
        "y": 18284898.780034,
        "time": "2009/09/01 11:15:00"
      },
      {
        "y": 17844322.679913,
        "time": "2009/09/01 11:30:00"
      },
      {
        "y": 18095321.909583,
        "time": "2009/09/01 11:45:00"
      },
      {
        "y": 18297946.571257,
        "time": "2009/09/01 12:00:00"
      },
      {
        "y": 17892725.66376,
        "time": "2009/09/01 12:15:00"
      },
      {
        "y": 17904376.684624,
        "time": "2009/09/01 12:30:00"
      },
      {
        "y": 17822250.965301,
        "time": "2009/09/01 12:45:00"
      },
      {
        "y": 16221805.756541,
        "time": "2009/09/01 13:00:00"
      },
      {
        "y": 18331755.680921,
        "time": "2009/09/01 13:15:00"
      },
      {
        "y": 18787908.015366,
        "time": "2009/09/01 13:30:00"
      },
      {
        "y": 18882556.997982,
        "time": "2009/09/01 13:45:00"
      },
      {
        "y": 18910737.945191,
        "time": "2009/09/01 14:00:00"
      },
      {
        "y": 18996869.165506,
        "time": "2009/09/01 14:15:00"
      },
      {
        "y": 18475194.57859,
        "time": "2009/09/01 14:30:00"
      },
      {
        "y": 17974697.457433,
        "time": "2009/09/01 14:45:00"
      },
      {
        "y": 18117174.14372,
        "time": "2009/09/01 15:00:00"
      },
      {
        "y": 17432922.782006,
        "time": "2009/09/01 15:15:00"
      },
      {
        "y": 17660959.579936,
        "time": "2009/09/01 15:30:00"
      },
      {
        "y": 17883912.439963,
        "time": "2009/09/01 15:45:00"
      },
      {
        "y": 18067404.034257,
        "time": "2009/09/01 16:00:00"
      },
      {
        "y": 18876613.171071,
        "time": "2009/09/01 16:15:00"
      },
      {
        "y": 19111173.153578,
        "time": "2009/09/01 16:30:00"
      },
      {
        "y": 18419117.648531,
        "time": "2009/09/01 16:45:00"
      },
      {
        "y": 18118736.597195,
        "time": "2009/09/01 17:00:00"
      },
      {
        "y": 17046628.133857,
        "time": "2009/09/01 17:15:00"
      },
      {
        "y": 19190456.919642,
        "time": "2009/09/01 17:30:00"
      },
      {
        "y": 16980750.966631,
        "time": "2009/09/01 17:45:00"
      },
      {
        "y": 16048311.965407,
        "time": "2009/09/01 18:00:00"
      },
      {
        "y": 16392495.420988,
        "time": "2009/09/01 18:15:00"
      },
      {
        "y": 17693251.050966,
        "time": "2009/09/01 18:30:00"
      },
      {
        "y": 17601369.547392,
        "time": "2009/09/01 18:45:00"
      },
      {
        "y": 16853886.063897,
        "time": "2009/09/01 19:00:00"
      },
      {
        "y": 20667195.909147,
        "time": "2009/09/01 19:15:00"
      },
      {
        "y": 17965828.433852,
        "time": "2009/09/01 19:30:00"
      },
      {
        "y": 18351595.888904,
        "time": "2009/09/01 19:45:00"
      },
      {
        "y": 18683317.349813,
        "time": "2009/09/01 20:00:00"
      },
      {
        "y": 18918968.262724,
        "time": "2009/09/01 20:15:00"
      },
      {
        "y": 19191268.607407,
        "time": "2009/09/01 20:30:00"
      },
      {
        "y": 22519705.998666,
        "time": "2009/09/01 20:45:00"
      },
      {
        "y": 19484061.849067,
        "time": "2009/09/01 21:00:00"
      },
      {
        "y": 19561277.30292,
        "time": "2009/09/01 21:15:00"
      },
      {
        "y": 19526030.845511,
        "time": "2009/09/01 21:30:00"
      },
      {
        "y": 1410120.756,
        "time": "2009/09/01 21:45:00"
      },
      {
        "y": 3523737.24,
        "time": "2009/09/01 22:00:00"
      },
      {
        "y": 830808.541983,
        "time": "2009/09/01 22:15:00"
      },
      {
        "y": 840768.50844,
        "time": "2009/09/01 22:30:00"
      },
      {
        "y": 3795732.828,
        "time": "2009/09/01 22:45:00"
      },
      {
        "y": 839534.71644,
        "time": "2009/09/01 23:00:00"
      },
      {
        "y": 3742095.020403,
        "time": "2009/09/01 23:15:00"
      },
      {
        "y": 839527.30404,
        "time": "2009/09/01 23:30:00"
      },
      {
        "y": 840041.7408,
        "time": "2009/09/01 23:45:00"
      }
    ],
    "cvrmse": 22.701205,
    "nmbe": -11.015038
  },
  {
    "name": " Metered",
    "type": "Electricity:Facility",
    "color": "red",
    "units": "J",
    "displayname": "Total Consumption",
    "data": [
      {
        "y": 5419883.952,
        "time": "2009/09/01 00:00:00"
      },
      {
        "y": 5408722.728,
        "time": "2009/09/01 00:15:00"
      },
      {
        "y": 5406363.036,
        "time": "2009/09/01 00:30:00"
      },
      {
        "y": 5409004.716,
        "time": "2009/09/01 00:45:00"
      },
      {
        "y": 5405375.952,
        "time": "2009/09/01 01:00:00"
      },
      {
        "y": 5424428.736,
        "time": "2009/09/01 01:15:00"
      },
      {
        "y": 5407929.432,
        "time": "2009/09/01 01:30:00"
      },
      {
        "y": 5410755.936,
        "time": "2009/09/01 01:45:00"
      },
      {
        "y": 5417809.488,
        "time": "2009/09/01 02:00:00"
      },
      {
        "y": 5416077.132,
        "time": "2009/09/01 02:15:00"
      },
      {
        "y": 5408900.928,
        "time": "2009/09/01 02:30:00"
      },
      {
        "y": 5401454.904,
        "time": "2009/09/01 02:45:00"
      },
      {
        "y": 5402182.716,
        "time": "2009/09/01 03:00:00"
      },
      {
        "y": 5414834.376,
        "time": "2009/09/01 03:15:00"
      },
      {
        "y": 5410414.224,
        "time": "2009/09/01 03:30:00"
      },
      {
        "y": 5413681.62,
        "time": "2009/09/01 03:45:00"
      },
      {
        "y": 5407584.264,
        "time": "2009/09/01 04:00:00"
      },
      {
        "y": 5396845.14,
        "time": "2009/09/01 04:15:00"
      },
      {
        "y": 5400128.7,
        "time": "2009/09/01 04:30:00"
      },
      {
        "y": 5395964.436,
        "time": "2009/09/01 04:45:00"
      },
      {
        "y": 5397443.568,
        "time": "2009/09/01 05:00:00"
      },
      {
        "y": 5398413.516,
        "time": "2009/09/01 05:15:00"
      },
      {
        "y": 5394195.432,
        "time": "2009/09/01 05:30:00"
      },
      {
        "y": 5384643.372,
        "time": "2009/09/01 05:45:00"
      },
      {
        "y": 5399292.384,
        "time": "2009/09/01 06:00:00"
      },
      {
        "y": 5408770.896,
        "time": "2009/09/01 06:15:00"
      },
      {
        "y": 5378771.664,
        "time": "2009/09/01 06:30:00"
      },
      {
        "y": 8989606.008,
        "time": "2009/09/01 06:45:00"
      },
      {
        "y": 11593033.488,
        "time": "2009/09/01 07:00:00"
      },
      {
        "y": 11466302.688,
        "time": "2009/09/01 07:15:00"
      },
      {
        "y": 14481292.536,
        "time": "2009/09/01 07:30:00"
      },
      {
        "y": 14775534.324,
        "time": "2009/09/01 07:45:00"
      },
      {
        "y": 13672544.976,
        "time": "2009/09/01 08:00:00"
      },
      {
        "y": 13505391.648,
        "time": "2009/09/01 08:15:00"
      },
      {
        "y": 14803571.016,
        "time": "2009/09/01 08:30:00"
      },
      {
        "y": 15836779.764,
        "time": "2009/09/01 08:45:00"
      },
      {
        "y": 14889711.024,
        "time": "2009/09/01 09:00:00"
      },
      {
        "y": 16255361.052,
        "time": "2009/09/01 09:15:00"
      },
      {
        "y": 16736857.884,
        "time": "2009/09/01 09:30:00"
      },
      {
        "y": 16951324.536,
        "time": "2009/09/01 09:45:00"
      },
      {
        "y": 17083412.892,
        "time": "2009/09/01 10:00:00"
      },
      {
        "y": 17751369.348,
        "time": "2009/09/01 10:15:00"
      },
      {
        "y": 16364340.612,
        "time": "2009/09/01 10:30:00"
      },
      {
        "y": 17336088.432,
        "time": "2009/09/01 10:45:00"
      },
      {
        "y": 16228635.444,
        "time": "2009/09/01 11:00:00"
      },
      {
        "y": 16121647.98,
        "time": "2009/09/01 11:15:00"
      },
      {
        "y": 16467147.18,
        "time": "2009/09/01 11:30:00"
      },
      {
        "y": 17179144.344,
        "time": "2009/09/01 11:45:00"
      },
      {
        "y": 15796163.34,
        "time": "2009/09/01 12:00:00"
      },
      {
        "y": 16315490.808,
        "time": "2009/09/01 12:15:00"
      },
      {
        "y": 14882252.256,
        "time": "2009/09/01 12:30:00"
      },
      {
        "y": 16341578.028,
        "time": "2009/09/01 12:45:00"
      },
      {
        "y": 15031929.132,
        "time": "2009/09/01 13:00:00"
      },
      {
        "y": 18065453.4,
        "time": "2009/09/01 13:15:00"
      },
      {
        "y": 17440887.024,
        "time": "2009/09/01 13:30:00"
      },
      {
        "y": 16742433.636,
        "time": "2009/09/01 13:45:00"
      },
      {
        "y": 16753536.072,
        "time": "2009/09/01 14:00:00"
      },
      {
        "y": 16926323.616,
        "time": "2009/09/01 14:15:00"
      },
      {
        "y": 16625220.372,
        "time": "2009/09/01 14:30:00"
      },
      {
        "y": 15989741.172,
        "time": "2009/09/01 14:45:00"
      },
      {
        "y": 15383872.908,
        "time": "2009/09/01 15:00:00"
      },
      {
        "y": 16774504.164,
        "time": "2009/09/01 15:15:00"
      },
      {
        "y": 17019926.676,
        "time": "2009/09/01 15:30:00"
      },
      {
        "y": 18446407.704,
        "time": "2009/09/01 15:45:00"
      },
      {
        "y": 16309173.672,
        "time": "2009/09/01 16:00:00"
      },
      {
        "y": 16604641.944,
        "time": "2009/09/01 16:15:00"
      },
      {
        "y": 16361162.784,
        "time": "2009/09/01 16:30:00"
      },
      {
        "y": 16149470.184,
        "time": "2009/09/01 16:45:00"
      },
      {
        "y": 16909158.672,
        "time": "2009/09/01 17:00:00"
      },
      {
        "y": 16515341.748,
        "time": "2009/09/01 17:15:00"
      },
      {
        "y": 17128440.108,
        "time": "2009/09/01 17:30:00"
      },
      {
        "y": 14543172.864,
        "time": "2009/09/01 17:45:00"
      },
      {
        "y": 14757265.2852,
        "time": "2009/09/01 18:00:00"
      },
      {
        "y": 14635714.176,
        "time": "2009/09/01 18:15:00"
      },
      {
        "y": 16711467.156,
        "time": "2009/09/01 18:30:00"
      },
      {
        "y": 16405957.944,
        "time": "2009/09/01 18:45:00"
      },
      {
        "y": 17021646.6768,
        "time": "2009/09/01 19:00:00"
      },
      {
        "y": 17336276.424,
        "time": "2009/09/01 19:15:00"
      },
      {
        "y": 15075419.7888,
        "time": "2009/09/01 19:30:00"
      },
      {
        "y": 17054949.6,
        "time": "2009/09/01 19:45:00"
      },
      {
        "y": 18272430.144,
        "time": "2009/09/01 20:00:00"
      },
      {
        "y": 18630082.5804,
        "time": "2009/09/01 20:15:00"
      },
      {
        "y": 19089140.1804,
        "time": "2009/09/01 20:30:00"
      },
      {
        "y": 21487906.836,
        "time": "2009/09/01 20:45:00"
      },
      {
        "y": 17650647.468,
        "time": "2009/09/01 21:00:00"
      },
      {
        "y": 17206130.6964,
        "time": "2009/09/01 21:15:00"
      },
      {
        "y": 16819789.6404,
        "time": "2009/09/01 21:30:00"
      },
      {
        "y": 9835599.78,
        "time": "2009/09/01 21:45:00"
      },
      {
        "y": 3699957.888,
        "time": "2009/09/01 22:00:00"
      },
      {
        "y": 1016786.18808,
        "time": "2009/09/01 22:15:00"
      },
      {
        "y": 1016826.94008,
        "time": "2009/09/01 22:30:00"
      },
      {
        "y": 3972283.848,
        "time": "2009/09/01 22:45:00"
      },
      {
        "y": 1016131.31208,
        "time": "2009/09/01 23:00:00"
      },
      {
        "y": 3930654.888,
        "time": "2009/09/01 23:15:00"
      },
      {
        "y": 1016497.83204,
        "time": "2009/09/01 23:30:00"
      },
      {
        "y": 1016640.31644,
        "time": "2009/09/01 23:45:00"
      }
    ],
    "cvrmse": 22.701205,
    "nmbe": -11.015038
  }
]