[
  {
    "name": " Simulated",
    "type": "Electricity:Facility",
    "color": "blue",
    "units": "J",
    "displayname": "Total Consumption",
    "data": [
      {
        "y": 1583763.974313,
        "time": "2009/08/29 00:00:00"
      },
      {
        "y": 2153296.044,
        "time": "2009/08/29 00:15:00"
      },
      {
        "y": 5275057.464,
        "time": "2009/08/29 00:30:00"
      },
      {
        "y": 2169837.504,
        "time": "2009/08/29 00:45:00"
      },
      {
        "y": 838080.3204,
        "time": "2009/08/29 01:00:00"
      },
      {
        "y": 3951714.6,
        "time": "2009/08/29 01:15:00"
      },
      {
        "y": 4805502.336,
        "time": "2009/08/29 01:30:00"
      },
      {
        "y": 836982.2088,
        "time": "2009/08/29 01:45:00"
      },
      {
        "y": 837807.9084,
        "time": "2009/08/29 02:00:00"
      },
      {
        "y": 837554.8248,
        "time": "2009/08/29 02:15:00"
      },
      {
        "y": 1561480.632,
        "time": "2009/08/29 02:30:00"
      },
      {
        "y": 5277664.296,
        "time": "2009/08/29 02:45:00"
      },
      {
        "y": 2749376.412,
        "time": "2009/08/29 03:00:00"
      },
      {
        "y": 4233176.748,
        "time": "2009/08/29 03:15:00"
      },
      {
        "y": 4527504.18,
        "time": "2009/08/29 03:30:00"
      },
      {
        "y": 837118.0764,
        "time": "2009/08/29 03:45:00"
      },
      {
        "y": 837328.6008,
        "time": "2009/08/29 04:00:00"
      },
      {
        "y": 837070.9128,
        "time": "2009/08/29 04:15:00"
      },
      {
        "y": 837046.0044,
        "time": "2009/08/29 04:30:00"
      },
      {
        "y": 5117797.872,
        "time": "2009/08/29 04:45:00"
      },
      {
        "y": 3626941.284,
        "time": "2009/08/29 05:00:00"
      },
      {
        "y": 3340525.176,
        "time": "2009/08/29 05:15:00"
      },
      {
        "y": 5247992.088,
        "time": "2009/08/29 05:30:00"
      },
      {
        "y": 968778.684,
        "time": "2009/08/29 05:45:00"
      },
      {
        "y": 835985.8044,
        "time": "2009/08/29 06:00:00"
      },
      {
        "y": 1299378.090054,
        "time": "2009/08/29 06:15:00"
      },
      {
        "y": 5209708.032,
        "time": "2009/08/29 06:30:00"
      },
      {
        "y": 3579709.932,
        "time": "2009/08/29 06:45:00"
      },
      {
        "y": 14378197.837596,
        "time": "2009/08/29 07:00:00"
      },
      {
        "y": 14629352.042129,
        "time": "2009/08/29 07:15:00"
      },
      {
        "y": 14380569.711457,
        "time": "2009/08/29 07:30:00"
      },
      {
        "y": 18742993.844883,
        "time": "2009/08/29 07:45:00"
      },
      {
        "y": 21156203.421727,
        "time": "2009/08/29 08:00:00"
      },
      {
        "y": 21582277.167484,
        "time": "2009/08/29 08:15:00"
      },
      {
        "y": 21063678.721784,
        "time": "2009/08/29 08:30:00"
      },
      {
        "y": 20145005.500935,
        "time": "2009/08/29 08:45:00"
      },
      {
        "y": 19574507.435348,
        "time": "2009/08/29 09:00:00"
      },
      {
        "y": 19414245.749332,
        "time": "2009/08/29 09:15:00"
      },
      {
        "y": 19317033.753905,
        "time": "2009/08/29 09:30:00"
      },
      {
        "y": 18751463.494074,
        "time": "2009/08/29 09:45:00"
      },
      {
        "y": 18575653.962632,
        "time": "2009/08/29 10:00:00"
      },
      {
        "y": 18480836.376221,
        "time": "2009/08/29 10:15:00"
      },
      {
        "y": 18583656.760043,
        "time": "2009/08/29 10:30:00"
      },
      {
        "y": 18242781.946919,
        "time": "2009/08/29 10:45:00"
      },
      {
        "y": 18111938.744223,
        "time": "2009/08/29 11:00:00"
      },
      {
        "y": 18307444.190716,
        "time": "2009/08/29 11:15:00"
      },
      {
        "y": 18081122.756367,
        "time": "2009/08/29 11:30:00"
      },
      {
        "y": 17910486.510058,
        "time": "2009/08/29 11:45:00"
      },
      {
        "y": 17738613.716939,
        "time": "2009/08/29 12:00:00"
      },
      {
        "y": 17388897.263504,
        "time": "2009/08/29 12:15:00"
      },
      {
        "y": 17908545.153071,
        "time": "2009/08/29 12:30:00"
      },
      {
        "y": 17836463.681671,
        "time": "2009/08/29 12:45:00"
      },
      {
        "y": 16108082.834361,
        "time": "2009/08/29 13:00:00"
      },
      {
        "y": 17916963.982151,
        "time": "2009/08/29 13:15:00"
      },
      {
        "y": 18077173.514564,
        "time": "2009/08/29 13:30:00"
      },
      {
        "y": 17711198.848975,
        "time": "2009/08/29 13:45:00"
      },
      {
        "y": 17651097.559846,
        "time": "2009/08/29 14:00:00"
      },
      {
        "y": 17686869.223209,
        "time": "2009/08/29 14:15:00"
      },
      {
        "y": 17602571.735894,
        "time": "2009/08/29 14:30:00"
      },
      {
        "y": 17490998.459725,
        "time": "2009/08/29 14:45:00"
      },
      {
        "y": 17573794.296062,
        "time": "2009/08/29 15:00:00"
      },
      {
        "y": 17617213.170639,
        "time": "2009/08/29 15:15:00"
      },
      {
        "y": 17786402.087658,
        "time": "2009/08/29 15:30:00"
      },
      {
        "y": 18027607.143162,
        "time": "2009/08/29 15:45:00"
      },
      {
        "y": 17775971.524461,
        "time": "2009/08/29 16:00:00"
      },
      {
        "y": 17907119.425909,
        "time": "2009/08/29 16:15:00"
      },
      {
        "y": 18144420.806774,
        "time": "2009/08/29 16:30:00"
      },
      {
        "y": 17979098.126778,
        "time": "2009/08/29 16:45:00"
      },
      {
        "y": 17804333.608895,
        "time": "2009/08/29 17:00:00"
      },
      {
        "y": 16122700.934094,
        "time": "2009/08/29 17:15:00"
      },
      {
        "y": 18073595.404231,
        "time": "2009/08/29 17:30:00"
      },
      {
        "y": 15279601.929613,
        "time": "2009/08/29 17:45:00"
      },
      {
        "y": 13915786.526739,
        "time": "2009/08/29 18:00:00"
      },
      {
        "y": 13873537.893606,
        "time": "2009/08/29 18:15:00"
      },
      {
        "y": 15353785.481099,
        "time": "2009/08/29 18:30:00"
      },
      {
        "y": 15295748.092519,
        "time": "2009/08/29 18:45:00"
      },
      {
        "y": 13774757.173755,
        "time": "2009/08/29 19:00:00"
      },
      {
        "y": 17099573.127588,
        "time": "2009/08/29 19:15:00"
      },
      {
        "y": 14774757.578213,
        "time": "2009/08/29 19:30:00"
      },
      {
        "y": 15710801.816149,
        "time": "2009/08/29 19:45:00"
      },
      {
        "y": 16345206.983865,
        "time": "2009/08/29 20:00:00"
      },
      {
        "y": 16851495.518548,
        "time": "2009/08/29 20:15:00"
      },
      {
        "y": 17157459.363913,
        "time": "2009/08/29 20:30:00"
      },
      {
        "y": 20106072.081637,
        "time": "2009/08/29 20:45:00"
      },
      {
        "y": 17415578.009495,
        "time": "2009/08/29 21:00:00"
      },
      {
        "y": 17440643.711088,
        "time": "2009/08/29 21:15:00"
      },
      {
        "y": 17547970.564284,
        "time": "2009/08/29 21:30:00"
      },
      {
        "y": 1353246.66,
        "time": "2009/08/29 21:45:00"
      },
      {
        "y": 3620673.0,
        "time": "2009/08/29 22:00:00"
      },
      {
        "y": 831204.829983,
        "time": "2009/08/29 22:15:00"
      },
      {
        "y": 840421.3608,
        "time": "2009/08/29 22:30:00"
      },
      {
        "y": 3824801.352,
        "time": "2009/08/29 22:45:00"
      },
      {
        "y": 839506.2084,
        "time": "2009/08/29 23:00:00"
      },
      {
        "y": 3766273.448403,
        "time": "2009/08/29 23:15:00"
      },
      {
        "y": 837830.8728,
        "time": "2009/08/29 23:30:00"
      },
      {
        "y": 837485.5284,
        "time": "2009/08/29 23:45:00"
      }
    ],
    "cvrmse": 23.028867,
    "nmbe": 3.815632
  },
  {
    "name": " Metered",
    "type": "Electricity:Facility",
    "color": "red",
    "units": "J",
    "displayname": "Total Consumption",
    "data": [
      {
        "y": 1019999.9124,
        "time": "2009/08/29 00:00:00"
      },
      {
        "y": 2331095.544,
        "time": "2009/08/29 00:15:00"
      },
      {
        "y": 5452645.176,
        "time": "2009/08/29 00:30:00"
      },
      {
        "y": 2347971.40764,
        "time": "2009/08/29 00:45:00"
      },
      {
        "y": 1016131.13604,
        "time": "2009/08/29 01:00:00"
      },
      {
        "y": 4129719.84,
        "time": "2009/08/29 01:15:00"
      },
      {
        "y": 4982344.164,
        "time": "2009/08/29 01:30:00"
      },
      {
        "y": 1014118.91244,
        "time": "2009/08/29 01:45:00"
      },
      {
        "y": 1015651.00404,
        "time": "2009/08/29 02:00:00"
      },
      {
        "y": 1014691.52844,
        "time": "2009/08/29 02:15:00"
      },
      {
        "y": 1738282.89564,
        "time": "2009/08/29 02:30:00"
      },
      {
        "y": 5455501.38,
        "time": "2009/08/29 02:45:00"
      },
      {
        "y": 2926303.34364,
        "time": "2009/08/29 03:00:00"
      },
      {
        "y": 4410683.388,
        "time": "2009/08/29 03:15:00"
      },
      {
        "y": 4705673.616,
        "time": "2009/08/29 03:30:00"
      },
      {
        "y": 1014462.53604,
        "time": "2009/08/29 03:45:00"
      },
      {
        "y": 1015171.69644,
        "time": "2009/08/29 04:00:00"
      },
      {
        "y": 1014373.82844,
        "time": "2009/08/29 04:15:00"
      },
      {
        "y": 1014056.06004,
        "time": "2009/08/29 04:30:00"
      },
      {
        "y": 5294471.472,
        "time": "2009/08/29 04:45:00"
      },
      {
        "y": 3804406.38,
        "time": "2009/08/29 05:00:00"
      },
      {
        "y": 3517036.63164,
        "time": "2009/08/29 05:15:00"
      },
      {
        "y": 5424416.424,
        "time": "2009/08/29 05:30:00"
      },
      {
        "y": 1144833.08364,
        "time": "2009/08/29 05:45:00"
      },
      {
        "y": 1012166.85204,
        "time": "2009/08/29 06:00:00"
      },
      {
        "y": 1454003.06364,
        "time": "2009/08/29 06:15:00"
      },
      {
        "y": 5385633.768,
        "time": "2009/08/29 06:30:00"
      },
      {
        "y": 5376605.868,
        "time": "2009/08/29 06:45:00"
      },
      {
        "y": 3795057.2484,
        "time": "2009/08/29 07:00:00"
      },
      {
        "y": 15337760.22,
        "time": "2009/08/29 07:15:00"
      },
      {
        "y": 16184098.476,
        "time": "2009/08/29 07:30:00"
      },
      {
        "y": 15788878.92,
        "time": "2009/08/29 07:45:00"
      },
      {
        "y": 14312577.924,
        "time": "2009/08/29 08:00:00"
      },
      {
        "y": 14296463.46,
        "time": "2009/08/29 08:15:00"
      },
      {
        "y": 17572619.664,
        "time": "2009/08/29 08:30:00"
      },
      {
        "y": 17116941.276,
        "time": "2009/08/29 08:45:00"
      },
      {
        "y": 16759315.944,
        "time": "2009/08/29 09:00:00"
      },
      {
        "y": 15631885.656,
        "time": "2009/08/29 09:15:00"
      },
      {
        "y": 18770846.004,
        "time": "2009/08/29 09:30:00"
      },
      {
        "y": 19180250.568,
        "time": "2009/08/29 09:45:00"
      },
      {
        "y": 18818468.784,
        "time": "2009/08/29 10:00:00"
      },
      {
        "y": 18267445.656,
        "time": "2009/08/29 10:15:00"
      },
      {
        "y": 18410091.012,
        "time": "2009/08/29 10:30:00"
      },
      {
        "y": 18001824.516,
        "time": "2009/08/29 10:45:00"
      },
      {
        "y": 17981813.772,
        "time": "2009/08/29 11:00:00"
      },
      {
        "y": 16606157.256,
        "time": "2009/08/29 11:15:00"
      },
      {
        "y": 18534343.968,
        "time": "2009/08/29 11:30:00"
      },
      {
        "y": 15949949.5044,
        "time": "2009/08/29 11:45:00"
      },
      {
        "y": 21030152.004,
        "time": "2009/08/29 12:00:00"
      },
      {
        "y": 16680341.916,
        "time": "2009/08/29 12:15:00"
      },
      {
        "y": 16018011.756,
        "time": "2009/08/29 12:30:00"
      },
      {
        "y": 15760139.796,
        "time": "2009/08/29 12:45:00"
      },
      {
        "y": 19052083.728,
        "time": "2009/08/29 13:00:00"
      },
      {
        "y": 23590647.972,
        "time": "2009/08/29 13:15:00"
      },
      {
        "y": 16879656.312,
        "time": "2009/08/29 13:30:00"
      },
      {
        "y": 19611757.152,
        "time": "2009/08/29 13:45:00"
      },
      {
        "y": 18211491.792,
        "time": "2009/08/29 14:00:00"
      },
      {
        "y": 20186320.428,
        "time": "2009/08/29 14:15:00"
      },
      {
        "y": 18238854.564,
        "time": "2009/08/29 14:30:00"
      },
      {
        "y": 21059713.26,
        "time": "2009/08/29 14:45:00"
      },
      {
        "y": 17227647.576,
        "time": "2009/08/29 15:00:00"
      },
      {
        "y": 19183334.004,
        "time": "2009/08/29 15:15:00"
      },
      {
        "y": 23387269.788,
        "time": "2009/08/29 15:30:00"
      },
      {
        "y": 23711387.328,
        "time": "2009/08/29 15:45:00"
      },
      {
        "y": 23608543.644,
        "time": "2009/08/29 16:00:00"
      },
      {
        "y": 16627378.644,
        "time": "2009/08/29 16:15:00"
      },
      {
        "y": 20218181.652,
        "time": "2009/08/29 16:30:00"
      },
      {
        "y": 23558155.488,
        "time": "2009/08/29 16:45:00"
      },
      {
        "y": 23283659.376,
        "time": "2009/08/29 17:00:00"
      },
      {
        "y": 20870100.648,
        "time": "2009/08/29 17:15:00"
      },
      {
        "y": 15713096.94,
        "time": "2009/08/29 17:30:00"
      },
      {
        "y": 18570220.452,
        "time": "2009/08/29 17:45:00"
      },
      {
        "y": 19382508.5292,
        "time": "2009/08/29 18:00:00"
      },
      {
        "y": 19260544.932,
        "time": "2009/08/29 18:15:00"
      },
      {
        "y": 19668252.492,
        "time": "2009/08/29 18:30:00"
      },
      {
        "y": 16240344.264,
        "time": "2009/08/29 18:45:00"
      },
      {
        "y": 17348524.1928,
        "time": "2009/08/29 19:00:00"
      },
      {
        "y": 19375471.44,
        "time": "2009/08/29 19:15:00"
      },
      {
        "y": 15602305.1364,
        "time": "2009/08/29 19:30:00"
      },
      {
        "y": 14565813.1884,
        "time": "2009/08/29 19:45:00"
      },
      {
        "y": 18477713.844,
        "time": "2009/08/29 20:00:00"
      },
      {
        "y": 15141217.5684,
        "time": "2009/08/29 20:15:00"
      },
      {
        "y": 15289286.1408,
        "time": "2009/08/29 20:30:00"
      },
      {
        "y": 17904362.652,
        "time": "2009/08/29 20:45:00"
      },
      {
        "y": 17214522.8004,
        "time": "2009/08/29 21:00:00"
      },
      {
        "y": 19110077.2008,
        "time": "2009/08/29 21:15:00"
      },
      {
        "y": 18354845.2968,
        "time": "2009/08/29 21:30:00"
      },
      {
        "y": 9461420.784,
        "time": "2009/08/29 21:45:00"
      },
      {
        "y": 3800009.916,
        "time": "2009/08/29 22:00:00"
      },
      {
        "y": 1017888.76044,
        "time": "2009/08/29 22:15:00"
      },
      {
        "y": 1018098.2808,
        "time": "2009/08/29 22:30:00"
      },
      {
        "y": 4003224.12,
        "time": "2009/08/29 22:45:00"
      },
      {
        "y": 1017972.5724,
        "time": "2009/08/29 23:00:00"
      },
      {
        "y": 3955911.588,
        "time": "2009/08/29 23:15:00"
      },
      {
        "y": 1015009.1928,
        "time": "2009/08/29 23:30:00"
      },
      {
        "y": 1014539.1804,
        "time": "2009/08/29 23:45:00"
      }
    ],
    "cvrmse": 23.028867,
    "nmbe": 3.815632
  }
]