[
  {
    "name": "Rooftop Cooling Coil Simulated",
    "type": "Cooling Coil Electric Energy",
    "color": "blue",
    "units": "J",
    "displayname": "Cooling Consumption",
    "data": [
      {
        "y": 0.0,
        "time": "2009/08/27 00:00:00"
      },
      {
        "y": 0.0,
        "time": "2009/08/27 00:15:00"
      },
      {
        "y": 0.0,
        "time": "2009/08/27 00:30:00"
      },
      {
        "y": 0.0,
        "time": "2009/08/27 00:45:00"
      },
      {
        "y": 0.0,
        "time": "2009/08/27 01:00:00"
      },
      {
        "y": 0.0,
        "time": "2009/08/27 01:15:00"
      },
      {
        "y": 0.0,
        "time": "2009/08/27 01:30:00"
      },
      {
        "y": 0.0,
        "time": "2009/08/27 01:45:00"
      },
      {
        "y": 0.0,
        "time": "2009/08/27 02:00:00"
      },
      {
        "y": 0.0,
        "time": "2009/08/27 02:15:00"
      },
      {
        "y": 0.0,
        "time": "2009/08/27 02:30:00"
      },
      {
        "y": 0.0,
        "time": "2009/08/27 02:45:00"
      },
      {
        "y": 0.0,
        "time": "2009/08/27 03:00:00"
      },
      {
        "y": 0.0,
        "time": "2009/08/27 03:15:00"
      },
      {
        "y": 0.0,
        "time": "2009/08/27 03:30:00"
      },
      {
        "y": 0.0,
        "time": "2009/08/27 03:45:00"
      },
      {
        "y": 0.0,
        "time": "2009/08/27 04:00:00"
      },
      {
        "y": 0.0,
        "time": "2009/08/27 04:15:00"
      },
      {
        "y": 0.0,
        "time": "2009/08/27 04:30:00"
      },
      {
        "y": 0.0,
        "time": "2009/08/27 04:45:00"
      },
      {
        "y": 0.0,
        "time": "2009/08/27 05:00:00"
      },
      {
        "y": 0.0,
        "time": "2009/08/27 05:15:00"
      },
      {
        "y": 0.0,
        "time": "2009/08/27 05:30:00"
      },
      {
        "y": 0.0,
        "time": "2009/08/27 05:45:00"
      },
      {
        "y": 0.0,
        "time": "2009/08/27 06:00:00"
      },
      {
        "y": 0.0,
        "time": "2009/08/27 06:15:00"
      },
      {
        "y": 0.0,
        "time": "2009/08/27 06:30:00"
      },
      {
        "y": 7305075.626337,
        "time": "2009/08/27 06:45:00"
      },
      {
        "y": 5761042.24786,
        "time": "2009/08/27 07:00:00"
      },
      {
        "y": 4701760.691398,
        "time": "2009/08/27 07:15:00"
      },
      {
        "y": 4487813.706964,
        "time": "2009/08/27 07:30:00"
      },
      {
        "y": 4406773.761651,
        "time": "2009/08/27 07:45:00"
      },
      {
        "y": 4367500.596836,
        "time": "2009/08/27 08:00:00"
      },
      {
        "y": 4323288.814203,
        "time": "2009/08/27 08:15:00"
      },
      {
        "y": 4290149.057881,
        "time": "2009/08/27 08:30:00"
      },
      {
        "y": 4294161.924145,
        "time": "2009/08/27 08:45:00"
      },
      {
        "y": 4340421.948761,
        "time": "2009/08/27 09:00:00"
      },
      {
        "y": 4371014.761422,
        "time": "2009/08/27 09:15:00"
      },
      {
        "y": 4398417.695569,
        "time": "2009/08/27 09:30:00"
      },
      {
        "y": 4423964.864214,
        "time": "2009/08/27 09:45:00"
      },
      {
        "y": 4511849.686171,
        "time": "2009/08/27 10:00:00"
      },
      {
        "y": 4600702.942897,
        "time": "2009/08/27 10:15:00"
      },
      {
        "y": 4767977.021089,
        "time": "2009/08/27 10:30:00"
      },
      {
        "y": 4849635.660681,
        "time": "2009/08/27 10:45:00"
      },
      {
        "y": 4974936.509521,
        "time": "2009/08/27 11:00:00"
      },
      {
        "y": 5024346.42444,
        "time": "2009/08/27 11:15:00"
      },
      {
        "y": 5108412.653499,
        "time": "2009/08/27 11:30:00"
      },
      {
        "y": 5182357.508962,
        "time": "2009/08/27 11:45:00"
      },
      {
        "y": 5253519.344904,
        "time": "2009/08/27 12:00:00"
      },
      {
        "y": 5329274.560434,
        "time": "2009/08/27 12:15:00"
      },
      {
        "y": 5400703.30306,
        "time": "2009/08/27 12:30:00"
      },
      {
        "y": 5528361.05645,
        "time": "2009/08/27 12:45:00"
      },
      {
        "y": 5658826.487334,
        "time": "2009/08/27 13:00:00"
      },
      {
        "y": 5780855.401394,
        "time": "2009/08/27 13:15:00"
      },
      {
        "y": 5844326.117783,
        "time": "2009/08/27 13:30:00"
      },
      {
        "y": 5946944.810085,
        "time": "2009/08/27 13:45:00"
      },
      {
        "y": 6022215.384441,
        "time": "2009/08/27 14:00:00"
      },
      {
        "y": 6108111.769401,
        "time": "2009/08/27 14:15:00"
      },
      {
        "y": 6199644.200963,
        "time": "2009/08/27 14:30:00"
      },
      {
        "y": 6271036.691356,
        "time": "2009/08/27 14:45:00"
      },
      {
        "y": 6294751.053584,
        "time": "2009/08/27 15:00:00"
      },
      {
        "y": 6388527.787423,
        "time": "2009/08/27 15:15:00"
      },
      {
        "y": 6528765.702833,
        "time": "2009/08/27 15:30:00"
      },
      {
        "y": 6533532.694968,
        "time": "2009/08/27 15:45:00"
      },
      {
        "y": 6497206.504218,
        "time": "2009/08/27 16:00:00"
      },
      {
        "y": 6570986.49771,
        "time": "2009/08/27 16:15:00"
      },
      {
        "y": 6600851.596057,
        "time": "2009/08/27 16:30:00"
      },
      {
        "y": 6527722.543298,
        "time": "2009/08/27 16:45:00"
      },
      {
        "y": 6553689.83674,
        "time": "2009/08/27 17:00:00"
      },
      {
        "y": 6602804.920737,
        "time": "2009/08/27 17:15:00"
      },
      {
        "y": 6658236.095143,
        "time": "2009/08/27 17:30:00"
      },
      {
        "y": 6668823.782407,
        "time": "2009/08/27 17:45:00"
      },
      {
        "y": 6499455.258051,
        "time": "2009/08/27 18:00:00"
      },
      {
        "y": 6220375.979632,
        "time": "2009/08/27 18:15:00"
      },
      {
        "y": 6048614.166641,
        "time": "2009/08/27 18:30:00"
      },
      {
        "y": 6007383.122224,
        "time": "2009/08/27 18:45:00"
      },
      {
        "y": 6072571.064128,
        "time": "2009/08/27 19:00:00"
      },
      {
        "y": 6127805.778518,
        "time": "2009/08/27 19:15:00"
      },
      {
        "y": 6013001.659682,
        "time": "2009/08/27 19:30:00"
      },
      {
        "y": 5878290.313364,
        "time": "2009/08/27 19:45:00"
      },
      {
        "y": 5750600.273274,
        "time": "2009/08/27 20:00:00"
      },
      {
        "y": 5660072.084264,
        "time": "2009/08/27 20:15:00"
      },
      {
        "y": 5534908.361899,
        "time": "2009/08/27 20:30:00"
      },
      {
        "y": 5377688.460736,
        "time": "2009/08/27 20:45:00"
      },
      {
        "y": 5253693.80263,
        "time": "2009/08/27 21:00:00"
      },
      {
        "y": 5136291.77765,
        "time": "2009/08/27 21:15:00"
      },
      {
        "y": 5035151.59785,
        "time": "2009/08/27 21:30:00"
      },
      {
        "y": 4955876.249027,
        "time": "2009/08/27 21:45:00"
      },
      {
        "y": 0.0,
        "time": "2009/08/27 22:00:00"
      },
      {
        "y": 0.0,
        "time": "2009/08/27 22:15:00"
      },
      {
        "y": 0.0,
        "time": "2009/08/27 22:30:00"
      },
      {
        "y": 0.0,
        "time": "2009/08/27 22:45:00"
      },
      {
        "y": 0.0,
        "time": "2009/08/27 23:00:00"
      },
      {
        "y": 0.0,
        "time": "2009/08/27 23:15:00"
      },
      {
        "y": 0.0,
        "time": "2009/08/27 23:30:00"
      },
      {
        "y": 0.0,
        "time": "2009/08/27 23:45:00"
      }
    ],
    "cvrmse": 33.354552,
    "nmbe": 16.109297
  },
  {
    "name": "Rooftop Cooling Coil Metered",
    "type": "Cooling Coil Electric Energy",
    "color": "red",
    "units": "J",
    "displayname": "Cooling Consumption",
    "data": [
      {
        "y": 97888.932,
        "time": "2009/08/27 00:00:00"
      },
      {
        "y": 97888.932,
        "time": "2009/08/27 00:15:00"
      },
      {
        "y": 98719.92,
        "time": "2009/08/27 00:30:00"
      },
      {
        "y": 97888.932,
        "time": "2009/08/27 00:45:00"
      },
      {
        "y": 98719.92,
        "time": "2009/08/27 01:00:00"
      },
      {
        "y": 97888.932,
        "time": "2009/08/27 01:15:00"
      },
      {
        "y": 98719.92,
        "time": "2009/08/27 01:30:00"
      },
      {
        "y": 98719.92,
        "time": "2009/08/27 01:45:00"
      },
      {
        "y": 98719.92,
        "time": "2009/08/27 02:00:00"
      },
      {
        "y": 98553.708,
        "time": "2009/08/27 02:15:00"
      },
      {
        "y": 98719.92,
        "time": "2009/08/27 02:30:00"
      },
      {
        "y": 98553.708,
        "time": "2009/08/27 02:45:00"
      },
      {
        "y": 98719.92,
        "time": "2009/08/27 03:00:00"
      },
      {
        "y": 98719.92,
        "time": "2009/08/27 03:15:00"
      },
      {
        "y": 98553.708,
        "time": "2009/08/27 03:30:00"
      },
      {
        "y": 98719.92,
        "time": "2009/08/27 03:45:00"
      },
      {
        "y": 99384.696,
        "time": "2009/08/27 04:00:00"
      },
      {
        "y": 98719.92,
        "time": "2009/08/27 04:15:00"
      },
      {
        "y": 98553.708,
        "time": "2009/08/27 04:30:00"
      },
      {
        "y": 99550.908,
        "time": "2009/08/27 04:45:00"
      },
      {
        "y": 98553.708,
        "time": "2009/08/27 05:00:00"
      },
      {
        "y": 98553.708,
        "time": "2009/08/27 05:15:00"
      },
      {
        "y": 99550.908,
        "time": "2009/08/27 05:30:00"
      },
      {
        "y": 99384.696,
        "time": "2009/08/27 05:45:00"
      },
      {
        "y": 97888.932,
        "time": "2009/08/27 06:00:00"
      },
      {
        "y": 97888.932,
        "time": "2009/08/27 06:15:00"
      },
      {
        "y": 98055.144,
        "time": "2009/08/27 06:30:00"
      },
      {
        "y": 1053302.76,
        "time": "2009/08/27 06:45:00"
      },
      {
        "y": 6572113.92,
        "time": "2009/08/27 07:00:00"
      },
      {
        "y": 6783348.96,
        "time": "2009/08/27 07:15:00"
      },
      {
        "y": 6564467.16,
        "time": "2009/08/27 07:30:00"
      },
      {
        "y": 2951166.6,
        "time": "2009/08/27 07:45:00"
      },
      {
        "y": 5378648.4,
        "time": "2009/08/27 08:00:00"
      },
      {
        "y": 5206135.68,
        "time": "2009/08/27 08:15:00"
      },
      {
        "y": 4945871.88,
        "time": "2009/08/27 08:30:00"
      },
      {
        "y": 4899832.2,
        "time": "2009/08/27 08:45:00"
      },
      {
        "y": 5334939.36,
        "time": "2009/08/27 09:00:00"
      },
      {
        "y": 5631436.44,
        "time": "2009/08/27 09:15:00"
      },
      {
        "y": 5077499.4,
        "time": "2009/08/27 09:30:00"
      },
      {
        "y": 4958004.6,
        "time": "2009/08/27 09:45:00"
      },
      {
        "y": 5236052.04,
        "time": "2009/08/27 10:00:00"
      },
      {
        "y": 6600202.56,
        "time": "2009/08/27 10:15:00"
      },
      {
        "y": 6141162.24,
        "time": "2009/08/27 10:30:00"
      },
      {
        "y": 6141496.32,
        "time": "2009/08/27 10:45:00"
      },
      {
        "y": 6132687.48,
        "time": "2009/08/27 11:00:00"
      },
      {
        "y": 6421537.8,
        "time": "2009/08/27 11:15:00"
      },
      {
        "y": 6549677.28,
        "time": "2009/08/27 11:30:00"
      },
      {
        "y": 6554001.24,
        "time": "2009/08/27 11:45:00"
      },
      {
        "y": 6608344.32,
        "time": "2009/08/27 12:00:00"
      },
      {
        "y": 6739476.48,
        "time": "2009/08/27 12:15:00"
      },
      {
        "y": 5629609.08,
        "time": "2009/08/27 12:30:00"
      },
      {
        "y": 6849997.92,
        "time": "2009/08/27 12:45:00"
      },
      {
        "y": 5727664.08,
        "time": "2009/08/27 13:00:00"
      },
      {
        "y": 7562819.16,
        "time": "2009/08/27 13:15:00"
      },
      {
        "y": 7156798.92,
        "time": "2009/08/27 13:30:00"
      },
      {
        "y": 7722368.28,
        "time": "2009/08/27 13:45:00"
      },
      {
        "y": 5727832.56,
        "time": "2009/08/27 14:00:00"
      },
      {
        "y": 9179586.72,
        "time": "2009/08/27 14:15:00"
      },
      {
        "y": 5872588.56,
        "time": "2009/08/27 14:30:00"
      },
      {
        "y": 8969515.92,
        "time": "2009/08/27 14:45:00"
      },
      {
        "y": 6942236.76,
        "time": "2009/08/27 15:00:00"
      },
      {
        "y": 7976815.2,
        "time": "2009/08/27 15:15:00"
      },
      {
        "y": 9177262.56,
        "time": "2009/08/27 15:30:00"
      },
      {
        "y": 5948211.24,
        "time": "2009/08/27 15:45:00"
      },
      {
        "y": 10592103.24,
        "time": "2009/08/27 16:00:00"
      },
      {
        "y": 6931102.68,
        "time": "2009/08/27 16:15:00"
      },
      {
        "y": 9421241.4,
        "time": "2009/08/27 16:30:00"
      },
      {
        "y": 8373363.84,
        "time": "2009/08/27 16:45:00"
      },
      {
        "y": 8044791.48,
        "time": "2009/08/27 17:00:00"
      },
      {
        "y": 9449825.76,
        "time": "2009/08/27 17:15:00"
      },
      {
        "y": 6938913.96,
        "time": "2009/08/27 17:30:00"
      },
      {
        "y": 10447842.24,
        "time": "2009/08/27 17:45:00"
      },
      {
        "y": 6345420.84,
        "time": "2009/08/27 18:00:00"
      },
      {
        "y": 8642603.52,
        "time": "2009/08/27 18:15:00"
      },
      {
        "y": 7862971.68,
        "time": "2009/08/27 18:30:00"
      },
      {
        "y": 5819572.8,
        "time": "2009/08/27 18:45:00"
      },
      {
        "y": 8040637.8,
        "time": "2009/08/27 19:00:00"
      },
      {
        "y": 6816757.32,
        "time": "2009/08/27 19:15:00"
      },
      {
        "y": 6505637.04,
        "time": "2009/08/27 19:30:00"
      },
      {
        "y": 6460264.44,
        "time": "2009/08/27 19:45:00"
      },
      {
        "y": 6428353.32,
        "time": "2009/08/27 20:00:00"
      },
      {
        "y": 6360046.2,
        "time": "2009/08/27 20:15:00"
      },
      {
        "y": 6315504.84,
        "time": "2009/08/27 20:30:00"
      },
      {
        "y": 5276769.84,
        "time": "2009/08/27 20:45:00"
      },
      {
        "y": 6283427.4,
        "time": "2009/08/27 21:00:00"
      },
      {
        "y": 5557476.96,
        "time": "2009/08/27 21:15:00"
      },
      {
        "y": 6850662.84,
        "time": "2009/08/27 21:30:00"
      },
      {
        "y": 2958399.0,
        "time": "2009/08/27 21:45:00"
      },
      {
        "y": 97057.944,
        "time": "2009/08/27 22:00:00"
      },
      {
        "y": 98719.92,
        "time": "2009/08/27 22:15:00"
      },
      {
        "y": 97888.932,
        "time": "2009/08/27 22:30:00"
      },
      {
        "y": 97057.944,
        "time": "2009/08/27 22:45:00"
      },
      {
        "y": 97224.156,
        "time": "2009/08/27 23:00:00"
      },
      {
        "y": 97888.932,
        "time": "2009/08/27 23:15:00"
      },
      {
        "y": 97057.944,
        "time": "2009/08/27 23:30:00"
      },
      {
        "y": 97224.156,
        "time": "2009/08/27 23:45:00"
      }
    ],
    "cvrmse": 33.354552,
    "nmbe": 16.109297
  }
]