[
  {
    "name": "Rooftop Cooling Coil Simulated",
    "type": "Cooling Coil Electric Energy",
    "color": "blue",
    "units": "J",
    "displayname": "Cooling Consumption",
    "data": [
      {
        "y": 0.0,
        "time": "2009/08/29 00:00:00"
      },
      {
        "y": 0.0,
        "time": "2009/08/29 00:15:00"
      },
      {
        "y": 0.0,
        "time": "2009/08/29 00:30:00"
      },
      {
        "y": 0.0,
        "time": "2009/08/29 00:45:00"
      },
      {
        "y": 0.0,
        "time": "2009/08/29 01:00:00"
      },
      {
        "y": 0.0,
        "time": "2009/08/29 01:15:00"
      },
      {
        "y": 0.0,
        "time": "2009/08/29 01:30:00"
      },
      {
        "y": 0.0,
        "time": "2009/08/29 01:45:00"
      },
      {
        "y": 0.0,
        "time": "2009/08/29 02:00:00"
      },
      {
        "y": 0.0,
        "time": "2009/08/29 02:15:00"
      },
      {
        "y": 0.0,
        "time": "2009/08/29 02:30:00"
      },
      {
        "y": 0.0,
        "time": "2009/08/29 02:45:00"
      },
      {
        "y": 0.0,
        "time": "2009/08/29 03:00:00"
      },
      {
        "y": 0.0,
        "time": "2009/08/29 03:15:00"
      },
      {
        "y": 0.0,
        "time": "2009/08/29 03:30:00"
      },
      {
        "y": 0.0,
        "time": "2009/08/29 03:45:00"
      },
      {
        "y": 0.0,
        "time": "2009/08/29 04:00:00"
      },
      {
        "y": 0.0,
        "time": "2009/08/29 04:15:00"
      },
      {
        "y": 0.0,
        "time": "2009/08/29 04:30:00"
      },
      {
        "y": 0.0,
        "time": "2009/08/29 04:45:00"
      },
      {
        "y": 0.0,
        "time": "2009/08/29 05:00:00"
      },
      {
        "y": 0.0,
        "time": "2009/08/29 05:15:00"
      },
      {
        "y": 0.0,
        "time": "2009/08/29 05:30:00"
      },
      {
        "y": 0.0,
        "time": "2009/08/29 05:45:00"
      },
      {
        "y": 0.0,
        "time": "2009/08/29 06:00:00"
      },
      {
        "y": 0.0,
        "time": "2009/08/29 06:15:00"
      },
      {
        "y": 0.0,
        "time": "2009/08/29 06:30:00"
      },
      {
        "y": 0.0,
        "time": "2009/08/29 06:45:00"
      },
      {
        "y": 10119158.175829,
        "time": "2009/08/29 07:00:00"
      },
      {
        "y": 7542072.067326,
        "time": "2009/08/29 07:15:00"
      },
      {
        "y": 5832772.904883,
        "time": "2009/08/29 07:30:00"
      },
      {
        "y": 5123583.661204,
        "time": "2009/08/29 07:45:00"
      },
      {
        "y": 5012151.190696,
        "time": "2009/08/29 08:00:00"
      },
      {
        "y": 5009234.420368,
        "time": "2009/08/29 08:15:00"
      },
      {
        "y": 4960348.704103,
        "time": "2009/08/29 08:30:00"
      },
      {
        "y": 4983156.275386,
        "time": "2009/08/29 08:45:00"
      },
      {
        "y": 5001663.493703,
        "time": "2009/08/29 09:00:00"
      },
      {
        "y": 5040293.22339,
        "time": "2009/08/29 09:15:00"
      },
      {
        "y": 5076862.046142,
        "time": "2009/08/29 09:30:00"
      },
      {
        "y": 5166806.955735,
        "time": "2009/08/29 09:45:00"
      },
      {
        "y": 5194598.486712,
        "time": "2009/08/29 10:00:00"
      },
      {
        "y": 5310236.151121,
        "time": "2009/08/29 10:15:00"
      },
      {
        "y": 5392249.144778,
        "time": "2009/08/29 10:30:00"
      },
      {
        "y": 5471105.482055,
        "time": "2009/08/29 10:45:00"
      },
      {
        "y": 5574749.060619,
        "time": "2009/08/29 11:00:00"
      },
      {
        "y": 5615660.596448,
        "time": "2009/08/29 11:15:00"
      },
      {
        "y": 5660140.998625,
        "time": "2009/08/29 11:30:00"
      },
      {
        "y": 5712307.353531,
        "time": "2009/08/29 11:45:00"
      },
      {
        "y": 5821427.91882,
        "time": "2009/08/29 12:00:00"
      },
      {
        "y": 5899986.69012,
        "time": "2009/08/29 12:15:00"
      },
      {
        "y": 5947049.074623,
        "time": "2009/08/29 12:30:00"
      },
      {
        "y": 6036840.228479,
        "time": "2009/08/29 12:45:00"
      },
      {
        "y": 6061437.113279,
        "time": "2009/08/29 13:00:00"
      },
      {
        "y": 6113866.424966,
        "time": "2009/08/29 13:15:00"
      },
      {
        "y": 6244646.097664,
        "time": "2009/08/29 13:30:00"
      },
      {
        "y": 6283416.112611,
        "time": "2009/08/29 13:45:00"
      },
      {
        "y": 6285910.362666,
        "time": "2009/08/29 14:00:00"
      },
      {
        "y": 6323484.099535,
        "time": "2009/08/29 14:15:00"
      },
      {
        "y": 6394183.245079,
        "time": "2009/08/29 14:30:00"
      },
      {
        "y": 6505899.7772,
        "time": "2009/08/29 14:45:00"
      },
      {
        "y": 6607864.209382,
        "time": "2009/08/29 15:00:00"
      },
      {
        "y": 6656707.763201,
        "time": "2009/08/29 15:15:00"
      },
      {
        "y": 6739451.78437,
        "time": "2009/08/29 15:30:00"
      },
      {
        "y": 6809934.086224,
        "time": "2009/08/29 15:45:00"
      },
      {
        "y": 6830020.8334,
        "time": "2009/08/29 16:00:00"
      },
      {
        "y": 6922522.113282,
        "time": "2009/08/29 16:15:00"
      },
      {
        "y": 6919980.835545,
        "time": "2009/08/29 16:30:00"
      },
      {
        "y": 6940936.821854,
        "time": "2009/08/29 16:45:00"
      },
      {
        "y": 7031515.795579,
        "time": "2009/08/29 17:00:00"
      },
      {
        "y": 7095462.853774,
        "time": "2009/08/29 17:15:00"
      },
      {
        "y": 7082354.014182,
        "time": "2009/08/29 17:30:00"
      },
      {
        "y": 7111589.356043,
        "time": "2009/08/29 17:45:00"
      },
      {
        "y": 7081653.734014,
        "time": "2009/08/29 18:00:00"
      },
      {
        "y": 7050617.832584,
        "time": "2009/08/29 18:15:00"
      },
      {
        "y": 7058959.114483,
        "time": "2009/08/29 18:30:00"
      },
      {
        "y": 6964390.414233,
        "time": "2009/08/29 18:45:00"
      },
      {
        "y": 6844280.408734,
        "time": "2009/08/29 19:00:00"
      },
      {
        "y": 6739411.249763,
        "time": "2009/08/29 19:15:00"
      },
      {
        "y": 6615094.525939,
        "time": "2009/08/29 19:30:00"
      },
      {
        "y": 6458774.610753,
        "time": "2009/08/29 19:45:00"
      },
      {
        "y": 6355734.664476,
        "time": "2009/08/29 20:00:00"
      },
      {
        "y": 6248868.48335,
        "time": "2009/08/29 20:15:00"
      },
      {
        "y": 6149131.635859,
        "time": "2009/08/29 20:30:00"
      },
      {
        "y": 6060228.800095,
        "time": "2009/08/29 20:45:00"
      },
      {
        "y": 5938462.320433,
        "time": "2009/08/29 21:00:00"
      },
      {
        "y": 5873822.597499,
        "time": "2009/08/29 21:15:00"
      },
      {
        "y": 5799357.642455,
        "time": "2009/08/29 21:30:00"
      },
      {
        "y": 0.0,
        "time": "2009/08/29 21:45:00"
      },
      {
        "y": 0.0,
        "time": "2009/08/29 22:00:00"
      },
      {
        "y": 0.0,
        "time": "2009/08/29 22:15:00"
      },
      {
        "y": 0.0,
        "time": "2009/08/29 22:30:00"
      },
      {
        "y": 0.0,
        "time": "2009/08/29 22:45:00"
      },
      {
        "y": 0.0,
        "time": "2009/08/29 23:00:00"
      },
      {
        "y": 0.0,
        "time": "2009/08/29 23:15:00"
      },
      {
        "y": 0.0,
        "time": "2009/08/29 23:30:00"
      },
      {
        "y": 0.0,
        "time": "2009/08/29 23:45:00"
      }
    ],
    "cvrmse": 55.244319,
    "nmbe": 29.64481
  },
  {
    "name": "Rooftop Cooling Coil Metered",
    "type": "Cooling Coil Electric Energy",
    "color": "red",
    "units": "J",
    "displayname": "Cooling Consumption",
    "data": [
      {
        "y": 97888.932,
        "time": "2009/08/29 00:00:00"
      },
      {
        "y": 97888.932,
        "time": "2009/08/29 00:15:00"
      },
      {
        "y": 97888.932,
        "time": "2009/08/29 00:30:00"
      },
      {
        "y": 98719.92,
        "time": "2009/08/29 00:45:00"
      },
      {
        "y": 97888.932,
        "time": "2009/08/29 01:00:00"
      },
      {
        "y": 98719.92,
        "time": "2009/08/29 01:15:00"
      },
      {
        "y": 97888.932,
        "time": "2009/08/29 01:30:00"
      },
      {
        "y": 98719.92,
        "time": "2009/08/29 01:45:00"
      },
      {
        "y": 98719.92,
        "time": "2009/08/29 02:00:00"
      },
      {
        "y": 97888.932,
        "time": "2009/08/29 02:15:00"
      },
      {
        "y": 98719.92,
        "time": "2009/08/29 02:30:00"
      },
      {
        "y": 97722.72,
        "time": "2009/08/29 02:45:00"
      },
      {
        "y": 98719.92,
        "time": "2009/08/29 03:00:00"
      },
      {
        "y": 97888.932,
        "time": "2009/08/29 03:15:00"
      },
      {
        "y": 98553.708,
        "time": "2009/08/29 03:30:00"
      },
      {
        "y": 98719.92,
        "time": "2009/08/29 03:45:00"
      },
      {
        "y": 97888.932,
        "time": "2009/08/29 04:00:00"
      },
      {
        "y": 98719.92,
        "time": "2009/08/29 04:15:00"
      },
      {
        "y": 98719.92,
        "time": "2009/08/29 04:30:00"
      },
      {
        "y": 98055.144,
        "time": "2009/08/29 04:45:00"
      },
      {
        "y": 98719.92,
        "time": "2009/08/29 05:00:00"
      },
      {
        "y": 97888.932,
        "time": "2009/08/29 05:15:00"
      },
      {
        "y": 97888.932,
        "time": "2009/08/29 05:30:00"
      },
      {
        "y": 98055.144,
        "time": "2009/08/29 05:45:00"
      },
      {
        "y": 97888.932,
        "time": "2009/08/29 06:00:00"
      },
      {
        "y": 98719.92,
        "time": "2009/08/29 06:15:00"
      },
      {
        "y": 97888.932,
        "time": "2009/08/29 06:30:00"
      },
      {
        "y": 1076735.88,
        "time": "2009/08/29 06:45:00"
      },
      {
        "y": 1009318.32,
        "time": "2009/08/29 07:00:00"
      },
      {
        "y": 9301242.6,
        "time": "2009/08/29 07:15:00"
      },
      {
        "y": 8564655.6,
        "time": "2009/08/29 07:30:00"
      },
      {
        "y": 7575115.68,
        "time": "2009/08/29 07:45:00"
      },
      {
        "y": 5407899.12,
        "time": "2009/08/29 08:00:00"
      },
      {
        "y": 3481672.32,
        "time": "2009/08/29 08:15:00"
      },
      {
        "y": 6422369.04,
        "time": "2009/08/29 08:30:00"
      },
      {
        "y": 5530223.16,
        "time": "2009/08/29 08:45:00"
      },
      {
        "y": 5460252.12,
        "time": "2009/08/29 09:00:00"
      },
      {
        "y": 4618959.48,
        "time": "2009/08/29 09:15:00"
      },
      {
        "y": 6935257.44,
        "time": "2009/08/29 09:30:00"
      },
      {
        "y": 7560824.76,
        "time": "2009/08/29 09:45:00"
      },
      {
        "y": 7270145.28,
        "time": "2009/08/29 10:00:00"
      },
      {
        "y": 6705072.72,
        "time": "2009/08/29 10:15:00"
      },
      {
        "y": 6655877.28,
        "time": "2009/08/29 10:30:00"
      },
      {
        "y": 6883238.16,
        "time": "2009/08/29 10:45:00"
      },
      {
        "y": 7343605.44,
        "time": "2009/08/29 11:00:00"
      },
      {
        "y": 5991753.24,
        "time": "2009/08/29 11:15:00"
      },
      {
        "y": 8236583.64,
        "time": "2009/08/29 11:30:00"
      },
      {
        "y": 6080171.4,
        "time": "2009/08/29 11:45:00"
      },
      {
        "y": 11449846.8,
        "time": "2009/08/29 12:00:00"
      },
      {
        "y": 6780861.0,
        "time": "2009/08/29 12:15:00"
      },
      {
        "y": 6171411.96,
        "time": "2009/08/29 12:30:00"
      },
      {
        "y": 6259997.88,
        "time": "2009/08/29 12:45:00"
      },
      {
        "y": 11481924.24,
        "time": "2009/08/29 13:00:00"
      },
      {
        "y": 13608255.24,
        "time": "2009/08/29 13:15:00"
      },
      {
        "y": 6681142.44,
        "time": "2009/08/29 13:30:00"
      },
      {
        "y": 9946924.2,
        "time": "2009/08/29 13:45:00"
      },
      {
        "y": 8498842.92,
        "time": "2009/08/29 14:00:00"
      },
      {
        "y": 10482579.36,
        "time": "2009/08/29 14:15:00"
      },
      {
        "y": 8489036.88,
        "time": "2009/08/29 14:30:00"
      },
      {
        "y": 11700971.64,
        "time": "2009/08/29 14:45:00"
      },
      {
        "y": 7847351.64,
        "time": "2009/08/29 15:00:00"
      },
      {
        "y": 10077057.72,
        "time": "2009/08/29 15:15:00"
      },
      {
        "y": 13985525.16,
        "time": "2009/08/29 15:30:00"
      },
      {
        "y": 13935665.88,
        "time": "2009/08/29 15:45:00"
      },
      {
        "y": 13954279.32,
        "time": "2009/08/29 16:00:00"
      },
      {
        "y": 7098963.48,
        "time": "2009/08/29 16:15:00"
      },
      {
        "y": 10742347.44,
        "time": "2009/08/29 16:30:00"
      },
      {
        "y": 14190112.8,
        "time": "2009/08/29 16:45:00"
      },
      {
        "y": 14132943.0,
        "time": "2009/08/29 17:00:00"
      },
      {
        "y": 13186612.8,
        "time": "2009/08/29 17:15:00"
      },
      {
        "y": 6485358.96,
        "time": "2009/08/29 17:30:00"
      },
      {
        "y": 12424266.72,
        "time": "2009/08/29 17:45:00"
      },
      {
        "y": 14151224.52,
        "time": "2009/08/29 18:00:00"
      },
      {
        "y": 13934167.92,
        "time": "2009/08/29 18:15:00"
      },
      {
        "y": 12281834.16,
        "time": "2009/08/29 18:30:00"
      },
      {
        "y": 9342959.76,
        "time": "2009/08/29 18:45:00"
      },
      {
        "y": 10839404.16,
        "time": "2009/08/29 19:00:00"
      },
      {
        "y": 9910856.88,
        "time": "2009/08/29 19:15:00"
      },
      {
        "y": 8870959.44,
        "time": "2009/08/29 19:30:00"
      },
      {
        "y": 7421383.44,
        "time": "2009/08/29 19:45:00"
      },
      {
        "y": 9157814.28,
        "time": "2009/08/29 20:00:00"
      },
      {
        "y": 5898183.12,
        "time": "2009/08/29 20:15:00"
      },
      {
        "y": 5868432.36,
        "time": "2009/08/29 20:30:00"
      },
      {
        "y": 5843836.44,
        "time": "2009/08/29 20:45:00"
      },
      {
        "y": 8642436.48,
        "time": "2009/08/29 21:00:00"
      },
      {
        "y": 8242565.76,
        "time": "2009/08/29 21:15:00"
      },
      {
        "y": 6842018.52,
        "time": "2009/08/29 21:30:00"
      },
      {
        "y": 2813311.44,
        "time": "2009/08/29 21:45:00"
      },
      {
        "y": 97722.72,
        "time": "2009/08/29 22:00:00"
      },
      {
        "y": 97224.156,
        "time": "2009/08/29 22:15:00"
      },
      {
        "y": 97057.944,
        "time": "2009/08/29 22:30:00"
      },
      {
        "y": 98719.92,
        "time": "2009/08/29 22:45:00"
      },
      {
        "y": 97722.72,
        "time": "2009/08/29 23:00:00"
      },
      {
        "y": 97888.932,
        "time": "2009/08/29 23:15:00"
      },
      {
        "y": 96891.732,
        "time": "2009/08/29 23:30:00"
      },
      {
        "y": 97888.932,
        "time": "2009/08/29 23:45:00"
      }
    ],
    "cvrmse": 55.244319,
    "nmbe": 29.64481
  }
]