[
  {
    "name": "ROOFTOP MIXED AIR OUTLET Simulated",
    "type": "System Node Temperature",
    "color": "blue",
    "units": "C",
    "displayname": "RTU Enter",
    "data": [
      {
        "y": 21.345667,
        "time": "2009/09/02 06:45:00"
      },
      {
        "y": 20.697729,
        "time": "2009/09/02 07:00:00"
      },
      {
        "y": 19.456887,
        "time": "2009/09/02 07:15:00"
      },
      {
        "y": 19.091504,
        "time": "2009/09/02 07:30:00"
      },
      {
        "y": 19.164886,
        "time": "2009/09/02 07:45:00"
      },
      {
        "y": 19.644304,
        "time": "2009/09/02 08:00:00"
      },
      {
        "y": 19.926208,
        "time": "2009/09/02 08:15:00"
      },
      {
        "y": 20.13637,
        "time": "2009/09/02 08:30:00"
      },
      {
        "y": 20.143189,
        "time": "2009/09/02 08:45:00"
      },
      {
        "y": 20.174833,
        "time": "2009/09/02 09:00:00"
      },
      {
        "y": 20.18784,
        "time": "2009/09/02 09:15:00"
      },
      {
        "y": 20.199128,
        "time": "2009/09/02 09:30:00"
      },
      {
        "y": 20.192222,
        "time": "2009/09/02 09:45:00"
      },
      {
        "y": 20.196467,
        "time": "2009/09/02 10:00:00"
      },
      {
        "y": 20.21483,
        "time": "2009/09/02 10:15:00"
      },
      {
        "y": 20.220474,
        "time": "2009/09/02 10:30:00"
      },
      {
        "y": 20.232424,
        "time": "2009/09/02 10:45:00"
      },
      {
        "y": 20.247586,
        "time": "2009/09/02 11:00:00"
      },
      {
        "y": 20.243522,
        "time": "2009/09/02 11:15:00"
      },
      {
        "y": 20.241254,
        "time": "2009/09/02 11:30:00"
      },
      {
        "y": 20.242001,
        "time": "2009/09/02 11:45:00"
      },
      {
        "y": 20.269291,
        "time": "2009/09/02 12:00:00"
      },
      {
        "y": 20.286942,
        "time": "2009/09/02 12:15:00"
      },
      {
        "y": 20.279081,
        "time": "2009/09/02 12:30:00"
      },
      {
        "y": 20.268408,
        "time": "2009/09/02 12:45:00"
      },
      {
        "y": 20.284042,
        "time": "2009/09/02 13:00:00"
      },
      {
        "y": 20.287123,
        "time": "2009/09/02 13:15:00"
      },
      {
        "y": 20.287174,
        "time": "2009/09/02 13:30:00"
      },
      {
        "y": 20.286268,
        "time": "2009/09/02 13:45:00"
      },
      {
        "y": 20.308631,
        "time": "2009/09/02 14:00:00"
      },
      {
        "y": 20.318616,
        "time": "2009/09/02 14:15:00"
      },
      {
        "y": 20.336854,
        "time": "2009/09/02 14:30:00"
      },
      {
        "y": 20.33755,
        "time": "2009/09/02 14:45:00"
      },
      {
        "y": 20.3398,
        "time": "2009/09/02 15:00:00"
      },
      {
        "y": 20.357098,
        "time": "2009/09/02 15:15:00"
      },
      {
        "y": 20.370691,
        "time": "2009/09/02 15:30:00"
      },
      {
        "y": 20.380215,
        "time": "2009/09/02 15:45:00"
      },
      {
        "y": 20.381505,
        "time": "2009/09/02 16:00:00"
      },
      {
        "y": 20.389053,
        "time": "2009/09/02 16:15:00"
      },
      {
        "y": 20.410978,
        "time": "2009/09/02 16:30:00"
      },
      {
        "y": 20.458956,
        "time": "2009/09/02 16:45:00"
      },
      {
        "y": 20.513175,
        "time": "2009/09/02 17:00:00"
      },
      {
        "y": 20.554432,
        "time": "2009/09/02 17:15:00"
      },
      {
        "y": 20.567339,
        "time": "2009/09/02 17:30:00"
      },
      {
        "y": 20.569123,
        "time": "2009/09/02 17:45:00"
      },
      {
        "y": 20.553531,
        "time": "2009/09/02 18:00:00"
      },
      {
        "y": 20.536617,
        "time": "2009/09/02 18:15:00"
      },
      {
        "y": 20.606323,
        "time": "2009/09/02 18:30:00"
      },
      {
        "y": 20.709584,
        "time": "2009/09/02 18:45:00"
      },
      {
        "y": 20.83537,
        "time": "2009/09/02 19:00:00"
      },
      {
        "y": 20.821588,
        "time": "2009/09/02 19:15:00"
      },
      {
        "y": 20.731184,
        "time": "2009/09/02 19:30:00"
      },
      {
        "y": 20.636341,
        "time": "2009/09/02 19:45:00"
      },
      {
        "y": 20.583155,
        "time": "2009/09/02 20:00:00"
      },
      {
        "y": 20.516837,
        "time": "2009/09/02 20:15:00"
      },
      {
        "y": 20.469822,
        "time": "2009/09/02 20:30:00"
      },
      {
        "y": 20.432047,
        "time": "2009/09/02 20:45:00"
      },
      {
        "y": 20.415162,
        "time": "2009/09/02 21:00:00"
      },
      {
        "y": 20.4065,
        "time": "2009/09/02 21:15:00"
      },
      {
        "y": 20.387069,
        "time": "2009/09/02 21:30:00"
      },
      {
        "y": 20.627696,
        "time": "2009/09/02 21:45:00"
      }
    ],
    "cvrmse": 2.083773,
    "nmbe": 0.543518
  },
  {
    "name": "ROOFTOP MIXED AIR OUTLET Metered",
    "type": "System Node Temperature",
    "color": "red",
    "units": "C",
    "displayname": "RTU Enter",
    "data": [
      {
        "y": 22.25178,
        "time": "2009/09/02 06:45:00"
      },
      {
        "y": 21.97398,
        "time": "2009/09/02 07:00:00"
      },
      {
        "y": 21.079464,
        "time": "2009/09/02 07:15:00"
      },
      {
        "y": 20.601648,
        "time": "2009/09/02 07:30:00"
      },
      {
        "y": 20.373852,
        "time": "2009/09/02 07:45:00"
      },
      {
        "y": 20.412744,
        "time": "2009/09/02 08:00:00"
      },
      {
        "y": 20.401632,
        "time": "2009/09/02 08:15:00"
      },
      {
        "y": 20.384964,
        "time": "2009/09/02 08:30:00"
      },
      {
        "y": 20.329404,
        "time": "2009/09/02 08:45:00"
      },
      {
        "y": 20.323848,
        "time": "2009/09/02 09:00:00"
      },
      {
        "y": 20.429412,
        "time": "2009/09/02 09:15:00"
      },
      {
        "y": 20.36274,
        "time": "2009/09/02 09:30:00"
      },
      {
        "y": 20.457192,
        "time": "2009/09/02 09:45:00"
      },
      {
        "y": 20.379408,
        "time": "2009/09/02 10:00:00"
      },
      {
        "y": 20.312736,
        "time": "2009/09/02 10:15:00"
      },
      {
        "y": 20.2794,
        "time": "2009/09/02 10:30:00"
      },
      {
        "y": 20.290512,
        "time": "2009/09/02 10:45:00"
      },
      {
        "y": 20.2794,
        "time": "2009/09/02 11:00:00"
      },
      {
        "y": 20.257176,
        "time": "2009/09/02 11:15:00"
      },
      {
        "y": 20.273844,
        "time": "2009/09/02 11:30:00"
      },
      {
        "y": 20.318292,
        "time": "2009/09/02 11:45:00"
      },
      {
        "y": 20.329404,
        "time": "2009/09/02 12:00:00"
      },
      {
        "y": 20.318292,
        "time": "2009/09/02 12:15:00"
      },
      {
        "y": 20.323848,
        "time": "2009/09/02 12:30:00"
      },
      {
        "y": 20.33496,
        "time": "2009/09/02 12:45:00"
      },
      {
        "y": 20.329404,
        "time": "2009/09/02 13:00:00"
      },
      {
        "y": 20.301624,
        "time": "2009/09/02 13:15:00"
      },
      {
        "y": 20.329404,
        "time": "2009/09/02 13:30:00"
      },
      {
        "y": 20.368296,
        "time": "2009/09/02 13:45:00"
      },
      {
        "y": 20.373852,
        "time": "2009/09/02 14:00:00"
      },
      {
        "y": 20.368296,
        "time": "2009/09/02 14:15:00"
      },
      {
        "y": 20.379408,
        "time": "2009/09/02 14:30:00"
      },
      {
        "y": 20.379408,
        "time": "2009/09/02 14:45:00"
      },
      {
        "y": 20.373852,
        "time": "2009/09/02 15:00:00"
      },
      {
        "y": 20.368296,
        "time": "2009/09/02 15:15:00"
      },
      {
        "y": 20.373852,
        "time": "2009/09/02 15:30:00"
      },
      {
        "y": 20.357184,
        "time": "2009/09/02 15:45:00"
      },
      {
        "y": 20.396076,
        "time": "2009/09/02 16:00:00"
      },
      {
        "y": 20.401632,
        "time": "2009/09/02 16:15:00"
      },
      {
        "y": 20.440524,
        "time": "2009/09/02 16:30:00"
      },
      {
        "y": 20.551644,
        "time": "2009/09/02 16:45:00"
      },
      {
        "y": 20.58498,
        "time": "2009/09/02 17:00:00"
      },
      {
        "y": 20.496084,
        "time": "2009/09/02 17:15:00"
      },
      {
        "y": 20.5572,
        "time": "2009/09/02 17:30:00"
      },
      {
        "y": 20.50164,
        "time": "2009/09/02 17:45:00"
      },
      {
        "y": 20.384964,
        "time": "2009/09/02 18:00:00"
      },
      {
        "y": 20.36274,
        "time": "2009/09/02 18:15:00"
      },
      {
        "y": 20.434968,
        "time": "2009/09/02 18:30:00"
      },
      {
        "y": 20.601648,
        "time": "2009/09/02 18:45:00"
      },
      {
        "y": 20.468304,
        "time": "2009/09/02 19:00:00"
      },
      {
        "y": 20.479416,
        "time": "2009/09/02 19:15:00"
      },
      {
        "y": 20.401632,
        "time": "2009/09/02 19:30:00"
      },
      {
        "y": 20.296068,
        "time": "2009/09/02 19:45:00"
      },
      {
        "y": 20.240508,
        "time": "2009/09/02 20:00:00"
      },
      {
        "y": 20.207172,
        "time": "2009/09/02 20:15:00"
      },
      {
        "y": 20.262732,
        "time": "2009/09/02 20:30:00"
      },
      {
        "y": 20.357184,
        "time": "2009/09/02 20:45:00"
      },
      {
        "y": 20.451636,
        "time": "2009/09/02 21:00:00"
      },
      {
        "y": 20.296068,
        "time": "2009/09/02 21:15:00"
      },
      {
        "y": 20.33496,
        "time": "2009/09/02 21:30:00"
      },
      {
        "y": 20.19606,
        "time": "2009/09/02 21:45:00"
      }
    ],
    "cvrmse": 2.083773,
    "nmbe": 0.543518
  }
]