[
  {
    "name": "Environment Simulated",
    "type": "Site Outdoor Air Drybulb Temperature",
    "color": "blue",
    "units": "C",
    "displayname": "Outdoor Air Temperature",
    "data": [
      {
        "y": 21.8,
        "time": "2009/09/01 00:00:00"
      },
      {
        "y": 21.8,
        "time": "2009/09/01 00:15:00"
      },
      {
        "y": 21.7,
        "time": "2009/09/01 00:30:00"
      },
      {
        "y": 21.7,
        "time": "2009/09/01 00:45:00"
      },
      {
        "y": 21.7,
        "time": "2009/09/01 01:00:00"
      },
      {
        "y": 21.7,
        "time": "2009/09/01 01:15:00"
      },
      {
        "y": 21.8,
        "time": "2009/09/01 01:30:00"
      },
      {
        "y": 21.7,
        "time": "2009/09/01 01:45:00"
      },
      {
        "y": 21.6,
        "time": "2009/09/01 02:00:00"
      },
      {
        "y": 21.6,
        "time": "2009/09/01 02:15:00"
      },
      {
        "y": 21.6,
        "time": "2009/09/01 02:30:00"
      },
      {
        "y": 21.5,
        "time": "2009/09/01 02:45:00"
      },
      {
        "y": 21.6,
        "time": "2009/09/01 03:00:00"
      },
      {
        "y": 21.4,
        "time": "2009/09/01 03:15:00"
      },
      {
        "y": 21.2,
        "time": "2009/09/01 03:30:00"
      },
      {
        "y": 21.1,
        "time": "2009/09/01 03:45:00"
      },
      {
        "y": 21.0,
        "time": "2009/09/01 04:00:00"
      },
      {
        "y": 21.0,
        "time": "2009/09/01 04:15:00"
      },
      {
        "y": 20.9,
        "time": "2009/09/01 04:30:00"
      },
      {
        "y": 20.8,
        "time": "2009/09/01 04:45:00"
      },
      {
        "y": 20.7,
        "time": "2009/09/01 05:00:00"
      },
      {
        "y": 20.7,
        "time": "2009/09/01 05:15:00"
      },
      {
        "y": 20.7,
        "time": "2009/09/01 05:30:00"
      },
      {
        "y": 20.7,
        "time": "2009/09/01 05:45:00"
      },
      {
        "y": 20.7,
        "time": "2009/09/01 06:00:00"
      },
      {
        "y": 20.8,
        "time": "2009/09/01 06:15:00"
      },
      {
        "y": 20.8,
        "time": "2009/09/01 06:30:00"
      },
      {
        "y": 20.7,
        "time": "2009/09/01 06:45:00"
      },
      {
        "y": 20.7,
        "time": "2009/09/01 07:00:00"
      },
      {
        "y": 20.7,
        "time": "2009/09/01 07:15:00"
      },
      {
        "y": 20.7,
        "time": "2009/09/01 07:30:00"
      },
      {
        "y": 20.6,
        "time": "2009/09/01 07:45:00"
      },
      {
        "y": 20.6,
        "time": "2009/09/01 08:00:00"
      },
      {
        "y": 20.6,
        "time": "2009/09/01 08:15:00"
      },
      {
        "y": 20.9,
        "time": "2009/09/01 08:30:00"
      },
      {
        "y": 20.8,
        "time": "2009/09/01 08:45:00"
      },
      {
        "y": 20.7,
        "time": "2009/09/01 09:00:00"
      },
      {
        "y": 20.9,
        "time": "2009/09/01 09:15:00"
      },
      {
        "y": 21.0,
        "time": "2009/09/01 09:30:00"
      },
      {
        "y": 21.2,
        "time": "2009/09/01 09:45:00"
      },
      {
        "y": 21.5,
        "time": "2009/09/01 10:00:00"
      },
      {
        "y": 22.1,
        "time": "2009/09/01 10:15:00"
      },
      {
        "y": 23.1,
        "time": "2009/09/01 10:30:00"
      },
      {
        "y": 23.0,
        "time": "2009/09/01 10:45:00"
      },
      {
        "y": 23.9,
        "time": "2009/09/01 11:00:00"
      },
      {
        "y": 24.7,
        "time": "2009/09/01 11:15:00"
      },
      {
        "y": 24.6,
        "time": "2009/09/01 11:30:00"
      },
      {
        "y": 24.0,
        "time": "2009/09/01 11:45:00"
      },
      {
        "y": 23.8,
        "time": "2009/09/01 12:00:00"
      },
      {
        "y": 24.2,
        "time": "2009/09/01 12:15:00"
      },
      {
        "y": 24.2,
        "time": "2009/09/01 12:30:00"
      },
      {
        "y": 24.4,
        "time": "2009/09/01 12:45:00"
      },
      {
        "y": 24.4,
        "time": "2009/09/01 13:00:00"
      },
      {
        "y": 24.3,
        "time": "2009/09/01 13:15:00"
      },
      {
        "y": 24.0,
        "time": "2009/09/01 13:30:00"
      },
      {
        "y": 23.9,
        "time": "2009/09/01 13:45:00"
      },
      {
        "y": 24.0,
        "time": "2009/09/01 14:00:00"
      },
      {
        "y": 24.0,
        "time": "2009/09/01 14:15:00"
      },
      {
        "y": 24.3,
        "time": "2009/09/01 14:30:00"
      },
      {
        "y": 24.2,
        "time": "2009/09/01 14:45:00"
      },
      {
        "y": 23.2,
        "time": "2009/09/01 15:00:00"
      },
      {
        "y": 24.0,
        "time": "2009/09/01 15:15:00"
      },
      {
        "y": 24.2,
        "time": "2009/09/01 15:30:00"
      },
      {
        "y": 24.8,
        "time": "2009/09/01 15:45:00"
      },
      {
        "y": 24.4,
        "time": "2009/09/01 16:00:00"
      },
      {
        "y": 22.1,
        "time": "2009/09/01 16:15:00"
      },
      {
        "y": 22.0,
        "time": "2009/09/01 16:30:00"
      },
      {
        "y": 22.5,
        "time": "2009/09/01 16:45:00"
      },
      {
        "y": 22.8,
        "time": "2009/09/01 17:00:00"
      },
      {
        "y": 22.8,
        "time": "2009/09/01 17:15:00"
      },
      {
        "y": 22.7,
        "time": "2009/09/01 17:30:00"
      },
      {
        "y": 21.8,
        "time": "2009/09/01 17:45:00"
      },
      {
        "y": 21.7,
        "time": "2009/09/01 18:00:00"
      },
      {
        "y": 21.7,
        "time": "2009/09/01 18:15:00"
      },
      {
        "y": 21.7,
        "time": "2009/09/01 18:30:00"
      },
      {
        "y": 21.4,
        "time": "2009/09/01 18:45:00"
      },
      {
        "y": 21.2,
        "time": "2009/09/01 19:00:00"
      },
      {
        "y": 20.3,
        "time": "2009/09/01 19:15:00"
      },
      {
        "y": 20.5,
        "time": "2009/09/01 19:30:00"
      },
      {
        "y": 20.7,
        "time": "2009/09/01 19:45:00"
      },
      {
        "y": 20.6,
        "time": "2009/09/01 20:00:00"
      },
      {
        "y": 20.5,
        "time": "2009/09/01 20:15:00"
      },
      {
        "y": 19.9,
        "time": "2009/09/01 20:30:00"
      },
      {
        "y": 18.4,
        "time": "2009/09/01 20:45:00"
      },
      {
        "y": 18.4,
        "time": "2009/09/01 21:00:00"
      },
      {
        "y": 18.4,
        "time": "2009/09/01 21:15:00"
      },
      {
        "y": 18.3,
        "time": "2009/09/01 21:30:00"
      },
      {
        "y": 18.0,
        "time": "2009/09/01 21:45:00"
      },
      {
        "y": 17.9,
        "time": "2009/09/01 22:00:00"
      },
      {
        "y": 17.9,
        "time": "2009/09/01 22:15:00"
      },
      {
        "y": 18.0,
        "time": "2009/09/01 22:30:00"
      },
      {
        "y": 18.1,
        "time": "2009/09/01 22:45:00"
      },
      {
        "y": 18.0,
        "time": "2009/09/01 23:00:00"
      },
      {
        "y": 17.5,
        "time": "2009/09/01 23:15:00"
      },
      {
        "y": 16.7,
        "time": "2009/09/01 23:30:00"
      },
      {
        "y": 16.6,
        "time": "2009/09/01 23:45:00"
      }
    ],
    "cvrmse": 0.147412,
    "nmbe": 0.001529
  },
  {
    "name": "Environment Metered",
    "type": "Site Outdoor Air Drybulb Temperature",
    "color": "red",
    "units": "C",
    "displayname": "Outdoor Air Temperature",
    "data": [
      {
        "y": 21.790632,
        "time": "2009/09/01 00:00:00"
      },
      {
        "y": 21.846192,
        "time": "2009/09/01 00:15:00"
      },
      {
        "y": 21.72396,
        "time": "2009/09/01 00:30:00"
      },
      {
        "y": 21.718404,
        "time": "2009/09/01 00:45:00"
      },
      {
        "y": 21.729516,
        "time": "2009/09/01 01:00:00"
      },
      {
        "y": 21.746184,
        "time": "2009/09/01 01:15:00"
      },
      {
        "y": 21.757296,
        "time": "2009/09/01 01:30:00"
      },
      {
        "y": 21.69618,
        "time": "2009/09/01 01:45:00"
      },
      {
        "y": 21.61284,
        "time": "2009/09/01 02:00:00"
      },
      {
        "y": 21.568392,
        "time": "2009/09/01 02:15:00"
      },
      {
        "y": 21.551724,
        "time": "2009/09/01 02:30:00"
      },
      {
        "y": 21.50172,
        "time": "2009/09/01 02:45:00"
      },
      {
        "y": 21.58506,
        "time": "2009/09/01 03:00:00"
      },
      {
        "y": 21.423936,
        "time": "2009/09/01 03:15:00"
      },
      {
        "y": 21.22392,
        "time": "2009/09/01 03:30:00"
      },
      {
        "y": 21.08502,
        "time": "2009/09/01 03:45:00"
      },
      {
        "y": 21.018348,
        "time": "2009/09/01 04:00:00"
      },
      {
        "y": 20.990568,
        "time": "2009/09/01 04:15:00"
      },
      {
        "y": 20.885004,
        "time": "2009/09/01 04:30:00"
      },
      {
        "y": 20.818332,
        "time": "2009/09/01 04:45:00"
      },
      {
        "y": 20.740548,
        "time": "2009/09/01 05:00:00"
      },
      {
        "y": 20.679432,
        "time": "2009/09/01 05:15:00"
      },
      {
        "y": 20.6961,
        "time": "2009/09/01 05:30:00"
      },
      {
        "y": 20.684988,
        "time": "2009/09/01 05:45:00"
      },
      {
        "y": 20.657208,
        "time": "2009/09/01 06:00:00"
      },
      {
        "y": 20.77944,
        "time": "2009/09/01 06:15:00"
      },
      {
        "y": 20.757216,
        "time": "2009/09/01 06:30:00"
      },
      {
        "y": 20.6961,
        "time": "2009/09/01 06:45:00"
      },
      {
        "y": 20.684988,
        "time": "2009/09/01 07:00:00"
      },
      {
        "y": 20.72388,
        "time": "2009/09/01 07:15:00"
      },
      {
        "y": 20.679432,
        "time": "2009/09/01 07:30:00"
      },
      {
        "y": 20.651652,
        "time": "2009/09/01 07:45:00"
      },
      {
        "y": 20.551644,
        "time": "2009/09/01 08:00:00"
      },
      {
        "y": 20.58498,
        "time": "2009/09/01 08:15:00"
      },
      {
        "y": 20.857224,
        "time": "2009/09/01 08:30:00"
      },
      {
        "y": 20.840556,
        "time": "2009/09/01 08:45:00"
      },
      {
        "y": 20.734992,
        "time": "2009/09/01 09:00:00"
      },
      {
        "y": 20.86278,
        "time": "2009/09/01 09:15:00"
      },
      {
        "y": 21.00168,
        "time": "2009/09/01 09:30:00"
      },
      {
        "y": 21.151692,
        "time": "2009/09/01 09:45:00"
      },
      {
        "y": 21.479496,
        "time": "2009/09/01 10:00:00"
      },
      {
        "y": 22.107324,
        "time": "2009/09/01 10:15:00"
      },
      {
        "y": 23.068512,
        "time": "2009/09/01 10:30:00"
      },
      {
        "y": 23.024064,
        "time": "2009/09/01 10:45:00"
      },
      {
        "y": 23.796348,
        "time": "2009/09/01 11:00:00"
      },
      {
        "y": 24.718644,
        "time": "2009/09/01 11:15:00"
      },
      {
        "y": 24.624192,
        "time": "2009/09/01 11:30:00"
      },
      {
        "y": 23.996364,
        "time": "2009/09/01 11:45:00"
      },
      {
        "y": 23.746344,
        "time": "2009/09/01 12:00:00"
      },
      {
        "y": 24.190824,
        "time": "2009/09/01 12:15:00"
      },
      {
        "y": 24.19638,
        "time": "2009/09/01 12:30:00"
      },
      {
        "y": 24.424176,
        "time": "2009/09/01 12:45:00"
      },
      {
        "y": 24.36306,
        "time": "2009/09/01 13:00:00"
      },
      {
        "y": 24.274164,
        "time": "2009/09/01 13:15:00"
      },
      {
        "y": 23.968584,
        "time": "2009/09/01 13:30:00"
      },
      {
        "y": 23.907468,
        "time": "2009/09/01 13:45:00"
      },
      {
        "y": 23.979696,
        "time": "2009/09/01 14:00:00"
      },
      {
        "y": 24.007476,
        "time": "2009/09/01 14:15:00"
      },
      {
        "y": 24.268608,
        "time": "2009/09/01 14:30:00"
      },
      {
        "y": 24.235272,
        "time": "2009/09/01 14:45:00"
      },
      {
        "y": 23.190744,
        "time": "2009/09/01 15:00:00"
      },
      {
        "y": 23.91858,
        "time": "2009/09/01 15:15:00"
      },
      {
        "y": 24.229716,
        "time": "2009/09/01 15:30:00"
      },
      {
        "y": 24.746424,
        "time": "2009/09/01 15:45:00"
      },
      {
        "y": 24.401952,
        "time": "2009/09/01 16:00:00"
      },
      {
        "y": 22.16844,
        "time": "2009/09/01 16:15:00"
      },
      {
        "y": 21.990648,
        "time": "2009/09/01 16:30:00"
      },
      {
        "y": 22.52958,
        "time": "2009/09/01 16:45:00"
      },
      {
        "y": 22.762932,
        "time": "2009/09/01 17:00:00"
      },
      {
        "y": 22.846272,
        "time": "2009/09/01 17:15:00"
      },
      {
        "y": 22.746264,
        "time": "2009/09/01 17:30:00"
      },
      {
        "y": 21.812856,
        "time": "2009/09/01 17:45:00"
      },
      {
        "y": 21.679512,
        "time": "2009/09/01 18:00:00"
      },
      {
        "y": 21.685068,
        "time": "2009/09/01 18:15:00"
      },
      {
        "y": 21.729516,
        "time": "2009/09/01 18:30:00"
      },
      {
        "y": 21.41838,
        "time": "2009/09/01 18:45:00"
      },
      {
        "y": 21.179472,
        "time": "2009/09/01 19:00:00"
      },
      {
        "y": 20.340516,
        "time": "2009/09/01 19:15:00"
      },
      {
        "y": 20.496084,
        "time": "2009/09/01 19:30:00"
      },
      {
        "y": 20.701656,
        "time": "2009/09/01 19:45:00"
      },
      {
        "y": 20.596092,
        "time": "2009/09/01 20:00:00"
      },
      {
        "y": 20.507196,
        "time": "2009/09/01 20:15:00"
      },
      {
        "y": 19.91826,
        "time": "2009/09/01 20:30:00"
      },
      {
        "y": 18.434808,
        "time": "2009/09/01 20:45:00"
      },
      {
        "y": 18.44592,
        "time": "2009/09/01 21:00:00"
      },
      {
        "y": 18.423696,
        "time": "2009/09/01 21:15:00"
      },
      {
        "y": 18.323688,
        "time": "2009/09/01 21:30:00"
      },
      {
        "y": 18.034776,
        "time": "2009/09/01 21:45:00"
      },
      {
        "y": 17.934768,
        "time": "2009/09/01 22:00:00"
      },
      {
        "y": 17.923656,
        "time": "2009/09/01 22:15:00"
      },
      {
        "y": 17.990328,
        "time": "2009/09/01 22:30:00"
      },
      {
        "y": 18.073668,
        "time": "2009/09/01 22:45:00"
      },
      {
        "y": 18.034776,
        "time": "2009/09/01 23:00:00"
      },
      {
        "y": 17.490288,
        "time": "2009/09/01 23:15:00"
      },
      {
        "y": 16.718004,
        "time": "2009/09/01 23:30:00"
      },
      {
        "y": 16.64022,
        "time": "2009/09/01 23:45:00"
      }
    ],
    "cvrmse": 0.147412,
    "nmbe": 0.001529
  }
]