[
  {
    "name": "ROOFTOP SUPPLY FAN OUTLET Simulated",
    "type": "System Node Temperature",
    "color": "blue",
    "units": "C",
    "displayname": "RTU Exit",
    "data": [
      {
        "y": 21.345667,
        "time": "2009/09/02 06:45:00"
      },
      {
        "y": 12.500171,
        "time": "2009/09/02 07:00:00"
      },
      {
        "y": 12.500257,
        "time": "2009/09/02 07:15:00"
      },
      {
        "y": 12.49993,
        "time": "2009/09/02 07:30:00"
      },
      {
        "y": 12.500102,
        "time": "2009/09/02 07:45:00"
      },
      {
        "y": 12.500125,
        "time": "2009/09/02 08:00:00"
      },
      {
        "y": 12.499976,
        "time": "2009/09/02 08:15:00"
      },
      {
        "y": 12.50024,
        "time": "2009/09/02 08:30:00"
      },
      {
        "y": 12.500147,
        "time": "2009/09/02 08:45:00"
      },
      {
        "y": 12.500173,
        "time": "2009/09/02 09:00:00"
      },
      {
        "y": 12.500134,
        "time": "2009/09/02 09:15:00"
      },
      {
        "y": 12.500087,
        "time": "2009/09/02 09:30:00"
      },
      {
        "y": 12.500044,
        "time": "2009/09/02 09:45:00"
      },
      {
        "y": 12.500035,
        "time": "2009/09/02 10:00:00"
      },
      {
        "y": 12.500052,
        "time": "2009/09/02 10:15:00"
      },
      {
        "y": 12.500048,
        "time": "2009/09/02 10:30:00"
      },
      {
        "y": 12.500028,
        "time": "2009/09/02 10:45:00"
      },
      {
        "y": 12.500009,
        "time": "2009/09/02 11:00:00"
      },
      {
        "y": 12.499995,
        "time": "2009/09/02 11:15:00"
      },
      {
        "y": 12.499998,
        "time": "2009/09/02 11:30:00"
      },
      {
        "y": 12.49998,
        "time": "2009/09/02 11:45:00"
      },
      {
        "y": 12.499989,
        "time": "2009/09/02 12:00:00"
      },
      {
        "y": 12.499991,
        "time": "2009/09/02 12:15:00"
      },
      {
        "y": 12.499963,
        "time": "2009/09/02 12:30:00"
      },
      {
        "y": 12.499936,
        "time": "2009/09/02 12:45:00"
      },
      {
        "y": 12.499954,
        "time": "2009/09/02 13:00:00"
      },
      {
        "y": 12.499982,
        "time": "2009/09/02 13:15:00"
      },
      {
        "y": 12.499991,
        "time": "2009/09/02 13:30:00"
      },
      {
        "y": 12.499987,
        "time": "2009/09/02 13:45:00"
      },
      {
        "y": 12.499997,
        "time": "2009/09/02 14:00:00"
      },
      {
        "y": 12.499992,
        "time": "2009/09/02 14:15:00"
      },
      {
        "y": 12.499999,
        "time": "2009/09/02 14:30:00"
      },
      {
        "y": 12.49999,
        "time": "2009/09/02 14:45:00"
      },
      {
        "y": 12.5,
        "time": "2009/09/02 15:00:00"
      },
      {
        "y": 12.500012,
        "time": "2009/09/02 15:15:00"
      },
      {
        "y": 12.500021,
        "time": "2009/09/02 15:30:00"
      },
      {
        "y": 12.500008,
        "time": "2009/09/02 15:45:00"
      },
      {
        "y": 12.499991,
        "time": "2009/09/02 16:00:00"
      },
      {
        "y": 12.49999,
        "time": "2009/09/02 16:15:00"
      },
      {
        "y": 12.500013,
        "time": "2009/09/02 16:30:00"
      },
      {
        "y": 12.500023,
        "time": "2009/09/02 16:45:00"
      },
      {
        "y": 12.500002,
        "time": "2009/09/02 17:00:00"
      },
      {
        "y": 12.5,
        "time": "2009/09/02 17:15:00"
      },
      {
        "y": 12.500021,
        "time": "2009/09/02 17:30:00"
      },
      {
        "y": 12.50008,
        "time": "2009/09/02 17:45:00"
      },
      {
        "y": 12.50009,
        "time": "2009/09/02 18:00:00"
      },
      {
        "y": 12.500075,
        "time": "2009/09/02 18:15:00"
      },
      {
        "y": 12.500031,
        "time": "2009/09/02 18:30:00"
      },
      {
        "y": 12.500011,
        "time": "2009/09/02 18:45:00"
      },
      {
        "y": 12.500057,
        "time": "2009/09/02 19:00:00"
      },
      {
        "y": 12.500017,
        "time": "2009/09/02 19:15:00"
      },
      {
        "y": 12.50001,
        "time": "2009/09/02 19:30:00"
      },
      {
        "y": 12.500018,
        "time": "2009/09/02 19:45:00"
      },
      {
        "y": 12.500003,
        "time": "2009/09/02 20:00:00"
      },
      {
        "y": 12.499985,
        "time": "2009/09/02 20:15:00"
      },
      {
        "y": 12.500002,
        "time": "2009/09/02 20:30:00"
      },
      {
        "y": 12.500022,
        "time": "2009/09/02 20:45:00"
      },
      {
        "y": 12.500033,
        "time": "2009/09/02 21:00:00"
      },
      {
        "y": 12.500035,
        "time": "2009/09/02 21:15:00"
      },
      {
        "y": 12.500028,
        "time": "2009/09/02 21:30:00"
      },
      {
        "y": 20.627696,
        "time": "2009/09/02 21:45:00"
      }
    ],
    "cvrmse": 11.170512,
    "nmbe": -4.115296
  },
  {
    "name": "ROOFTOP SUPPLY FAN OUTLET Metered",
    "type": "System Node Temperature",
    "color": "red",
    "units": "C",
    "displayname": "RTU Exit",
    "data": [
      {
        "y": 17.712528,
        "time": "2009/09/02 06:45:00"
      },
      {
        "y": 14.884524,
        "time": "2009/09/02 07:00:00"
      },
      {
        "y": 12.106524,
        "time": "2009/09/02 07:15:00"
      },
      {
        "y": 11.512032,
        "time": "2009/09/02 07:30:00"
      },
      {
        "y": 12.934368,
        "time": "2009/09/02 07:45:00"
      },
      {
        "y": 13.0566,
        "time": "2009/09/02 08:00:00"
      },
      {
        "y": 13.039932,
        "time": "2009/09/02 08:15:00"
      },
      {
        "y": 13.145496,
        "time": "2009/09/02 08:30:00"
      },
      {
        "y": 12.384324,
        "time": "2009/09/02 08:45:00"
      },
      {
        "y": 13.162164,
        "time": "2009/09/02 09:00:00"
      },
      {
        "y": 12.69546,
        "time": "2009/09/02 09:15:00"
      },
      {
        "y": 12.506556,
        "time": "2009/09/02 09:30:00"
      },
      {
        "y": 13.1955,
        "time": "2009/09/02 09:45:00"
      },
      {
        "y": 12.150972,
        "time": "2009/09/02 10:00:00"
      },
      {
        "y": 11.934288,
        "time": "2009/09/02 10:15:00"
      },
      {
        "y": 11.895396,
        "time": "2009/09/02 10:30:00"
      },
      {
        "y": 11.923176,
        "time": "2009/09/02 10:45:00"
      },
      {
        "y": 11.828724,
        "time": "2009/09/02 11:00:00"
      },
      {
        "y": 11.784276,
        "time": "2009/09/02 11:15:00"
      },
      {
        "y": 11.86206,
        "time": "2009/09/02 11:30:00"
      },
      {
        "y": 11.856504,
        "time": "2009/09/02 11:45:00"
      },
      {
        "y": 11.823168,
        "time": "2009/09/02 12:00:00"
      },
      {
        "y": 11.789832,
        "time": "2009/09/02 12:15:00"
      },
      {
        "y": 11.77872,
        "time": "2009/09/02 12:30:00"
      },
      {
        "y": 11.850948,
        "time": "2009/09/02 12:45:00"
      },
      {
        "y": 11.817612,
        "time": "2009/09/02 13:00:00"
      },
      {
        "y": 11.762052,
        "time": "2009/09/02 13:15:00"
      },
      {
        "y": 11.823168,
        "time": "2009/09/02 13:30:00"
      },
      {
        "y": 11.912064,
        "time": "2009/09/02 13:45:00"
      },
      {
        "y": 11.86206,
        "time": "2009/09/02 14:00:00"
      },
      {
        "y": 11.850948,
        "time": "2009/09/02 14:15:00"
      },
      {
        "y": 11.934288,
        "time": "2009/09/02 14:30:00"
      },
      {
        "y": 11.912064,
        "time": "2009/09/02 14:45:00"
      },
      {
        "y": 11.86206,
        "time": "2009/09/02 15:00:00"
      },
      {
        "y": 11.828724,
        "time": "2009/09/02 15:15:00"
      },
      {
        "y": 11.828724,
        "time": "2009/09/02 15:30:00"
      },
      {
        "y": 11.88984,
        "time": "2009/09/02 15:45:00"
      },
      {
        "y": 11.9454,
        "time": "2009/09/02 16:00:00"
      },
      {
        "y": 11.91762,
        "time": "2009/09/02 16:15:00"
      },
      {
        "y": 12.02874,
        "time": "2009/09/02 16:30:00"
      },
      {
        "y": 12.234312,
        "time": "2009/09/02 16:45:00"
      },
      {
        "y": 12.217644,
        "time": "2009/09/02 17:00:00"
      },
      {
        "y": 12.128748,
        "time": "2009/09/02 17:15:00"
      },
      {
        "y": 12.134304,
        "time": "2009/09/02 17:30:00"
      },
      {
        "y": 12.073188,
        "time": "2009/09/02 17:45:00"
      },
      {
        "y": 12.017628,
        "time": "2009/09/02 18:00:00"
      },
      {
        "y": 11.97318,
        "time": "2009/09/02 18:15:00"
      },
      {
        "y": 12.078744,
        "time": "2009/09/02 18:30:00"
      },
      {
        "y": 12.217644,
        "time": "2009/09/02 18:45:00"
      },
      {
        "y": 12.02874,
        "time": "2009/09/02 19:00:00"
      },
      {
        "y": 11.984292,
        "time": "2009/09/02 19:15:00"
      },
      {
        "y": 11.928732,
        "time": "2009/09/02 19:30:00"
      },
      {
        "y": 11.8065,
        "time": "2009/09/02 19:45:00"
      },
      {
        "y": 11.75094,
        "time": "2009/09/02 20:00:00"
      },
      {
        "y": 11.69538,
        "time": "2009/09/02 20:15:00"
      },
      {
        "y": 12.995484,
        "time": "2009/09/02 20:30:00"
      },
      {
        "y": 11.967624,
        "time": "2009/09/02 20:45:00"
      },
      {
        "y": 13.3344,
        "time": "2009/09/02 21:00:00"
      },
      {
        "y": 12.662124,
        "time": "2009/09/02 21:15:00"
      },
      {
        "y": 12.573228,
        "time": "2009/09/02 21:30:00"
      },
      {
        "y": 11.873172,
        "time": "2009/09/02 21:45:00"
      }
    ],
    "cvrmse": 11.170512,
    "nmbe": -4.115296
  }
]