[
  {
    "name": " Simulated",
    "type": "Heating:Electricity",
    "color": "blue",
    "units": "J",
    "displayname": "Heating Consumption",
    "data": [
      {
        "y": 0.0,
        "time": "2009/08/27 00:00:00"
      },
      {
        "y": 0.0,
        "time": "2009/08/27 00:15:00"
      },
      {
        "y": 0.0,
        "time": "2009/08/27 00:30:00"
      },
      {
        "y": 0.0,
        "time": "2009/08/27 00:45:00"
      },
      {
        "y": 0.0,
        "time": "2009/08/27 01:00:00"
      },
      {
        "y": 0.0,
        "time": "2009/08/27 01:15:00"
      },
      {
        "y": 0.0,
        "time": "2009/08/27 01:30:00"
      },
      {
        "y": 0.0,
        "time": "2009/08/27 01:45:00"
      },
      {
        "y": 0.0,
        "time": "2009/08/27 02:00:00"
      },
      {
        "y": 0.0,
        "time": "2009/08/27 02:15:00"
      },
      {
        "y": 0.0,
        "time": "2009/08/27 02:30:00"
      },
      {
        "y": 0.0,
        "time": "2009/08/27 02:45:00"
      },
      {
        "y": 0.0,
        "time": "2009/08/27 03:00:00"
      },
      {
        "y": 0.0,
        "time": "2009/08/27 03:15:00"
      },
      {
        "y": 0.0,
        "time": "2009/08/27 03:30:00"
      },
      {
        "y": 0.0,
        "time": "2009/08/27 03:45:00"
      },
      {
        "y": 0.0,
        "time": "2009/08/27 04:00:00"
      },
      {
        "y": 0.0,
        "time": "2009/08/27 04:15:00"
      },
      {
        "y": 0.0,
        "time": "2009/08/27 04:30:00"
      },
      {
        "y": 0.0,
        "time": "2009/08/27 04:45:00"
      },
      {
        "y": 0.0,
        "time": "2009/08/27 05:00:00"
      },
      {
        "y": 0.0,
        "time": "2009/08/27 05:15:00"
      },
      {
        "y": 0.0,
        "time": "2009/08/27 05:30:00"
      },
      {
        "y": 0.0,
        "time": "2009/08/27 05:45:00"
      },
      {
        "y": 0.0,
        "time": "2009/08/27 06:00:00"
      },
      {
        "y": 0.0,
        "time": "2009/08/27 06:15:00"
      },
      {
        "y": 0.0,
        "time": "2009/08/27 06:30:00"
      },
      {
        "y": 0.0,
        "time": "2009/08/27 06:45:00"
      },
      {
        "y": 0.0,
        "time": "2009/08/27 07:00:00"
      },
      {
        "y": 0.0,
        "time": "2009/08/27 07:15:00"
      },
      {
        "y": 2215189.308177,
        "time": "2009/08/27 07:30:00"
      },
      {
        "y": 1844502.990323,
        "time": "2009/08/27 07:45:00"
      },
      {
        "y": 2323233.186756,
        "time": "2009/08/27 08:00:00"
      },
      {
        "y": 2045414.00531,
        "time": "2009/08/27 08:15:00"
      },
      {
        "y": 1885890.709503,
        "time": "2009/08/27 08:30:00"
      },
      {
        "y": 1437434.648397,
        "time": "2009/08/27 08:45:00"
      },
      {
        "y": 990995.872966,
        "time": "2009/08/27 09:00:00"
      },
      {
        "y": 607562.015614,
        "time": "2009/08/27 09:15:00"
      },
      {
        "y": 327624.448879,
        "time": "2009/08/27 09:30:00"
      },
      {
        "y": 260370.496354,
        "time": "2009/08/27 09:45:00"
      },
      {
        "y": 134488.213328,
        "time": "2009/08/27 10:00:00"
      },
      {
        "y": 55374.062642,
        "time": "2009/08/27 10:15:00"
      },
      {
        "y": 0.0,
        "time": "2009/08/27 10:30:00"
      },
      {
        "y": 0.0,
        "time": "2009/08/27 10:45:00"
      },
      {
        "y": 0.0,
        "time": "2009/08/27 11:00:00"
      },
      {
        "y": 0.0,
        "time": "2009/08/27 11:15:00"
      },
      {
        "y": 0.0,
        "time": "2009/08/27 11:30:00"
      },
      {
        "y": 0.0,
        "time": "2009/08/27 11:45:00"
      },
      {
        "y": 0.0,
        "time": "2009/08/27 12:00:00"
      },
      {
        "y": 0.0,
        "time": "2009/08/27 12:15:00"
      },
      {
        "y": 0.0,
        "time": "2009/08/27 12:30:00"
      },
      {
        "y": 0.0,
        "time": "2009/08/27 12:45:00"
      },
      {
        "y": 0.0,
        "time": "2009/08/27 13:00:00"
      },
      {
        "y": 0.0,
        "time": "2009/08/27 13:15:00"
      },
      {
        "y": 0.0,
        "time": "2009/08/27 13:30:00"
      },
      {
        "y": 0.0,
        "time": "2009/08/27 13:45:00"
      },
      {
        "y": 0.0,
        "time": "2009/08/27 14:00:00"
      },
      {
        "y": 0.0,
        "time": "2009/08/27 14:15:00"
      },
      {
        "y": 0.0,
        "time": "2009/08/27 14:30:00"
      },
      {
        "y": 0.0,
        "time": "2009/08/27 14:45:00"
      },
      {
        "y": 0.0,
        "time": "2009/08/27 15:00:00"
      },
      {
        "y": 0.0,
        "time": "2009/08/27 15:15:00"
      },
      {
        "y": 0.0,
        "time": "2009/08/27 15:30:00"
      },
      {
        "y": 0.0,
        "time": "2009/08/27 15:45:00"
      },
      {
        "y": 0.0,
        "time": "2009/08/27 16:00:00"
      },
      {
        "y": 0.0,
        "time": "2009/08/27 16:15:00"
      },
      {
        "y": 0.0,
        "time": "2009/08/27 16:30:00"
      },
      {
        "y": 0.0,
        "time": "2009/08/27 16:45:00"
      },
      {
        "y": 0.0,
        "time": "2009/08/27 17:00:00"
      },
      {
        "y": 0.0,
        "time": "2009/08/27 17:15:00"
      },
      {
        "y": 0.0,
        "time": "2009/08/27 17:30:00"
      },
      {
        "y": 0.0,
        "time": "2009/08/27 17:45:00"
      },
      {
        "y": 0.0,
        "time": "2009/08/27 18:00:00"
      },
      {
        "y": 0.0,
        "time": "2009/08/27 18:15:00"
      },
      {
        "y": 0.0,
        "time": "2009/08/27 18:30:00"
      },
      {
        "y": 0.0,
        "time": "2009/08/27 18:45:00"
      },
      {
        "y": 0.0,
        "time": "2009/08/27 19:00:00"
      },
      {
        "y": 0.0,
        "time": "2009/08/27 19:15:00"
      },
      {
        "y": 0.0,
        "time": "2009/08/27 19:30:00"
      },
      {
        "y": 0.0,
        "time": "2009/08/27 19:45:00"
      },
      {
        "y": 0.0,
        "time": "2009/08/27 20:00:00"
      },
      {
        "y": 0.0,
        "time": "2009/08/27 20:15:00"
      },
      {
        "y": 0.0,
        "time": "2009/08/27 20:30:00"
      },
      {
        "y": 0.0,
        "time": "2009/08/27 20:45:00"
      },
      {
        "y": 0.0,
        "time": "2009/08/27 21:00:00"
      },
      {
        "y": 0.0,
        "time": "2009/08/27 21:15:00"
      },
      {
        "y": 0.0,
        "time": "2009/08/27 21:30:00"
      },
      {
        "y": 0.0,
        "time": "2009/08/27 21:45:00"
      },
      {
        "y": 0.0,
        "time": "2009/08/27 22:00:00"
      },
      {
        "y": 0.0,
        "time": "2009/08/27 22:15:00"
      },
      {
        "y": 0.0,
        "time": "2009/08/27 22:30:00"
      },
      {
        "y": 0.0,
        "time": "2009/08/27 22:45:00"
      },
      {
        "y": 0.0,
        "time": "2009/08/27 23:00:00"
      },
      {
        "y": 0.0,
        "time": "2009/08/27 23:15:00"
      },
      {
        "y": 0.0,
        "time": "2009/08/27 23:30:00"
      },
      {
        "y": 0.0,
        "time": "2009/08/27 23:45:00"
      }
    ],
    "cvrmse": 160.449469,
    "nmbe": 89.165718
  },
  {
    "name": " Metered",
    "type": "Heating:Electricity",
    "color": "red",
    "units": "J",
    "displayname": "Heating Consumption",
    "data": [
      {
        "y": 77158.836,
        "time": "2009/08/27 00:00:00"
      },
      {
        "y": 76618.656,
        "time": "2009/08/27 00:15:00"
      },
      {
        "y": 77117.292,
        "time": "2009/08/27 00:30:00"
      },
      {
        "y": 77200.38,
        "time": "2009/08/27 00:45:00"
      },
      {
        "y": 77117.292,
        "time": "2009/08/27 01:00:00"
      },
      {
        "y": 77117.292,
        "time": "2009/08/27 01:15:00"
      },
      {
        "y": 76951.08,
        "time": "2009/08/27 01:30:00"
      },
      {
        "y": 76992.624,
        "time": "2009/08/27 01:45:00"
      },
      {
        "y": 77158.836,
        "time": "2009/08/27 02:00:00"
      },
      {
        "y": 76826.412,
        "time": "2009/08/27 02:15:00"
      },
      {
        "y": 77657.472,
        "time": "2009/08/27 02:30:00"
      },
      {
        "y": 77158.836,
        "time": "2009/08/27 02:45:00"
      },
      {
        "y": 77117.292,
        "time": "2009/08/27 03:00:00"
      },
      {
        "y": 77117.292,
        "time": "2009/08/27 03:15:00"
      },
      {
        "y": 76951.08,
        "time": "2009/08/27 03:30:00"
      },
      {
        "y": 77200.38,
        "time": "2009/08/27 03:45:00"
      },
      {
        "y": 77117.292,
        "time": "2009/08/27 04:00:00"
      },
      {
        "y": 77158.836,
        "time": "2009/08/27 04:15:00"
      },
      {
        "y": 77200.416,
        "time": "2009/08/27 04:30:00"
      },
      {
        "y": 77532.804,
        "time": "2009/08/27 04:45:00"
      },
      {
        "y": 76951.08,
        "time": "2009/08/27 05:00:00"
      },
      {
        "y": 77325.048,
        "time": "2009/08/27 05:15:00"
      },
      {
        "y": 77075.748,
        "time": "2009/08/27 05:30:00"
      },
      {
        "y": 77657.472,
        "time": "2009/08/27 05:45:00"
      },
      {
        "y": 76701.78,
        "time": "2009/08/27 06:00:00"
      },
      {
        "y": 76120.056,
        "time": "2009/08/27 06:15:00"
      },
      {
        "y": 76535.568,
        "time": "2009/08/27 06:30:00"
      },
      {
        "y": 89997.66,
        "time": "2009/08/27 06:45:00"
      },
      {
        "y": 115384.5,
        "time": "2009/08/27 07:00:00"
      },
      {
        "y": 115218.324,
        "time": "2009/08/27 07:15:00"
      },
      {
        "y": 120827.988,
        "time": "2009/08/27 07:30:00"
      },
      {
        "y": 813225.636,
        "time": "2009/08/27 07:45:00"
      },
      {
        "y": 1771437.708,
        "time": "2009/08/27 08:00:00"
      },
      {
        "y": 2548852.596,
        "time": "2009/08/27 08:15:00"
      },
      {
        "y": 3734444.628,
        "time": "2009/08/27 08:30:00"
      },
      {
        "y": 3540573.828,
        "time": "2009/08/27 08:45:00"
      },
      {
        "y": 3391013.268,
        "time": "2009/08/27 09:00:00"
      },
      {
        "y": 3895855.02,
        "time": "2009/08/27 09:15:00"
      },
      {
        "y": 3934000.368,
        "time": "2009/08/27 09:30:00"
      },
      {
        "y": 3668768.388,
        "time": "2009/08/27 09:45:00"
      },
      {
        "y": 2599706.268,
        "time": "2009/08/27 10:00:00"
      },
      {
        "y": 2850958.764,
        "time": "2009/08/27 10:15:00"
      },
      {
        "y": 2840189.184,
        "time": "2009/08/27 10:30:00"
      },
      {
        "y": 2587256.028,
        "time": "2009/08/27 10:45:00"
      },
      {
        "y": 2414403.684,
        "time": "2009/08/27 11:00:00"
      },
      {
        "y": 2152877.004,
        "time": "2009/08/27 11:15:00"
      },
      {
        "y": 1924805.088,
        "time": "2009/08/27 11:30:00"
      },
      {
        "y": 1547263.6524,
        "time": "2009/08/27 11:45:00"
      },
      {
        "y": 1338850.728,
        "time": "2009/08/27 12:00:00"
      },
      {
        "y": 1225669.572,
        "time": "2009/08/27 12:15:00"
      },
      {
        "y": 1105218.72,
        "time": "2009/08/27 12:30:00"
      },
      {
        "y": 928676.664,
        "time": "2009/08/27 12:45:00"
      },
      {
        "y": 838800.252,
        "time": "2009/08/27 13:00:00"
      },
      {
        "y": 882874.224,
        "time": "2009/08/27 13:15:00"
      },
      {
        "y": 777749.076,
        "time": "2009/08/27 13:30:00"
      },
      {
        "y": 929446.704,
        "time": "2009/08/27 13:45:00"
      },
      {
        "y": 762960.924,
        "time": "2009/08/27 14:00:00"
      },
      {
        "y": 682984.98,
        "time": "2009/08/27 14:15:00"
      },
      {
        "y": 751992.084,
        "time": "2009/08/27 14:30:00"
      },
      {
        "y": 705916.728,
        "time": "2009/08/27 14:45:00"
      },
      {
        "y": 694733.94,
        "time": "2009/08/27 15:00:00"
      },
      {
        "y": 743050.116,
        "time": "2009/08/27 15:15:00"
      },
      {
        "y": 587443.932,
        "time": "2009/08/27 15:30:00"
      },
      {
        "y": 599985.9,
        "time": "2009/08/27 15:45:00"
      },
      {
        "y": 439731.756,
        "time": "2009/08/27 16:00:00"
      },
      {
        "y": 444207.312,
        "time": "2009/08/27 16:15:00"
      },
      {
        "y": 438013.656,
        "time": "2009/08/27 16:30:00"
      },
      {
        "y": 281490.732,
        "time": "2009/08/27 16:45:00"
      },
      {
        "y": 465714.648,
        "time": "2009/08/27 17:00:00"
      },
      {
        "y": 473977.728,
        "time": "2009/08/27 17:15:00"
      },
      {
        "y": 577255.284,
        "time": "2009/08/27 17:30:00"
      },
      {
        "y": 483810.804,
        "time": "2009/08/27 17:45:00"
      },
      {
        "y": 1017167.76,
        "time": "2009/08/27 18:00:00"
      },
      {
        "y": 1323926.424,
        "time": "2009/08/27 18:15:00"
      },
      {
        "y": 1626996.348,
        "time": "2009/08/27 18:30:00"
      },
      {
        "y": 1652401.656,
        "time": "2009/08/27 18:45:00"
      },
      {
        "y": 1709827.56,
        "time": "2009/08/27 19:00:00"
      },
      {
        "y": 2399850.252,
        "time": "2009/08/27 19:15:00"
      },
      {
        "y": 2595935.7,
        "time": "2009/08/27 19:30:00"
      },
      {
        "y": 3343416.084,
        "time": "2009/08/27 19:45:00"
      },
      {
        "y": 4213099.296,
        "time": "2009/08/27 20:00:00"
      },
      {
        "y": 5008293.54,
        "time": "2009/08/27 20:15:00"
      },
      {
        "y": 5925493.008,
        "time": "2009/08/27 20:30:00"
      },
      {
        "y": 6264808.956,
        "time": "2009/08/27 20:45:00"
      },
      {
        "y": 5968584.288,
        "time": "2009/08/27 21:00:00"
      },
      {
        "y": 6976277.604,
        "time": "2009/08/27 21:15:00"
      },
      {
        "y": 9092775.6,
        "time": "2009/08/27 21:30:00"
      },
      {
        "y": 4766712.768,
        "time": "2009/08/27 21:45:00"
      },
      {
        "y": 77408.1,
        "time": "2009/08/27 22:00:00"
      },
      {
        "y": 78114.492,
        "time": "2009/08/27 22:15:00"
      },
      {
        "y": 77325.012,
        "time": "2009/08/27 22:30:00"
      },
      {
        "y": 77158.836,
        "time": "2009/08/27 22:45:00"
      },
      {
        "y": 76867.956,
        "time": "2009/08/27 23:00:00"
      },
      {
        "y": 76909.5,
        "time": "2009/08/27 23:15:00"
      },
      {
        "y": 76618.656,
        "time": "2009/08/27 23:30:00"
      },
      {
        "y": 77200.38,
        "time": "2009/08/27 23:45:00"
      }
    ],
    "cvrmse": 160.449469,
    "nmbe": 89.165718
  }
]