[
  {
    "name": "Rooftop Cooling Coil Simulated",
    "type": "Cooling Coil Electric Energy",
    "color": "blue",
    "units": "J",
    "displayname": "Cooling Consumption",
    "data": [
      {
        "y": 0.0,
        "time": "2009/08/29 00:00:00"
      },
      {
        "y": 0.0,
        "time": "2009/08/29 00:15:00"
      },
      {
        "y": 0.0,
        "time": "2009/08/29 00:30:00"
      },
      {
        "y": 0.0,
        "time": "2009/08/29 00:45:00"
      },
      {
        "y": 0.0,
        "time": "2009/08/29 01:00:00"
      },
      {
        "y": 0.0,
        "time": "2009/08/29 01:15:00"
      },
      {
        "y": 0.0,
        "time": "2009/08/29 01:30:00"
      },
      {
        "y": 0.0,
        "time": "2009/08/29 01:45:00"
      },
      {
        "y": 0.0,
        "time": "2009/08/29 02:00:00"
      },
      {
        "y": 0.0,
        "time": "2009/08/29 02:15:00"
      },
      {
        "y": 0.0,
        "time": "2009/08/29 02:30:00"
      },
      {
        "y": 0.0,
        "time": "2009/08/29 02:45:00"
      },
      {
        "y": 0.0,
        "time": "2009/08/29 03:00:00"
      },
      {
        "y": 0.0,
        "time": "2009/08/29 03:15:00"
      },
      {
        "y": 0.0,
        "time": "2009/08/29 03:30:00"
      },
      {
        "y": 0.0,
        "time": "2009/08/29 03:45:00"
      },
      {
        "y": 0.0,
        "time": "2009/08/29 04:00:00"
      },
      {
        "y": 0.0,
        "time": "2009/08/29 04:15:00"
      },
      {
        "y": 0.0,
        "time": "2009/08/29 04:30:00"
      },
      {
        "y": 0.0,
        "time": "2009/08/29 04:45:00"
      },
      {
        "y": 0.0,
        "time": "2009/08/29 05:00:00"
      },
      {
        "y": 0.0,
        "time": "2009/08/29 05:15:00"
      },
      {
        "y": 0.0,
        "time": "2009/08/29 05:30:00"
      },
      {
        "y": 0.0,
        "time": "2009/08/29 05:45:00"
      },
      {
        "y": 0.0,
        "time": "2009/08/29 06:00:00"
      },
      {
        "y": 0.0,
        "time": "2009/08/29 06:15:00"
      },
      {
        "y": 0.0,
        "time": "2009/08/29 06:30:00"
      },
      {
        "y": 7122682.10453,
        "time": "2009/08/29 06:45:00"
      },
      {
        "y": 5533572.979301,
        "time": "2009/08/29 07:00:00"
      },
      {
        "y": 4543707.636277,
        "time": "2009/08/29 07:15:00"
      },
      {
        "y": 4329498.013376,
        "time": "2009/08/29 07:30:00"
      },
      {
        "y": 4273179.802002,
        "time": "2009/08/29 07:45:00"
      },
      {
        "y": 4239470.402577,
        "time": "2009/08/29 08:00:00"
      },
      {
        "y": 4178769.710728,
        "time": "2009/08/29 08:15:00"
      },
      {
        "y": 4131503.834727,
        "time": "2009/08/29 08:30:00"
      },
      {
        "y": 4152000.937909,
        "time": "2009/08/29 08:45:00"
      },
      {
        "y": 4172734.778421,
        "time": "2009/08/29 09:00:00"
      },
      {
        "y": 4209027.97637,
        "time": "2009/08/29 09:15:00"
      },
      {
        "y": 4241752.624859,
        "time": "2009/08/29 09:30:00"
      },
      {
        "y": 4313444.633645,
        "time": "2009/08/29 09:45:00"
      },
      {
        "y": 4327242.984609,
        "time": "2009/08/29 10:00:00"
      },
      {
        "y": 4399151.597097,
        "time": "2009/08/29 10:15:00"
      },
      {
        "y": 4457234.637979,
        "time": "2009/08/29 10:30:00"
      },
      {
        "y": 4516324.022265,
        "time": "2009/08/29 10:45:00"
      },
      {
        "y": 4593408.879679,
        "time": "2009/08/29 11:00:00"
      },
      {
        "y": 4623374.564717,
        "time": "2009/08/29 11:15:00"
      },
      {
        "y": 4661623.278932,
        "time": "2009/08/29 11:30:00"
      },
      {
        "y": 4698210.018358,
        "time": "2009/08/29 11:45:00"
      },
      {
        "y": 4775476.298117,
        "time": "2009/08/29 12:00:00"
      },
      {
        "y": 4834798.685681,
        "time": "2009/08/29 12:15:00"
      },
      {
        "y": 4873238.137114,
        "time": "2009/08/29 12:30:00"
      },
      {
        "y": 4947502.262891,
        "time": "2009/08/29 12:45:00"
      },
      {
        "y": 4969082.912993,
        "time": "2009/08/29 13:00:00"
      },
      {
        "y": 5011048.004905,
        "time": "2009/08/29 13:15:00"
      },
      {
        "y": 5121373.81834,
        "time": "2009/08/29 13:30:00"
      },
      {
        "y": 5152620.136946,
        "time": "2009/08/29 13:45:00"
      },
      {
        "y": 5141536.830547,
        "time": "2009/08/29 14:00:00"
      },
      {
        "y": 5173869.25719,
        "time": "2009/08/29 14:15:00"
      },
      {
        "y": 5224893.666357,
        "time": "2009/08/29 14:30:00"
      },
      {
        "y": 5308850.853715,
        "time": "2009/08/29 14:45:00"
      },
      {
        "y": 5392135.530307,
        "time": "2009/08/29 15:00:00"
      },
      {
        "y": 5422351.073622,
        "time": "2009/08/29 15:15:00"
      },
      {
        "y": 5484202.327529,
        "time": "2009/08/29 15:30:00"
      },
      {
        "y": 5555793.061495,
        "time": "2009/08/29 15:45:00"
      },
      {
        "y": 5576273.118899,
        "time": "2009/08/29 16:00:00"
      },
      {
        "y": 5696004.156062,
        "time": "2009/08/29 16:15:00"
      },
      {
        "y": 5688382.952976,
        "time": "2009/08/29 16:30:00"
      },
      {
        "y": 5701598.254172,
        "time": "2009/08/29 16:45:00"
      },
      {
        "y": 5803115.742011,
        "time": "2009/08/29 17:00:00"
      },
      {
        "y": 5877930.347293,
        "time": "2009/08/29 17:15:00"
      },
      {
        "y": 5865142.195509,
        "time": "2009/08/29 17:30:00"
      },
      {
        "y": 5916510.533091,
        "time": "2009/08/29 17:45:00"
      },
      {
        "y": 5884123.171477,
        "time": "2009/08/29 18:00:00"
      },
      {
        "y": 5829711.597768,
        "time": "2009/08/29 18:15:00"
      },
      {
        "y": 5826217.684273,
        "time": "2009/08/29 18:30:00"
      },
      {
        "y": 5739702.477986,
        "time": "2009/08/29 18:45:00"
      },
      {
        "y": 5604816.46907,
        "time": "2009/08/29 19:00:00"
      },
      {
        "y": 5475817.120607,
        "time": "2009/08/29 19:15:00"
      },
      {
        "y": 5293459.330552,
        "time": "2009/08/29 19:30:00"
      },
      {
        "y": 5158434.128614,
        "time": "2009/08/29 19:45:00"
      },
      {
        "y": 5041964.077888,
        "time": "2009/08/29 20:00:00"
      },
      {
        "y": 4918785.731603,
        "time": "2009/08/29 20:15:00"
      },
      {
        "y": 4836007.020594,
        "time": "2009/08/29 20:30:00"
      },
      {
        "y": 4759279.956941,
        "time": "2009/08/29 20:45:00"
      },
      {
        "y": 4649893.849353,
        "time": "2009/08/29 21:00:00"
      },
      {
        "y": 4601568.099439,
        "time": "2009/08/29 21:15:00"
      },
      {
        "y": 4520993.963114,
        "time": "2009/08/29 21:30:00"
      },
      {
        "y": 4442273.44889,
        "time": "2009/08/29 21:45:00"
      },
      {
        "y": 0.0,
        "time": "2009/08/29 22:00:00"
      },
      {
        "y": 0.0,
        "time": "2009/08/29 22:15:00"
      },
      {
        "y": 0.0,
        "time": "2009/08/29 22:30:00"
      },
      {
        "y": 0.0,
        "time": "2009/08/29 22:45:00"
      },
      {
        "y": 0.0,
        "time": "2009/08/29 23:00:00"
      },
      {
        "y": 0.0,
        "time": "2009/08/29 23:15:00"
      },
      {
        "y": 0.0,
        "time": "2009/08/29 23:30:00"
      },
      {
        "y": 0.0,
        "time": "2009/08/29 23:45:00"
      }
    ],
    "cvrmse": 67.437895,
    "nmbe": 41.135137
  },
  {
    "name": "Rooftop Cooling Coil Metered",
    "type": "Cooling Coil Electric Energy",
    "color": "red",
    "units": "J",
    "displayname": "Cooling Consumption",
    "data": [
      {
        "y": 97888.932,
        "time": "2009/08/29 00:00:00"
      },
      {
        "y": 97888.932,
        "time": "2009/08/29 00:15:00"
      },
      {
        "y": 97888.932,
        "time": "2009/08/29 00:30:00"
      },
      {
        "y": 98719.92,
        "time": "2009/08/29 00:45:00"
      },
      {
        "y": 97888.932,
        "time": "2009/08/29 01:00:00"
      },
      {
        "y": 98719.92,
        "time": "2009/08/29 01:15:00"
      },
      {
        "y": 97888.932,
        "time": "2009/08/29 01:30:00"
      },
      {
        "y": 98719.92,
        "time": "2009/08/29 01:45:00"
      },
      {
        "y": 98719.92,
        "time": "2009/08/29 02:00:00"
      },
      {
        "y": 97888.932,
        "time": "2009/08/29 02:15:00"
      },
      {
        "y": 98719.92,
        "time": "2009/08/29 02:30:00"
      },
      {
        "y": 97722.72,
        "time": "2009/08/29 02:45:00"
      },
      {
        "y": 98719.92,
        "time": "2009/08/29 03:00:00"
      },
      {
        "y": 97888.932,
        "time": "2009/08/29 03:15:00"
      },
      {
        "y": 98553.708,
        "time": "2009/08/29 03:30:00"
      },
      {
        "y": 98719.92,
        "time": "2009/08/29 03:45:00"
      },
      {
        "y": 97888.932,
        "time": "2009/08/29 04:00:00"
      },
      {
        "y": 98719.92,
        "time": "2009/08/29 04:15:00"
      },
      {
        "y": 98719.92,
        "time": "2009/08/29 04:30:00"
      },
      {
        "y": 98055.144,
        "time": "2009/08/29 04:45:00"
      },
      {
        "y": 98719.92,
        "time": "2009/08/29 05:00:00"
      },
      {
        "y": 97888.932,
        "time": "2009/08/29 05:15:00"
      },
      {
        "y": 97888.932,
        "time": "2009/08/29 05:30:00"
      },
      {
        "y": 98055.144,
        "time": "2009/08/29 05:45:00"
      },
      {
        "y": 97888.932,
        "time": "2009/08/29 06:00:00"
      },
      {
        "y": 98719.92,
        "time": "2009/08/29 06:15:00"
      },
      {
        "y": 97888.932,
        "time": "2009/08/29 06:30:00"
      },
      {
        "y": 1076735.88,
        "time": "2009/08/29 06:45:00"
      },
      {
        "y": 1009318.32,
        "time": "2009/08/29 07:00:00"
      },
      {
        "y": 9301242.6,
        "time": "2009/08/29 07:15:00"
      },
      {
        "y": 8564655.6,
        "time": "2009/08/29 07:30:00"
      },
      {
        "y": 7575115.68,
        "time": "2009/08/29 07:45:00"
      },
      {
        "y": 5407899.12,
        "time": "2009/08/29 08:00:00"
      },
      {
        "y": 3481672.32,
        "time": "2009/08/29 08:15:00"
      },
      {
        "y": 6422369.04,
        "time": "2009/08/29 08:30:00"
      },
      {
        "y": 5530223.16,
        "time": "2009/08/29 08:45:00"
      },
      {
        "y": 5460252.12,
        "time": "2009/08/29 09:00:00"
      },
      {
        "y": 4618959.48,
        "time": "2009/08/29 09:15:00"
      },
      {
        "y": 6935257.44,
        "time": "2009/08/29 09:30:00"
      },
      {
        "y": 7560824.76,
        "time": "2009/08/29 09:45:00"
      },
      {
        "y": 7270145.28,
        "time": "2009/08/29 10:00:00"
      },
      {
        "y": 6705072.72,
        "time": "2009/08/29 10:15:00"
      },
      {
        "y": 6655877.28,
        "time": "2009/08/29 10:30:00"
      },
      {
        "y": 6883238.16,
        "time": "2009/08/29 10:45:00"
      },
      {
        "y": 7343605.44,
        "time": "2009/08/29 11:00:00"
      },
      {
        "y": 5991753.24,
        "time": "2009/08/29 11:15:00"
      },
      {
        "y": 8236583.64,
        "time": "2009/08/29 11:30:00"
      },
      {
        "y": 6080171.4,
        "time": "2009/08/29 11:45:00"
      },
      {
        "y": 11449846.8,
        "time": "2009/08/29 12:00:00"
      },
      {
        "y": 6780861.0,
        "time": "2009/08/29 12:15:00"
      },
      {
        "y": 6171411.96,
        "time": "2009/08/29 12:30:00"
      },
      {
        "y": 6259997.88,
        "time": "2009/08/29 12:45:00"
      },
      {
        "y": 11481924.24,
        "time": "2009/08/29 13:00:00"
      },
      {
        "y": 13608255.24,
        "time": "2009/08/29 13:15:00"
      },
      {
        "y": 6681142.44,
        "time": "2009/08/29 13:30:00"
      },
      {
        "y": 9946924.2,
        "time": "2009/08/29 13:45:00"
      },
      {
        "y": 8498842.92,
        "time": "2009/08/29 14:00:00"
      },
      {
        "y": 10482579.36,
        "time": "2009/08/29 14:15:00"
      },
      {
        "y": 8489036.88,
        "time": "2009/08/29 14:30:00"
      },
      {
        "y": 11700971.64,
        "time": "2009/08/29 14:45:00"
      },
      {
        "y": 7847351.64,
        "time": "2009/08/29 15:00:00"
      },
      {
        "y": 10077057.72,
        "time": "2009/08/29 15:15:00"
      },
      {
        "y": 13985525.16,
        "time": "2009/08/29 15:30:00"
      },
      {
        "y": 13935665.88,
        "time": "2009/08/29 15:45:00"
      },
      {
        "y": 13954279.32,
        "time": "2009/08/29 16:00:00"
      },
      {
        "y": 7098963.48,
        "time": "2009/08/29 16:15:00"
      },
      {
        "y": 10742347.44,
        "time": "2009/08/29 16:30:00"
      },
      {
        "y": 14190112.8,
        "time": "2009/08/29 16:45:00"
      },
      {
        "y": 14132943.0,
        "time": "2009/08/29 17:00:00"
      },
      {
        "y": 13186612.8,
        "time": "2009/08/29 17:15:00"
      },
      {
        "y": 6485358.96,
        "time": "2009/08/29 17:30:00"
      },
      {
        "y": 12424266.72,
        "time": "2009/08/29 17:45:00"
      },
      {
        "y": 14151224.52,
        "time": "2009/08/29 18:00:00"
      },
      {
        "y": 13934167.92,
        "time": "2009/08/29 18:15:00"
      },
      {
        "y": 12281834.16,
        "time": "2009/08/29 18:30:00"
      },
      {
        "y": 9342959.76,
        "time": "2009/08/29 18:45:00"
      },
      {
        "y": 10839404.16,
        "time": "2009/08/29 19:00:00"
      },
      {
        "y": 9910856.88,
        "time": "2009/08/29 19:15:00"
      },
      {
        "y": 8870959.44,
        "time": "2009/08/29 19:30:00"
      },
      {
        "y": 7421383.44,
        "time": "2009/08/29 19:45:00"
      },
      {
        "y": 9157814.28,
        "time": "2009/08/29 20:00:00"
      },
      {
        "y": 5898183.12,
        "time": "2009/08/29 20:15:00"
      },
      {
        "y": 5868432.36,
        "time": "2009/08/29 20:30:00"
      },
      {
        "y": 5843836.44,
        "time": "2009/08/29 20:45:00"
      },
      {
        "y": 8642436.48,
        "time": "2009/08/29 21:00:00"
      },
      {
        "y": 8242565.76,
        "time": "2009/08/29 21:15:00"
      },
      {
        "y": 6842018.52,
        "time": "2009/08/29 21:30:00"
      },
      {
        "y": 2813311.44,
        "time": "2009/08/29 21:45:00"
      },
      {
        "y": 97722.72,
        "time": "2009/08/29 22:00:00"
      },
      {
        "y": 97224.156,
        "time": "2009/08/29 22:15:00"
      },
      {
        "y": 97057.944,
        "time": "2009/08/29 22:30:00"
      },
      {
        "y": 98719.92,
        "time": "2009/08/29 22:45:00"
      },
      {
        "y": 97722.72,
        "time": "2009/08/29 23:00:00"
      },
      {
        "y": 97888.932,
        "time": "2009/08/29 23:15:00"
      },
      {
        "y": 96891.732,
        "time": "2009/08/29 23:30:00"
      },
      {
        "y": 97888.932,
        "time": "2009/08/29 23:45:00"
      }
    ],
    "cvrmse": 67.437895,
    "nmbe": 41.135137
  }
]