[
  {
    "name": "Rooftop Cooling Coil Simulated",
    "type": "Cooling Coil Total Cooling Rate",
    "color": "blue",
    "units": "W",
    "displayname": "Cooling Capacity",
    "data": [
      {
        "y": 0.0,
        "time": "2009/09/02 00:00:00"
      },
      {
        "y": 0.0,
        "time": "2009/09/02 00:15:00"
      },
      {
        "y": 0.0,
        "time": "2009/09/02 00:30:00"
      },
      {
        "y": 0.0,
        "time": "2009/09/02 00:45:00"
      },
      {
        "y": 0.0,
        "time": "2009/09/02 01:00:00"
      },
      {
        "y": 0.0,
        "time": "2009/09/02 01:15:00"
      },
      {
        "y": 0.0,
        "time": "2009/09/02 01:30:00"
      },
      {
        "y": 0.0,
        "time": "2009/09/02 01:45:00"
      },
      {
        "y": 0.0,
        "time": "2009/09/02 02:00:00"
      },
      {
        "y": 0.0,
        "time": "2009/09/02 02:15:00"
      },
      {
        "y": 0.0,
        "time": "2009/09/02 02:30:00"
      },
      {
        "y": 0.0,
        "time": "2009/09/02 02:45:00"
      },
      {
        "y": 0.0,
        "time": "2009/09/02 03:00:00"
      },
      {
        "y": 0.0,
        "time": "2009/09/02 03:15:00"
      },
      {
        "y": 0.0,
        "time": "2009/09/02 03:30:00"
      },
      {
        "y": 0.0,
        "time": "2009/09/02 03:45:00"
      },
      {
        "y": 0.0,
        "time": "2009/09/02 04:00:00"
      },
      {
        "y": 0.0,
        "time": "2009/09/02 04:15:00"
      },
      {
        "y": 0.0,
        "time": "2009/09/02 04:30:00"
      },
      {
        "y": 0.0,
        "time": "2009/09/02 04:45:00"
      },
      {
        "y": 0.0,
        "time": "2009/09/02 05:00:00"
      },
      {
        "y": 0.0,
        "time": "2009/09/02 05:15:00"
      },
      {
        "y": 0.0,
        "time": "2009/09/02 05:30:00"
      },
      {
        "y": 0.0,
        "time": "2009/09/02 05:45:00"
      },
      {
        "y": 0.0,
        "time": "2009/09/02 06:00:00"
      },
      {
        "y": 0.0,
        "time": "2009/09/02 06:15:00"
      },
      {
        "y": 0.0,
        "time": "2009/09/02 06:30:00"
      },
      {
        "y": 0.0,
        "time": "2009/09/02 06:45:00"
      },
      {
        "y": 35724.68493,
        "time": "2009/09/02 07:00:00"
      },
      {
        "y": 29501.322442,
        "time": "2009/09/02 07:15:00"
      },
      {
        "y": 26795.915832,
        "time": "2009/09/02 07:30:00"
      },
      {
        "y": 25889.180294,
        "time": "2009/09/02 07:45:00"
      },
      {
        "y": 26123.311163,
        "time": "2009/09/02 08:00:00"
      },
      {
        "y": 26279.001999,
        "time": "2009/09/02 08:15:00"
      },
      {
        "y": 26297.684486,
        "time": "2009/09/02 08:30:00"
      },
      {
        "y": 26078.64596,
        "time": "2009/09/02 08:45:00"
      },
      {
        "y": 25877.804836,
        "time": "2009/09/02 09:00:00"
      },
      {
        "y": 25704.378212,
        "time": "2009/09/02 09:15:00"
      },
      {
        "y": 25608.722474,
        "time": "2009/09/02 09:30:00"
      },
      {
        "y": 25543.305885,
        "time": "2009/09/02 09:45:00"
      },
      {
        "y": 25519.071834,
        "time": "2009/09/02 10:00:00"
      },
      {
        "y": 25508.523413,
        "time": "2009/09/02 10:15:00"
      },
      {
        "y": 25464.928162,
        "time": "2009/09/02 10:30:00"
      },
      {
        "y": 25471.293905,
        "time": "2009/09/02 10:45:00"
      },
      {
        "y": 25516.58515,
        "time": "2009/09/02 11:00:00"
      },
      {
        "y": 25546.52902,
        "time": "2009/09/02 11:15:00"
      },
      {
        "y": 25568.809043,
        "time": "2009/09/02 11:30:00"
      },
      {
        "y": 25629.360639,
        "time": "2009/09/02 11:45:00"
      },
      {
        "y": 25738.680359,
        "time": "2009/09/02 12:00:00"
      },
      {
        "y": 25821.901725,
        "time": "2009/09/02 12:15:00"
      },
      {
        "y": 25892.970794,
        "time": "2009/09/02 12:30:00"
      },
      {
        "y": 26004.799158,
        "time": "2009/09/02 12:45:00"
      },
      {
        "y": 26151.86209,
        "time": "2009/09/02 13:00:00"
      },
      {
        "y": 26227.226281,
        "time": "2009/09/02 13:15:00"
      },
      {
        "y": 26271.254931,
        "time": "2009/09/02 13:30:00"
      },
      {
        "y": 26319.492454,
        "time": "2009/09/02 13:45:00"
      },
      {
        "y": 26406.815237,
        "time": "2009/09/02 14:00:00"
      },
      {
        "y": 26473.339201,
        "time": "2009/09/02 14:15:00"
      },
      {
        "y": 26547.556286,
        "time": "2009/09/02 14:30:00"
      },
      {
        "y": 26596.324605,
        "time": "2009/09/02 14:45:00"
      },
      {
        "y": 26629.851771,
        "time": "2009/09/02 15:00:00"
      },
      {
        "y": 26678.912694,
        "time": "2009/09/02 15:15:00"
      },
      {
        "y": 26702.267399,
        "time": "2009/09/02 15:30:00"
      },
      {
        "y": 26739.584336,
        "time": "2009/09/02 15:45:00"
      },
      {
        "y": 26788.107394,
        "time": "2009/09/02 16:00:00"
      },
      {
        "y": 26854.311319,
        "time": "2009/09/02 16:15:00"
      },
      {
        "y": 26911.463288,
        "time": "2009/09/02 16:30:00"
      },
      {
        "y": 26996.025983,
        "time": "2009/09/02 16:45:00"
      },
      {
        "y": 27132.493138,
        "time": "2009/09/02 17:00:00"
      },
      {
        "y": 27246.581822,
        "time": "2009/09/02 17:15:00"
      },
      {
        "y": 27252.491808,
        "time": "2009/09/02 17:30:00"
      },
      {
        "y": 27155.531235,
        "time": "2009/09/02 17:45:00"
      },
      {
        "y": 26979.864672,
        "time": "2009/09/02 18:00:00"
      },
      {
        "y": 26829.815904,
        "time": "2009/09/02 18:15:00"
      },
      {
        "y": 26821.381089,
        "time": "2009/09/02 18:30:00"
      },
      {
        "y": 26984.747496,
        "time": "2009/09/02 18:45:00"
      },
      {
        "y": 27264.526622,
        "time": "2009/09/02 19:00:00"
      },
      {
        "y": 27201.825515,
        "time": "2009/09/02 19:15:00"
      },
      {
        "y": 26982.446833,
        "time": "2009/09/02 19:30:00"
      },
      {
        "y": 26767.617687,
        "time": "2009/09/02 19:45:00"
      },
      {
        "y": 26694.178549,
        "time": "2009/09/02 20:00:00"
      },
      {
        "y": 26588.519931,
        "time": "2009/09/02 20:15:00"
      },
      {
        "y": 26498.396268,
        "time": "2009/09/02 20:30:00"
      },
      {
        "y": 26394.84429,
        "time": "2009/09/02 20:45:00"
      },
      {
        "y": 26322.547959,
        "time": "2009/09/02 21:00:00"
      },
      {
        "y": 26273.357112,
        "time": "2009/09/02 21:15:00"
      },
      {
        "y": 26202.730729,
        "time": "2009/09/02 21:30:00"
      },
      {
        "y": 0.0,
        "time": "2009/09/02 21:45:00"
      },
      {
        "y": 0.0,
        "time": "2009/09/02 22:00:00"
      },
      {
        "y": 0.0,
        "time": "2009/09/02 22:15:00"
      },
      {
        "y": 0.0,
        "time": "2009/09/02 22:30:00"
      },
      {
        "y": 0.0,
        "time": "2009/09/02 22:45:00"
      },
      {
        "y": 0.0,
        "time": "2009/09/02 23:00:00"
      },
      {
        "y": 0.0,
        "time": "2009/09/02 23:15:00"
      },
      {
        "y": 0.0,
        "time": "2009/09/02 23:30:00"
      },
      {
        "y": 0.0,
        "time": "2009/09/02 23:45:00"
      }
    ],
    "cvrmse": 24.335161,
    "nmbe": -8.438925
  },
  {
    "name": "Rooftop Cooling Coil Metered",
    "type": "Cooling Coil Total Cooling Rate",
    "color": "red",
    "units": "W",
    "displayname": "Cooling Capacity",
    "data": [
      {
        "y": 0.0,
        "time": "2009/09/02 00:00:00"
      },
      {
        "y": 0.0,
        "time": "2009/09/02 00:15:00"
      },
      {
        "y": 0.0,
        "time": "2009/09/02 00:30:00"
      },
      {
        "y": 0.0,
        "time": "2009/09/02 00:45:00"
      },
      {
        "y": 0.0,
        "time": "2009/09/02 01:00:00"
      },
      {
        "y": 0.0,
        "time": "2009/09/02 01:15:00"
      },
      {
        "y": 0.0,
        "time": "2009/09/02 01:30:00"
      },
      {
        "y": 0.0,
        "time": "2009/09/02 01:45:00"
      },
      {
        "y": 0.0,
        "time": "2009/09/02 02:00:00"
      },
      {
        "y": 0.0,
        "time": "2009/09/02 02:15:00"
      },
      {
        "y": 0.0,
        "time": "2009/09/02 02:30:00"
      },
      {
        "y": 0.0,
        "time": "2009/09/02 02:45:00"
      },
      {
        "y": 0.0,
        "time": "2009/09/02 03:00:00"
      },
      {
        "y": 0.0,
        "time": "2009/09/02 03:15:00"
      },
      {
        "y": 0.0,
        "time": "2009/09/02 03:30:00"
      },
      {
        "y": 0.0,
        "time": "2009/09/02 03:45:00"
      },
      {
        "y": 0.0,
        "time": "2009/09/02 04:00:00"
      },
      {
        "y": 0.0,
        "time": "2009/09/02 04:15:00"
      },
      {
        "y": 0.0,
        "time": "2009/09/02 04:30:00"
      },
      {
        "y": 0.0,
        "time": "2009/09/02 04:45:00"
      },
      {
        "y": 0.0,
        "time": "2009/09/02 05:00:00"
      },
      {
        "y": 0.0,
        "time": "2009/09/02 05:15:00"
      },
      {
        "y": 0.0,
        "time": "2009/09/02 05:30:00"
      },
      {
        "y": 0.0,
        "time": "2009/09/02 05:45:00"
      },
      {
        "y": 0.0,
        "time": "2009/09/02 06:00:00"
      },
      {
        "y": 0.0,
        "time": "2009/09/02 06:15:00"
      },
      {
        "y": 0.0,
        "time": "2009/09/02 06:30:00"
      },
      {
        "y": 6695.150746,
        "time": "2009/09/02 06:45:00"
      },
      {
        "y": 21909.20881,
        "time": "2009/09/02 07:00:00"
      },
      {
        "y": 28888.26381,
        "time": "2009/09/02 07:15:00"
      },
      {
        "y": 28219.69101,
        "time": "2009/09/02 07:30:00"
      },
      {
        "y": 19163.90556,
        "time": "2009/09/02 07:45:00"
      },
      {
        "y": 20482.51632,
        "time": "2009/09/02 08:00:00"
      },
      {
        "y": 22256.70909,
        "time": "2009/09/02 08:15:00"
      },
      {
        "y": 20915.81011,
        "time": "2009/09/02 08:30:00"
      },
      {
        "y": 24015.67655,
        "time": "2009/09/02 08:45:00"
      },
      {
        "y": 19177.63845,
        "time": "2009/09/02 09:00:00"
      },
      {
        "y": 23553.98801,
        "time": "2009/09/02 09:15:00"
      },
      {
        "y": 23497.82597,
        "time": "2009/09/02 09:30:00"
      },
      {
        "y": 20946.53747,
        "time": "2009/09/02 09:45:00"
      },
      {
        "y": 25110.10591,
        "time": "2009/09/02 10:00:00"
      },
      {
        "y": 25164.83325,
        "time": "2009/09/02 10:15:00"
      },
      {
        "y": 25162.22287,
        "time": "2009/09/02 10:30:00"
      },
      {
        "y": 25099.45046,
        "time": "2009/09/02 10:45:00"
      },
      {
        "y": 25035.58135,
        "time": "2009/09/02 11:00:00"
      },
      {
        "y": 25067.93589,
        "time": "2009/09/02 11:15:00"
      },
      {
        "y": 24999.92466,
        "time": "2009/09/02 11:30:00"
      },
      {
        "y": 24909.04102,
        "time": "2009/09/02 11:45:00"
      },
      {
        "y": 24778.79432,
        "time": "2009/09/02 12:00:00"
      },
      {
        "y": 24770.71805,
        "time": "2009/09/02 12:15:00"
      },
      {
        "y": 24856.12713,
        "time": "2009/09/02 12:30:00"
      },
      {
        "y": 24829.13069,
        "time": "2009/09/02 12:45:00"
      },
      {
        "y": 24783.84198,
        "time": "2009/09/02 13:00:00"
      },
      {
        "y": 24785.97304,
        "time": "2009/09/02 13:15:00"
      },
      {
        "y": 24939.094,
        "time": "2009/09/02 13:30:00"
      },
      {
        "y": 24847.11784,
        "time": "2009/09/02 13:45:00"
      },
      {
        "y": 24819.78829,
        "time": "2009/09/02 14:00:00"
      },
      {
        "y": 24772.30206,
        "time": "2009/09/02 14:15:00"
      },
      {
        "y": 24839.23182,
        "time": "2009/09/02 14:30:00"
      },
      {
        "y": 24810.49102,
        "time": "2009/09/02 14:45:00"
      },
      {
        "y": 24694.85648,
        "time": "2009/09/02 15:00:00"
      },
      {
        "y": 24657.48794,
        "time": "2009/09/02 15:15:00"
      },
      {
        "y": 24654.77807,
        "time": "2009/09/02 15:30:00"
      },
      {
        "y": 24694.38667,
        "time": "2009/09/02 15:45:00"
      },
      {
        "y": 24702.42281,
        "time": "2009/09/02 16:00:00"
      },
      {
        "y": 24636.12896,
        "time": "2009/09/02 16:15:00"
      },
      {
        "y": 24405.24616,
        "time": "2009/09/02 16:30:00"
      },
      {
        "y": 24359.80053,
        "time": "2009/09/02 16:45:00"
      },
      {
        "y": 24408.64451,
        "time": "2009/09/02 17:00:00"
      },
      {
        "y": 24245.79573,
        "time": "2009/09/02 17:15:00"
      },
      {
        "y": 24303.93044,
        "time": "2009/09/02 17:30:00"
      },
      {
        "y": 24412.122,
        "time": "2009/09/02 17:45:00"
      },
      {
        "y": 24368.9816,
        "time": "2009/09/02 18:00:00"
      },
      {
        "y": 24296.82752,
        "time": "2009/09/02 18:15:00"
      },
      {
        "y": 24196.47683,
        "time": "2009/09/02 18:30:00"
      },
      {
        "y": 24100.94305,
        "time": "2009/09/02 18:45:00"
      },
      {
        "y": 24473.44609,
        "time": "2009/09/02 19:00:00"
      },
      {
        "y": 24552.68162,
        "time": "2009/09/02 19:15:00"
      },
      {
        "y": 24447.60386,
        "time": "2009/09/02 19:30:00"
      },
      {
        "y": 24565.71864,
        "time": "2009/09/02 19:45:00"
      },
      {
        "y": 24611.78191,
        "time": "2009/09/02 20:00:00"
      },
      {
        "y": 24611.51297,
        "time": "2009/09/02 20:15:00"
      },
      {
        "y": 18921.03648,
        "time": "2009/09/02 20:30:00"
      },
      {
        "y": 24758.85493,
        "time": "2009/09/02 20:45:00"
      },
      {
        "y": 18982.67186,
        "time": "2009/09/02 21:00:00"
      },
      {
        "y": 20596.54353,
        "time": "2009/09/02 21:15:00"
      },
      {
        "y": 23088.50978,
        "time": "2009/09/02 21:30:00"
      },
      {
        "y": 23117.45158,
        "time": "2009/09/02 21:45:00"
      },
      {
        "y": 0.0,
        "time": "2009/09/02 22:00:00"
      },
      {
        "y": 0.0,
        "time": "2009/09/02 22:15:00"
      },
      {
        "y": 0.0,
        "time": "2009/09/02 22:30:00"
      },
      {
        "y": 0.0,
        "time": "2009/09/02 22:45:00"
      },
      {
        "y": 0.0,
        "time": "2009/09/02 23:00:00"
      },
      {
        "y": 0.0,
        "time": "2009/09/02 23:15:00"
      },
      {
        "y": 0.0,
        "time": "2009/09/02 23:30:00"
      },
      {
        "y": 0.0,
        "time": "2009/09/02 23:45:00"
      }
    ],
    "cvrmse": 24.335161,
    "nmbe": -8.438925
  }
]