[
  {
    "name": "ROOFTOP MIXED AIR OUTLET Simulated",
    "type": "System Node Temperature",
    "color": "blue",
    "units": "C",
    "displayname": "RTU Enter",
    "data": [
      {
        "y": 23.452446,
        "time": "2009/08/27 06:45:00"
      },
      {
        "y": 22.219248,
        "time": "2009/08/27 07:00:00"
      },
      {
        "y": 21.71089,
        "time": "2009/08/27 07:15:00"
      },
      {
        "y": 21.598972,
        "time": "2009/08/27 07:30:00"
      },
      {
        "y": 21.697316,
        "time": "2009/08/27 07:45:00"
      },
      {
        "y": 21.66045,
        "time": "2009/08/27 08:00:00"
      },
      {
        "y": 21.621781,
        "time": "2009/08/27 08:15:00"
      },
      {
        "y": 21.579055,
        "time": "2009/08/27 08:30:00"
      },
      {
        "y": 21.569208,
        "time": "2009/08/27 08:45:00"
      },
      {
        "y": 21.604697,
        "time": "2009/08/27 09:00:00"
      },
      {
        "y": 21.654296,
        "time": "2009/08/27 09:15:00"
      },
      {
        "y": 21.671622,
        "time": "2009/08/27 09:30:00"
      },
      {
        "y": 21.677586,
        "time": "2009/08/27 09:45:00"
      },
      {
        "y": 21.708087,
        "time": "2009/08/27 10:00:00"
      },
      {
        "y": 21.816426,
        "time": "2009/08/27 10:15:00"
      },
      {
        "y": 21.956904,
        "time": "2009/08/27 10:30:00"
      },
      {
        "y": 22.092114,
        "time": "2009/08/27 10:45:00"
      },
      {
        "y": 22.178837,
        "time": "2009/08/27 11:00:00"
      },
      {
        "y": 22.301111,
        "time": "2009/08/27 11:15:00"
      },
      {
        "y": 22.405899,
        "time": "2009/08/27 11:30:00"
      },
      {
        "y": 22.514485,
        "time": "2009/08/27 11:45:00"
      },
      {
        "y": 22.62137,
        "time": "2009/08/27 12:00:00"
      },
      {
        "y": 22.731063,
        "time": "2009/08/27 12:15:00"
      },
      {
        "y": 22.830345,
        "time": "2009/08/27 12:30:00"
      },
      {
        "y": 22.91726,
        "time": "2009/08/27 12:45:00"
      },
      {
        "y": 23.018821,
        "time": "2009/08/27 13:00:00"
      },
      {
        "y": 23.123626,
        "time": "2009/08/27 13:15:00"
      },
      {
        "y": 23.193865,
        "time": "2009/08/27 13:30:00"
      },
      {
        "y": 23.27702,
        "time": "2009/08/27 13:45:00"
      },
      {
        "y": 23.366036,
        "time": "2009/08/27 14:00:00"
      },
      {
        "y": 23.449342,
        "time": "2009/08/27 14:15:00"
      },
      {
        "y": 23.544851,
        "time": "2009/08/27 14:30:00"
      },
      {
        "y": 23.652143,
        "time": "2009/08/27 14:45:00"
      },
      {
        "y": 23.741089,
        "time": "2009/08/27 15:00:00"
      },
      {
        "y": 23.852764,
        "time": "2009/08/27 15:15:00"
      },
      {
        "y": 24.012165,
        "time": "2009/08/27 15:30:00"
      },
      {
        "y": 24.108215,
        "time": "2009/08/27 15:45:00"
      },
      {
        "y": 24.214823,
        "time": "2009/08/27 16:00:00"
      },
      {
        "y": 24.331305,
        "time": "2009/08/27 16:15:00"
      },
      {
        "y": 24.416129,
        "time": "2009/08/27 16:30:00"
      },
      {
        "y": 24.480954,
        "time": "2009/08/27 16:45:00"
      },
      {
        "y": 24.536772,
        "time": "2009/08/27 17:00:00"
      },
      {
        "y": 24.591416,
        "time": "2009/08/27 17:15:00"
      },
      {
        "y": 24.645744,
        "time": "2009/08/27 17:30:00"
      },
      {
        "y": 24.702374,
        "time": "2009/08/27 17:45:00"
      },
      {
        "y": 24.695456,
        "time": "2009/08/27 18:00:00"
      },
      {
        "y": 24.384542,
        "time": "2009/08/27 18:15:00"
      },
      {
        "y": 24.184068,
        "time": "2009/08/27 18:30:00"
      },
      {
        "y": 23.983795,
        "time": "2009/08/27 18:45:00"
      },
      {
        "y": 23.935269,
        "time": "2009/08/27 19:00:00"
      },
      {
        "y": 23.967439,
        "time": "2009/08/27 19:15:00"
      },
      {
        "y": 23.821995,
        "time": "2009/08/27 19:30:00"
      },
      {
        "y": 23.55275,
        "time": "2009/08/27 19:45:00"
      },
      {
        "y": 23.353752,
        "time": "2009/08/27 20:00:00"
      },
      {
        "y": 23.21634,
        "time": "2009/08/27 20:15:00"
      },
      {
        "y": 23.052486,
        "time": "2009/08/27 20:30:00"
      },
      {
        "y": 22.878892,
        "time": "2009/08/27 20:45:00"
      },
      {
        "y": 22.716696,
        "time": "2009/08/27 21:00:00"
      },
      {
        "y": 22.597864,
        "time": "2009/08/27 21:15:00"
      },
      {
        "y": 22.41235,
        "time": "2009/08/27 21:30:00"
      },
      {
        "y": 22.226068,
        "time": "2009/08/27 21:45:00"
      }
    ],
    "cvrmse": 3.461961,
    "nmbe": -2.593712
  },
  {
    "name": "ROOFTOP MIXED AIR OUTLET Metered",
    "type": "System Node Temperature",
    "color": "red",
    "units": "C",
    "displayname": "RTU Enter",
    "data": [
      {
        "y": 23.379648,
        "time": "2009/08/27 06:45:00"
      },
      {
        "y": 23.229636,
        "time": "2009/08/27 07:00:00"
      },
      {
        "y": 22.346232,
        "time": "2009/08/27 07:15:00"
      },
      {
        "y": 21.673956,
        "time": "2009/08/27 07:30:00"
      },
      {
        "y": 21.479496,
        "time": "2009/08/27 07:45:00"
      },
      {
        "y": 21.407268,
        "time": "2009/08/27 08:00:00"
      },
      {
        "y": 21.268368,
        "time": "2009/08/27 08:15:00"
      },
      {
        "y": 21.146136,
        "time": "2009/08/27 08:30:00"
      },
      {
        "y": 21.235032,
        "time": "2009/08/27 08:45:00"
      },
      {
        "y": 21.2517,
        "time": "2009/08/27 09:00:00"
      },
      {
        "y": 21.162804,
        "time": "2009/08/27 09:15:00"
      },
      {
        "y": 21.19614,
        "time": "2009/08/27 09:30:00"
      },
      {
        "y": 21.262812,
        "time": "2009/08/27 09:45:00"
      },
      {
        "y": 21.47394,
        "time": "2009/08/27 10:00:00"
      },
      {
        "y": 21.47394,
        "time": "2009/08/27 10:15:00"
      },
      {
        "y": 21.546168,
        "time": "2009/08/27 10:30:00"
      },
      {
        "y": 21.673956,
        "time": "2009/08/27 10:45:00"
      },
      {
        "y": 21.818412,
        "time": "2009/08/27 11:00:00"
      },
      {
        "y": 21.97398,
        "time": "2009/08/27 11:15:00"
      },
      {
        "y": 22.11288,
        "time": "2009/08/27 11:30:00"
      },
      {
        "y": 22.290672,
        "time": "2009/08/27 11:45:00"
      },
      {
        "y": 22.44624,
        "time": "2009/08/27 12:00:00"
      },
      {
        "y": 22.574028,
        "time": "2009/08/27 12:15:00"
      },
      {
        "y": 22.662924,
        "time": "2009/08/27 12:30:00"
      },
      {
        "y": 22.785156,
        "time": "2009/08/27 12:45:00"
      },
      {
        "y": 22.940724,
        "time": "2009/08/27 13:00:00"
      },
      {
        "y": 22.968504,
        "time": "2009/08/27 13:15:00"
      },
      {
        "y": 23.08518,
        "time": "2009/08/27 13:30:00"
      },
      {
        "y": 22.985172,
        "time": "2009/08/27 13:45:00"
      },
      {
        "y": 23.129628,
        "time": "2009/08/27 14:00:00"
      },
      {
        "y": 23.1963,
        "time": "2009/08/27 14:15:00"
      },
      {
        "y": 23.240748,
        "time": "2009/08/27 14:30:00"
      },
      {
        "y": 23.301864,
        "time": "2009/08/27 14:45:00"
      },
      {
        "y": 23.357424,
        "time": "2009/08/27 15:00:00"
      },
      {
        "y": 23.36298,
        "time": "2009/08/27 15:15:00"
      },
      {
        "y": 23.512992,
        "time": "2009/08/27 15:30:00"
      },
      {
        "y": 23.540772,
        "time": "2009/08/27 15:45:00"
      },
      {
        "y": 23.562996,
        "time": "2009/08/27 16:00:00"
      },
      {
        "y": 23.601888,
        "time": "2009/08/27 16:15:00"
      },
      {
        "y": 23.58522,
        "time": "2009/08/27 16:30:00"
      },
      {
        "y": 23.679672,
        "time": "2009/08/27 16:45:00"
      },
      {
        "y": 23.562996,
        "time": "2009/08/27 17:00:00"
      },
      {
        "y": 23.635224,
        "time": "2009/08/27 17:15:00"
      },
      {
        "y": 23.55744,
        "time": "2009/08/27 17:30:00"
      },
      {
        "y": 23.613,
        "time": "2009/08/27 17:45:00"
      },
      {
        "y": 23.30742,
        "time": "2009/08/27 18:00:00"
      },
      {
        "y": 23.007396,
        "time": "2009/08/27 18:15:00"
      },
      {
        "y": 22.840716,
        "time": "2009/08/27 18:30:00"
      },
      {
        "y": 22.712928,
        "time": "2009/08/27 18:45:00"
      },
      {
        "y": 22.66848,
        "time": "2009/08/27 19:00:00"
      },
      {
        "y": 22.401792,
        "time": "2009/08/27 19:15:00"
      },
      {
        "y": 22.301784,
        "time": "2009/08/27 19:30:00"
      },
      {
        "y": 22.146216,
        "time": "2009/08/27 19:45:00"
      },
      {
        "y": 22.007316,
        "time": "2009/08/27 20:00:00"
      },
      {
        "y": 21.901752,
        "time": "2009/08/27 20:15:00"
      },
      {
        "y": 21.829524,
        "time": "2009/08/27 20:30:00"
      },
      {
        "y": 21.773964,
        "time": "2009/08/27 20:45:00"
      },
      {
        "y": 21.735072,
        "time": "2009/08/27 21:00:00"
      },
      {
        "y": 21.646176,
        "time": "2009/08/27 21:15:00"
      },
      {
        "y": 21.462828,
        "time": "2009/08/27 21:30:00"
      },
      {
        "y": 21.47394,
        "time": "2009/08/27 21:45:00"
      }
    ],
    "cvrmse": 3.461961,
    "nmbe": -2.593712
  }
]