[
  {
    "name": "RoofTop Supply Fan Outlet Simulated",
    "type": "System Node Standard Density Volume Flow Rate",
    "color": "blue",
    "units": "m3/s",
    "displayname": "Standard Airflow Volume",
    "data": [
      {
        "y": 0.0,
        "time": "2009/08/29 06:45:00"
      },
      {
        "y": 1.955962,
        "time": "2009/08/29 07:00:00"
      },
      {
        "y": 1.955962,
        "time": "2009/08/29 07:15:00"
      },
      {
        "y": 1.955962,
        "time": "2009/08/29 07:30:00"
      },
      {
        "y": 1.955962,
        "time": "2009/08/29 07:45:00"
      },
      {
        "y": 1.955962,
        "time": "2009/08/29 08:00:00"
      },
      {
        "y": 1.955962,
        "time": "2009/08/29 08:15:00"
      },
      {
        "y": 1.955962,
        "time": "2009/08/29 08:30:00"
      },
      {
        "y": 1.955962,
        "time": "2009/08/29 08:45:00"
      },
      {
        "y": 1.955962,
        "time": "2009/08/29 09:00:00"
      },
      {
        "y": 1.955962,
        "time": "2009/08/29 09:15:00"
      },
      {
        "y": 1.955962,
        "time": "2009/08/29 09:30:00"
      },
      {
        "y": 1.955962,
        "time": "2009/08/29 09:45:00"
      },
      {
        "y": 1.955962,
        "time": "2009/08/29 10:00:00"
      },
      {
        "y": 1.955962,
        "time": "2009/08/29 10:15:00"
      },
      {
        "y": 1.955962,
        "time": "2009/08/29 10:30:00"
      },
      {
        "y": 1.955962,
        "time": "2009/08/29 10:45:00"
      },
      {
        "y": 1.955962,
        "time": "2009/08/29 11:00:00"
      },
      {
        "y": 1.955962,
        "time": "2009/08/29 11:15:00"
      },
      {
        "y": 1.955962,
        "time": "2009/08/29 11:30:00"
      },
      {
        "y": 1.955962,
        "time": "2009/08/29 11:45:00"
      },
      {
        "y": 1.955962,
        "time": "2009/08/29 12:00:00"
      },
      {
        "y": 1.955962,
        "time": "2009/08/29 12:15:00"
      },
      {
        "y": 1.955962,
        "time": "2009/08/29 12:30:00"
      },
      {
        "y": 1.955962,
        "time": "2009/08/29 12:45:00"
      },
      {
        "y": 1.955962,
        "time": "2009/08/29 13:00:00"
      },
      {
        "y": 1.955962,
        "time": "2009/08/29 13:15:00"
      },
      {
        "y": 1.955962,
        "time": "2009/08/29 13:30:00"
      },
      {
        "y": 1.955962,
        "time": "2009/08/29 13:45:00"
      },
      {
        "y": 1.955962,
        "time": "2009/08/29 14:00:00"
      },
      {
        "y": 1.955962,
        "time": "2009/08/29 14:15:00"
      },
      {
        "y": 1.955962,
        "time": "2009/08/29 14:30:00"
      },
      {
        "y": 1.955962,
        "time": "2009/08/29 14:45:00"
      },
      {
        "y": 1.955962,
        "time": "2009/08/29 15:00:00"
      },
      {
        "y": 1.955962,
        "time": "2009/08/29 15:15:00"
      },
      {
        "y": 1.955962,
        "time": "2009/08/29 15:30:00"
      },
      {
        "y": 1.955962,
        "time": "2009/08/29 15:45:00"
      },
      {
        "y": 1.955962,
        "time": "2009/08/29 16:00:00"
      },
      {
        "y": 1.955962,
        "time": "2009/08/29 16:15:00"
      },
      {
        "y": 1.955962,
        "time": "2009/08/29 16:30:00"
      },
      {
        "y": 1.955962,
        "time": "2009/08/29 16:45:00"
      },
      {
        "y": 1.955962,
        "time": "2009/08/29 17:00:00"
      },
      {
        "y": 1.955962,
        "time": "2009/08/29 17:15:00"
      },
      {
        "y": 1.955962,
        "time": "2009/08/29 17:30:00"
      },
      {
        "y": 1.955962,
        "time": "2009/08/29 17:45:00"
      },
      {
        "y": 1.955962,
        "time": "2009/08/29 18:00:00"
      },
      {
        "y": 1.955962,
        "time": "2009/08/29 18:15:00"
      },
      {
        "y": 1.955962,
        "time": "2009/08/29 18:30:00"
      },
      {
        "y": 1.955962,
        "time": "2009/08/29 18:45:00"
      },
      {
        "y": 1.955962,
        "time": "2009/08/29 19:00:00"
      },
      {
        "y": 1.955962,
        "time": "2009/08/29 19:15:00"
      },
      {
        "y": 1.955962,
        "time": "2009/08/29 19:30:00"
      },
      {
        "y": 1.955962,
        "time": "2009/08/29 19:45:00"
      },
      {
        "y": 1.955962,
        "time": "2009/08/29 20:00:00"
      },
      {
        "y": 1.955962,
        "time": "2009/08/29 20:15:00"
      },
      {
        "y": 1.955962,
        "time": "2009/08/29 20:30:00"
      },
      {
        "y": 1.955962,
        "time": "2009/08/29 20:45:00"
      },
      {
        "y": 1.955962,
        "time": "2009/08/29 21:00:00"
      },
      {
        "y": 1.955962,
        "time": "2009/08/29 21:15:00"
      },
      {
        "y": 1.955962,
        "time": "2009/08/29 21:30:00"
      },
      {
        "y": 0.0,
        "time": "2009/08/29 21:45:00"
      }
    ],
    "cvrmse": 16.30224,
    "nmbe": 7.386994
  },
  {
    "name": "RoofTop Supply Fan Outlet Metered",
    "type": "System Node Standard Density Volume Flow Rate",
    "color": "red",
    "units": "m3/s",
    "displayname": "Standard Airflow Volume",
    "data": [
      {
        "y": 1.45277,
        "time": "2009/08/29 06:45:00"
      },
      {
        "y": 2.0163,
        "time": "2009/08/29 07:00:00"
      },
      {
        "y": 2.05672,
        "time": "2009/08/29 07:15:00"
      },
      {
        "y": 2.06471,
        "time": "2009/08/29 07:30:00"
      },
      {
        "y": 2.06377,
        "time": "2009/08/29 07:45:00"
      },
      {
        "y": 2.05954,
        "time": "2009/08/29 08:00:00"
      },
      {
        "y": 2.05531,
        "time": "2009/08/29 08:15:00"
      },
      {
        "y": 2.06095,
        "time": "2009/08/29 08:30:00"
      },
      {
        "y": 2.06001,
        "time": "2009/08/29 08:45:00"
      },
      {
        "y": 2.06001,
        "time": "2009/08/29 09:00:00"
      },
      {
        "y": 2.05531,
        "time": "2009/08/29 09:15:00"
      },
      {
        "y": 2.06189,
        "time": "2009/08/29 09:30:00"
      },
      {
        "y": 2.06283,
        "time": "2009/08/29 09:45:00"
      },
      {
        "y": 2.06565,
        "time": "2009/08/29 10:00:00"
      },
      {
        "y": 2.06236,
        "time": "2009/08/29 10:15:00"
      },
      {
        "y": 2.06142,
        "time": "2009/08/29 10:30:00"
      },
      {
        "y": 2.06095,
        "time": "2009/08/29 10:45:00"
      },
      {
        "y": 2.06048,
        "time": "2009/08/29 11:00:00"
      },
      {
        "y": 2.05672,
        "time": "2009/08/29 11:15:00"
      },
      {
        "y": 2.05813,
        "time": "2009/08/29 11:30:00"
      },
      {
        "y": 2.05296,
        "time": "2009/08/29 11:45:00"
      },
      {
        "y": 2.06283,
        "time": "2009/08/29 12:00:00"
      },
      {
        "y": 2.05672,
        "time": "2009/08/29 12:15:00"
      },
      {
        "y": 2.05202,
        "time": "2009/08/29 12:30:00"
      },
      {
        "y": 2.04967,
        "time": "2009/08/29 12:45:00"
      },
      {
        "y": 2.05813,
        "time": "2009/08/29 13:00:00"
      },
      {
        "y": 2.06283,
        "time": "2009/08/29 13:15:00"
      },
      {
        "y": 2.05014,
        "time": "2009/08/29 13:30:00"
      },
      {
        "y": 2.05296,
        "time": "2009/08/29 13:45:00"
      },
      {
        "y": 2.04544,
        "time": "2009/08/29 14:00:00"
      },
      {
        "y": 2.04779,
        "time": "2009/08/29 14:15:00"
      },
      {
        "y": 2.04262,
        "time": "2009/08/29 14:30:00"
      },
      {
        "y": 2.04732,
        "time": "2009/08/29 14:45:00"
      },
      {
        "y": 2.04215,
        "time": "2009/08/29 15:00:00"
      },
      {
        "y": 2.04215,
        "time": "2009/08/29 15:15:00"
      },
      {
        "y": 2.05108,
        "time": "2009/08/29 15:30:00"
      },
      {
        "y": 2.04967,
        "time": "2009/08/29 15:45:00"
      },
      {
        "y": 2.05155,
        "time": "2009/08/29 16:00:00"
      },
      {
        "y": 2.0398,
        "time": "2009/08/29 16:15:00"
      },
      {
        "y": 2.04403,
        "time": "2009/08/29 16:30:00"
      },
      {
        "y": 2.04967,
        "time": "2009/08/29 16:45:00"
      },
      {
        "y": 2.04967,
        "time": "2009/08/29 17:00:00"
      },
      {
        "y": 2.04967,
        "time": "2009/08/29 17:15:00"
      },
      {
        "y": 2.03886,
        "time": "2009/08/29 17:30:00"
      },
      {
        "y": 2.04826,
        "time": "2009/08/29 17:45:00"
      },
      {
        "y": 2.04779,
        "time": "2009/08/29 18:00:00"
      },
      {
        "y": 2.05108,
        "time": "2009/08/29 18:15:00"
      },
      {
        "y": 2.05108,
        "time": "2009/08/29 18:30:00"
      },
      {
        "y": 2.04638,
        "time": "2009/08/29 18:45:00"
      },
      {
        "y": 2.05202,
        "time": "2009/08/29 19:00:00"
      },
      {
        "y": 2.05155,
        "time": "2009/08/29 19:15:00"
      },
      {
        "y": 2.05249,
        "time": "2009/08/29 19:30:00"
      },
      {
        "y": 2.04967,
        "time": "2009/08/29 19:45:00"
      },
      {
        "y": 2.05531,
        "time": "2009/08/29 20:00:00"
      },
      {
        "y": 2.05014,
        "time": "2009/08/29 20:15:00"
      },
      {
        "y": 2.05061,
        "time": "2009/08/29 20:30:00"
      },
      {
        "y": 2.05296,
        "time": "2009/08/29 20:45:00"
      },
      {
        "y": 2.05907,
        "time": "2009/08/29 21:00:00"
      },
      {
        "y": 2.06001,
        "time": "2009/08/29 21:15:00"
      },
      {
        "y": 2.05907,
        "time": "2009/08/29 21:30:00"
      },
      {
        "y": 2.02335,
        "time": "2009/08/29 21:45:00"
      }
    ],
    "cvrmse": 16.30224,
    "nmbe": 7.386994
  }
]