[
  {
    "name": "ROOFTOP MIXED AIR OUTLET Simulated",
    "type": "System Node Temperature",
    "color": "blue",
    "units": "C",
    "displayname": "RTU Enter",
    "data": [
      {
        "y": 23.338821,
        "time": "2009/08/27 06:45:00"
      },
      {
        "y": 22.833271,
        "time": "2009/08/27 07:00:00"
      },
      {
        "y": 21.069368,
        "time": "2009/08/27 07:15:00"
      },
      {
        "y": 20.576954,
        "time": "2009/08/27 07:30:00"
      },
      {
        "y": 20.465245,
        "time": "2009/08/27 07:45:00"
      },
      {
        "y": 20.661149,
        "time": "2009/08/27 08:00:00"
      },
      {
        "y": 20.917007,
        "time": "2009/08/27 08:15:00"
      },
      {
        "y": 20.947784,
        "time": "2009/08/27 08:30:00"
      },
      {
        "y": 20.968451,
        "time": "2009/08/27 08:45:00"
      },
      {
        "y": 20.98972,
        "time": "2009/08/27 09:00:00"
      },
      {
        "y": 21.030224,
        "time": "2009/08/27 09:15:00"
      },
      {
        "y": 21.048907,
        "time": "2009/08/27 09:30:00"
      },
      {
        "y": 21.048191,
        "time": "2009/08/27 09:45:00"
      },
      {
        "y": 21.064856,
        "time": "2009/08/27 10:00:00"
      },
      {
        "y": 21.132496,
        "time": "2009/08/27 10:15:00"
      },
      {
        "y": 21.210165,
        "time": "2009/08/27 10:30:00"
      },
      {
        "y": 21.281597,
        "time": "2009/08/27 10:45:00"
      },
      {
        "y": 21.324499,
        "time": "2009/08/27 11:00:00"
      },
      {
        "y": 21.387889,
        "time": "2009/08/27 11:15:00"
      },
      {
        "y": 21.434478,
        "time": "2009/08/27 11:30:00"
      },
      {
        "y": 21.491696,
        "time": "2009/08/27 11:45:00"
      },
      {
        "y": 21.546852,
        "time": "2009/08/27 12:00:00"
      },
      {
        "y": 21.609793,
        "time": "2009/08/27 12:15:00"
      },
      {
        "y": 21.668798,
        "time": "2009/08/27 12:30:00"
      },
      {
        "y": 21.721492,
        "time": "2009/08/27 12:45:00"
      },
      {
        "y": 21.786515,
        "time": "2009/08/27 13:00:00"
      },
      {
        "y": 21.853201,
        "time": "2009/08/27 13:15:00"
      },
      {
        "y": 21.891849,
        "time": "2009/08/27 13:30:00"
      },
      {
        "y": 21.948937,
        "time": "2009/08/27 13:45:00"
      },
      {
        "y": 22.005792,
        "time": "2009/08/27 14:00:00"
      },
      {
        "y": 22.056819,
        "time": "2009/08/27 14:15:00"
      },
      {
        "y": 22.121348,
        "time": "2009/08/27 14:30:00"
      },
      {
        "y": 22.198734,
        "time": "2009/08/27 14:45:00"
      },
      {
        "y": 22.260424,
        "time": "2009/08/27 15:00:00"
      },
      {
        "y": 22.29974,
        "time": "2009/08/27 15:15:00"
      },
      {
        "y": 22.407481,
        "time": "2009/08/27 15:30:00"
      },
      {
        "y": 22.52682,
        "time": "2009/08/27 15:45:00"
      },
      {
        "y": 22.618477,
        "time": "2009/08/27 16:00:00"
      },
      {
        "y": 22.714604,
        "time": "2009/08/27 16:15:00"
      },
      {
        "y": 22.774215,
        "time": "2009/08/27 16:30:00"
      },
      {
        "y": 22.815102,
        "time": "2009/08/27 16:45:00"
      },
      {
        "y": 22.852642,
        "time": "2009/08/27 17:00:00"
      },
      {
        "y": 22.887947,
        "time": "2009/08/27 17:15:00"
      },
      {
        "y": 22.919861,
        "time": "2009/08/27 17:30:00"
      },
      {
        "y": 22.956919,
        "time": "2009/08/27 17:45:00"
      },
      {
        "y": 22.931944,
        "time": "2009/08/27 18:00:00"
      },
      {
        "y": 22.641766,
        "time": "2009/08/27 18:15:00"
      },
      {
        "y": 22.467799,
        "time": "2009/08/27 18:30:00"
      },
      {
        "y": 22.304773,
        "time": "2009/08/27 18:45:00"
      },
      {
        "y": 22.281094,
        "time": "2009/08/27 19:00:00"
      },
      {
        "y": 22.327614,
        "time": "2009/08/27 19:15:00"
      },
      {
        "y": 22.202966,
        "time": "2009/08/27 19:30:00"
      },
      {
        "y": 22.037626,
        "time": "2009/08/27 19:45:00"
      },
      {
        "y": 21.951297,
        "time": "2009/08/27 20:00:00"
      },
      {
        "y": 21.873645,
        "time": "2009/08/27 20:15:00"
      },
      {
        "y": 21.801703,
        "time": "2009/08/27 20:30:00"
      },
      {
        "y": 21.725772,
        "time": "2009/08/27 20:45:00"
      },
      {
        "y": 21.660531,
        "time": "2009/08/27 21:00:00"
      },
      {
        "y": 21.613006,
        "time": "2009/08/27 21:15:00"
      },
      {
        "y": 21.555981,
        "time": "2009/08/27 21:30:00"
      },
      {
        "y": 22.049712,
        "time": "2009/08/27 21:45:00"
      }
    ],
    "cvrmse": 3.218319,
    "nmbe": 2.585976
  },
  {
    "name": "ROOFTOP MIXED AIR OUTLET Metered",
    "type": "System Node Temperature",
    "color": "red",
    "units": "C",
    "displayname": "RTU Enter",
    "data": [
      {
        "y": 23.379648,
        "time": "2009/08/27 06:45:00"
      },
      {
        "y": 23.229636,
        "time": "2009/08/27 07:00:00"
      },
      {
        "y": 22.346232,
        "time": "2009/08/27 07:15:00"
      },
      {
        "y": 21.673956,
        "time": "2009/08/27 07:30:00"
      },
      {
        "y": 21.479496,
        "time": "2009/08/27 07:45:00"
      },
      {
        "y": 21.407268,
        "time": "2009/08/27 08:00:00"
      },
      {
        "y": 21.268368,
        "time": "2009/08/27 08:15:00"
      },
      {
        "y": 21.146136,
        "time": "2009/08/27 08:30:00"
      },
      {
        "y": 21.235032,
        "time": "2009/08/27 08:45:00"
      },
      {
        "y": 21.2517,
        "time": "2009/08/27 09:00:00"
      },
      {
        "y": 21.162804,
        "time": "2009/08/27 09:15:00"
      },
      {
        "y": 21.19614,
        "time": "2009/08/27 09:30:00"
      },
      {
        "y": 21.262812,
        "time": "2009/08/27 09:45:00"
      },
      {
        "y": 21.47394,
        "time": "2009/08/27 10:00:00"
      },
      {
        "y": 21.47394,
        "time": "2009/08/27 10:15:00"
      },
      {
        "y": 21.546168,
        "time": "2009/08/27 10:30:00"
      },
      {
        "y": 21.673956,
        "time": "2009/08/27 10:45:00"
      },
      {
        "y": 21.818412,
        "time": "2009/08/27 11:00:00"
      },
      {
        "y": 21.97398,
        "time": "2009/08/27 11:15:00"
      },
      {
        "y": 22.11288,
        "time": "2009/08/27 11:30:00"
      },
      {
        "y": 22.290672,
        "time": "2009/08/27 11:45:00"
      },
      {
        "y": 22.44624,
        "time": "2009/08/27 12:00:00"
      },
      {
        "y": 22.574028,
        "time": "2009/08/27 12:15:00"
      },
      {
        "y": 22.662924,
        "time": "2009/08/27 12:30:00"
      },
      {
        "y": 22.785156,
        "time": "2009/08/27 12:45:00"
      },
      {
        "y": 22.940724,
        "time": "2009/08/27 13:00:00"
      },
      {
        "y": 22.968504,
        "time": "2009/08/27 13:15:00"
      },
      {
        "y": 23.08518,
        "time": "2009/08/27 13:30:00"
      },
      {
        "y": 22.985172,
        "time": "2009/08/27 13:45:00"
      },
      {
        "y": 23.129628,
        "time": "2009/08/27 14:00:00"
      },
      {
        "y": 23.1963,
        "time": "2009/08/27 14:15:00"
      },
      {
        "y": 23.240748,
        "time": "2009/08/27 14:30:00"
      },
      {
        "y": 23.301864,
        "time": "2009/08/27 14:45:00"
      },
      {
        "y": 23.357424,
        "time": "2009/08/27 15:00:00"
      },
      {
        "y": 23.36298,
        "time": "2009/08/27 15:15:00"
      },
      {
        "y": 23.512992,
        "time": "2009/08/27 15:30:00"
      },
      {
        "y": 23.540772,
        "time": "2009/08/27 15:45:00"
      },
      {
        "y": 23.562996,
        "time": "2009/08/27 16:00:00"
      },
      {
        "y": 23.601888,
        "time": "2009/08/27 16:15:00"
      },
      {
        "y": 23.58522,
        "time": "2009/08/27 16:30:00"
      },
      {
        "y": 23.679672,
        "time": "2009/08/27 16:45:00"
      },
      {
        "y": 23.562996,
        "time": "2009/08/27 17:00:00"
      },
      {
        "y": 23.635224,
        "time": "2009/08/27 17:15:00"
      },
      {
        "y": 23.55744,
        "time": "2009/08/27 17:30:00"
      },
      {
        "y": 23.613,
        "time": "2009/08/27 17:45:00"
      },
      {
        "y": 23.30742,
        "time": "2009/08/27 18:00:00"
      },
      {
        "y": 23.007396,
        "time": "2009/08/27 18:15:00"
      },
      {
        "y": 22.840716,
        "time": "2009/08/27 18:30:00"
      },
      {
        "y": 22.712928,
        "time": "2009/08/27 18:45:00"
      },
      {
        "y": 22.66848,
        "time": "2009/08/27 19:00:00"
      },
      {
        "y": 22.401792,
        "time": "2009/08/27 19:15:00"
      },
      {
        "y": 22.301784,
        "time": "2009/08/27 19:30:00"
      },
      {
        "y": 22.146216,
        "time": "2009/08/27 19:45:00"
      },
      {
        "y": 22.007316,
        "time": "2009/08/27 20:00:00"
      },
      {
        "y": 21.901752,
        "time": "2009/08/27 20:15:00"
      },
      {
        "y": 21.829524,
        "time": "2009/08/27 20:30:00"
      },
      {
        "y": 21.773964,
        "time": "2009/08/27 20:45:00"
      },
      {
        "y": 21.735072,
        "time": "2009/08/27 21:00:00"
      },
      {
        "y": 21.646176,
        "time": "2009/08/27 21:15:00"
      },
      {
        "y": 21.462828,
        "time": "2009/08/27 21:30:00"
      },
      {
        "y": 21.47394,
        "time": "2009/08/27 21:45:00"
      }
    ],
    "cvrmse": 3.218319,
    "nmbe": 2.585976
  }
]