{
  "Low fault schedules": {
    "csv_name": "../../../lib/resources/Master_Condenser_Fouling_28pct.csv",
    "applicable": true
  },
  "custom run period": {
    "runPeriodName": "custom run period",
    "start_date": "2016-8-10",
    "end_date": "2016-9-3",
    "daylightsavings": false,
    "holiday": false,
    "applicable": true
  },
  "Change Start Day of Week": {
    "run_period_type": "RunPeriod",
    "applicable": true
  },
  "duct leakage": {
    "upstream_fraction": 0.0121705692534106,
    "downstream_fraction": 0.119758221206572,
    "applicable": true
  },
  "OpenStudio Results": {
    "building_summary_section": true,
    "annual_overview_section": true,
    "monthly_overview_section": true,
    "utility_bills_rates_section": true,
    "envelope_section_section": true,
    "space_type_breakdown_section": true,
    "space_type_details_section": true,
    "interior_lighting_section": true,
    "plug_loads_section": true,
    "exterior_light_section": true,
    "water_use_section": true,
    "hvac_load_profile": true,
    "zone_condition_section": true,
    "zone_summary_section": true,
    "zone_equipment_detail_section": true,
    "air_loops_detail_section": true,
    "plant_loops_detail_section": true,
    "outdoor_air_section": true,
    "cost_summary_section": true,
    "source_energy_section": true,
    "schedules_overview_section": true,
    "building_name": "building_name",
    "net_site_energy": 27808.95430999273,
    "total_building_area": 3528.517473701614,
    "eui": 7.881200679111154,
    "unmet_hours_during_heating": 24.75,
    "unmet_hours_during_cooling": 0.0,
    "unmet_hours_during_occupied_heating": 0.0,
    "unmet_hours_during_occupied_cooling": 0.0,
    "unmet_hours_tolerance_heating": 0.36,
    "unmet_hours_tolerance_cooling": 0.36,
    "end_use_heating": 4502.131321488257,
    "end_use_cooling": 10388.075638633958,
    "end_use_interior_lighting": 3232.056380268412,
    "end_use_exterior_lighting": 0.0,
    "end_use_interior_equipment": 7004.3685191154145,
    "end_use_exterior_equipment": 0.0,
    "end_use_fans": 2672.844279283555,
    "end_use_pumps": 0.0,
    "end_use_heat_rejection": 0.0,
    "end_use_humidification": 0.0,
    "end_use_heat_recovery": 0.0,
    "end_use_water_systems": 0.0,
    "end_use_refrigeration": 0.0,
    "end_use_generators": 0.0,
    "fuel_electricity": 27808.95430999273,
    "fuel_natural_gas": 0.0,
    "fuel_additional_fuel": 0.0,
    "fuel_district_cooling": 0.0,
    "fuel_district_heating": 0.0,
    "end_use_electricity_heating": 1319.4444444444446,
    "end_use_electricity_cooling": 3044.4444444444443,
    "end_use_electricity_interior_lighting": 947.2222222222223,
    "end_use_electricity_exterior_lighting": 0.0,
    "end_use_electricity_interior_equipment": 2052.777777777778,
    "end_use_electricity_exterior_equipment": 0.0,
    "end_use_electricity_fans": 783.3333333333334,
    "end_use_electricity_pumps": 0.0,
    "end_use_electricity_heat_rejection": 0.0,
    "end_use_electricity_humidification": 0.0,
    "end_use_electricity_heat_recovery": 0.0,
    "end_use_electricity_water_systems": 0.0,
    "end_use_electricity_refrigeration": 0.0,
    "end_use_electricity_generators": 0.0,
    "end_use_natural_gas_heating": 0.0,
    "end_use_natural_gas_cooling": 0.0,
    "end_use_natural_gas_interior_lighting": 0.0,
    "end_use_natural_gas_exterior_lighting": 0.0,
    "end_use_natural_gas_interior_equipment": 0.0,
    "end_use_natural_gas_exterior_equipment": 0.0,
    "end_use_natural_gas_fans": 0.0,
    "end_use_natural_gas_pumps": 0.0,
    "end_use_natural_gas_heat_rejection": 0.0,
    "end_use_natural_gas_humidification": 0.0,
    "end_use_natural_gas_heat_recovery": 0.0,
    "end_use_natural_gas_water_systems": 0.0,
    "end_use_natural_gas_refrigeration": 0.0,
    "end_use_natural_gas_generators": 0.0,
    "electricity_heating_ip": 1320.586111111111,
    "electricity_cooling_ip": 3045.755,
    "electricity_interior_lighting_ip": 946.3758333333334,
    "electricity_exterior_lighting_ip": 0.0,
    "electricity_interior_equipment_ip": 2053.6847222222223,
    "electricity_exterior_equipment_ip": 0.0,
    "electricity_fans_ip": 783.9425,
    "electricity_pumps_ip": 0.0,
    "electricity_heat_rejection_ip": 0.0,
    "electricity_humidification_ip": 0.0,
    "electricity_heat_recovery_ip": 0.0,
    "electricity_water_systems_ip": 0.0,
    "electricity_refrigeration_ip": 0.0,
    "electricity_generators_ip": 0.0,
    "electricity_ip": 8150.344166666667,
    "natural_gas_heating_ip": 0.0,
    "natural_gas_cooling_ip": 0.0,
    "natural_gas_interior_lighting_ip": 0.0,
    "natural_gas_exterior_lighting_ip": 0.0,
    "natural_gas_interior_equipment_ip": 0.0,
    "natural_gas_exterior_equipment_ip": 0.0,
    "natural_gas_fans_ip": 0.0,
    "natural_gas_pumps_ip": 0.0,
    "natural_gas_heat_rejection_ip": 0.0,
    "natural_gas_humidification_ip": 0.0,
    "natural_gas_heat_recovery_ip": 0.0,
    "natural_gas_water_systems_ip": 0.0,
    "natural_gas_refrigeration_ip": 0.0,
    "natural_gas_generators_ip": 0.0,
    "natural_gas_ip": 0.0,
    "additional_fuel_heating_ip": 0.0,
    "additional_fuel_cooling_ip": 0.0,
    "additional_fuel_interior_lighting_ip": 0.0,
    "additional_fuel_exterior_lighting_ip": 0.0,
    "additional_fuel_interior_equipment_ip": 0.0,
    "additional_fuel_exterior_equipment_ip": 0.0,
    "additional_fuel_fans_ip": 0.0,
    "additional_fuel_pumps_ip": 0.0,
    "additional_fuel_heat_rejection_ip": 0.0,
    "additional_fuel_humidification_ip": 0.0,
    "additional_fuel_heat_recovery_ip": 0.0,
    "additional_fuel_water_systems_ip": 0.0,
    "additional_fuel_refrigeration_ip": 0.0,
    "additional_fuel_generators_ip": 0.0,
    "additional_fuel_ip": 0.0,
    "district_cooling_heating_ip": 0.0,
    "district_cooling_cooling_ip": 0.0,
    "district_cooling_interior_lighting_ip": 0.0,
    "district_cooling_exterior_lighting_ip": 0.0,
    "district_cooling_interior_equipment_ip": 0.0,
    "district_cooling_exterior_equipment_ip": 0.0,
    "district_cooling_fans_ip": 0.0,
    "district_cooling_pumps_ip": 0.0,
    "district_cooling_heat_rejection_ip": 0.0,
    "district_cooling_humidification_ip": 0.0,
    "district_cooling_heat_recovery_ip": 0.0,
    "district_cooling_water_systems_ip": 0.0,
    "district_cooling_refrigeration_ip": 0.0,
    "district_cooling_generators_ip": 0.0,
    "district_cooling_ip": 0.0,
    "district_heating_heating_ip": 0.0,
    "district_heating_cooling_ip": 0.0,
    "district_heating_interior_lighting_ip": 0.0,
    "district_heating_exterior_lighting_ip": 0.0,
    "district_heating_interior_equipment_ip": 0.0,
    "district_heating_exterior_equipment_ip": 0.0,
    "district_heating_fans_ip": 0.0,
    "district_heating_pumps_ip": 0.0,
    "district_heating_heat_rejection_ip": 0.0,
    "district_heating_humidification_ip": 0.0,
    "district_heating_heat_recovery_ip": 0.0,
    "district_heating_water_systems_ip": 0.0,
    "district_heating_refrigeration_ip": 0.0,
    "district_heating_generators_ip": 0.0,
    "district_heating_ip": 0.0,
    "water_heating_ip": 0.0,
    "water_cooling_ip": 0.0,
    "water_interior_lighting_ip": 0.0,
    "water_exterior_lighting_ip": 0.0,
    "water_interior_equipment_ip": 0.0,
    "water_exterior_equipment_ip": 0.0,
    "water_fans_ip": 0.0,
    "water_pumps_ip": 0.0,
    "water_heat_rejection_ip": 0.0,
    "water_humidification_ip": 0.0,
    "water_heat_recovery_ip": 0.0,
    "water_water_systems_ip": 0.0,
    "water_refrigeration_ip": 0.0,
    "water_generators_ip": 0.0,
    "water_ip": 0.0,
    "_2_frp_ext_wall_adj_exterior_wall_insulation": 2540.3204636920386,
    "_2_frp_roof_adj_exterior_wall_insulation": 1764.0,
    "hybrid_spray_foam_in_adj_exterior_wall_insulation": 408.00000000000006,
    "rigid_foam_board_in_adj_exterior_wall_insulation": 436.00000000000006,
    "door": 68.44444444444441,
    "windows_double": 1140.0006211723537,
    "gross_window_wall_ratio": 26.31,
    "gross_window_wall_ratio_conditioned": 26.34,
    "skylight_roof_ratio": 0.0,
    "space_type_plenum_space_type": 0.0,
    "space_type_primary_entry": 171.63888888888897,
    "space_type_no_space_type": 3356.858705161855,
    "exterior_lighting_total_power": 0.0,
    "exterior_lighting_total_consumption": 8150.0,
    "inflation_approach": "Constant Dollar",
    "analysis_length": 25,
    "annual_peak_electric_demand": 47.50714,
    "first_year_capital_cost": 0.0,
    "annual_utility_cost": 0.0,
    "total_lifecycle_cost": 0.0,
    "applicable": true
  },
  "low fault RTU exit": {
    "csv_name": "../../../lib/resources/Master_Condenser_Fouling_28pct.csv",
    "csv_time_header": "TIMESTAMP",
    "csv_var": "T_Sup_tot_Avg",
    "convert_data": "F to C",
    "csv_var_dn": "T_Sup_tot_Avg",
    "year": true,
    "seconds": false,
    "key_value": "ROOFTOP SUPPLY FAN OUTLET",
    "timeseries_name": "System Node Temperature",
    "reporting_frequency": "Timestep",
    "environment_period": "custom run period",
    "norm": 1.0,
    "scale": 1.0,
    "find_avail": true,
    "algorithm_download": true,
    "plot_flag": true,
    "plot_name": "RTU Exit",
    "verbose_messages": false,
    "warning_messages": true,
    "add_first_zero_for_plots": false,
    "add_last_zero_for_plots": false,
    "diff": 63.12358056489293,
    "simdata": 783.0318563758652,
    "csvdata": 813.698424,
    "cvrmse": 11.749067685149472,
    "nmbe": 3.768787884998367,
    "applicable": true
  },
  "low fault RTU enter": {
    "csv_name": "../../../lib/resources/Master_Condenser_Fouling_28pct.csv",
    "csv_time_header": "TIMESTAMP",
    "csv_var": "T_Ret_Avg",
    "convert_data": "F to C",
    "csv_var_dn": "T_Ret_Avg",
    "year": true,
    "seconds": false,
    "key_value": "ROOFTOP MIXED AIR OUTLET",
    "timeseries_name": "System Node Temperature",
    "reporting_frequency": "Timestep",
    "environment_period": "custom run period",
    "norm": 1.0,
    "scale": 1.0,
    "find_avail": true,
    "algorithm_download": true,
    "plot_flag": true,
    "plot_name": "RTU Enter",
    "verbose_messages": false,
    "warning_messages": true,
    "add_first_zero_for_plots": false,
    "add_last_zero_for_plots": false,
    "diff": 36.75304219812901,
    "simdata": 1334.0943589614617,
    "csvdata": 1369.5095520000002,
    "cvrmse": 3.218318558450543,
    "nmbe": 2.585976343634724,
    "applicable": true
  },
  "low fault cooling consumption": {
    "csv_name": "../../../lib/resources/Master_Condenser_Fouling_28pct.csv",
    "csv_time_header": "TIMESTAMP",
    "csv_var": "Cooling_Tot_electric",
    "convert_data": "WH to J",
    "csv_var_dn": "Cooling_Tot_electric",
    "year": true,
    "seconds": false,
    "key_value": "Rooftop Cooling Coil",
    "timeseries_name": "Cooling Coil Electric Energy",
    "reporting_frequency": "Timestep",
    "environment_period": "custom run period",
    "norm": 1.0,
    "scale": 1.0,
    "find_avail": true,
    "algorithm_download": true,
    "plot_flag": true,
    "plot_name": "Cooling Consumption",
    "verbose_messages": false,
    "warning_messages": true,
    "add_first_zero_for_plots": false,
    "add_last_zero_for_plots": false,
    "diff": 57367185.810323745,
    "simdata": 404343408.8751148,
    "csvdata": 405090303.83999985,
    "cvrmse": 22.637050974199596,
    "nmbe": 0.18437739876886253,
    "applicable": true
  },
  "low fault cooling capacity": {
    "csv_name": "../../../lib/resources/Master_Condenser_Fouling_28pct.csv",
    "csv_time_header": "TIMESTAMP",
    "csv_var": "Gross_Cooling_Cap",
    "convert_data": "None",
    "csv_var_dn": "Gross_Cooling_Cap",
    "year": true,
    "seconds": false,
    "key_value": "Rooftop Cooling Coil",
    "timeseries_name": "Cooling Coil Total Cooling Rate",
    "reporting_frequency": "Timestep",
    "environment_period": "custom run period",
    "norm": 1.0,
    "scale": 1.0,
    "find_avail": true,
    "algorithm_download": true,
    "plot_flag": true,
    "plot_name": "Cooling Capacity",
    "verbose_messages": false,
    "warning_messages": true,
    "add_first_zero_for_plots": false,
    "add_last_zero_for_plots": false,
    "diff": 285998.86743083934,
    "simdata": 1844396.7408120984,
    "csvdata": 1609938.3806409996,
    "cvrmse": 28.014893429423733,
    "nmbe": -14.563188441892345,
    "applicable": true
  },
  "low fault heating": {
    "csv_name": "../../../lib/resources/Master_Condenser_Fouling_28pct.csv",
    "csv_time_header": "TIMESTAMP",
    "csv_var": "Heating_Tot_electric",
    "convert_data": "WH to J",
    "csv_var_dn": "Heating_Tot_electric",
    "year": true,
    "seconds": false,
    "key_value": "no_key",
    "timeseries_name": "Heating:Electricity",
    "reporting_frequency": "Timestep",
    "environment_period": "custom run period",
    "norm": 1.0,
    "scale": 1.0,
    "find_avail": true,
    "algorithm_download": false,
    "plot_flag": true,
    "plot_name": "Heating Consumption",
    "verbose_messages": false,
    "warning_messages": true,
    "add_first_zero_for_plots": false,
    "add_last_zero_for_plots": false,
    "diff": 44458456.477384314,
    "simdata": 146128194.9079617,
    "csvdata": 130401622.97640002,
    "cvrmse": 80.36558165891357,
    "nmbe": -12.060104447018961,
    "applicable": true
  },
  "low fault total": {
    "csv_name": "../../../lib/resources/Master_Condenser_Fouling_28pct.csv",
    "csv_time_header": "TIMESTAMP",
    "csv_var": "WH_Total_electric",
    "convert_data": "WH to J",
    "csv_var_dn": "WH_Total_electric",
    "year": true,
    "seconds": false,
    "key_value": "no_key",
    "timeseries_name": "Electricity:Facility",
    "reporting_frequency": "Timestep",
    "environment_period": "custom run period",
    "norm": 1.0,
    "scale": 1.0,
    "find_avail": true,
    "algorithm_download": true,
    "plot_flag": true,
    "plot_name": "Total Consumption",
    "verbose_messages": false,
    "warning_messages": true,
    "add_first_zero_for_plots": false,
    "add_last_zero_for_plots": false,
    "diff": 95528770.405923,
    "simdata": 1073499978.5285589,
    "csvdata": 1040163573.5960398,
    "cvrmse": 15.925470244809343,
    "nmbe": -3.2049194740850795,
    "applicable": true
  },
  "low fault lighting": {
    "csv_name": "../../../lib/resources/Master_Condenser_Fouling_28pct.csv",
    "csv_time_header": "TIMESTAMP",
    "csv_var": "Lights_Tot",
    "convert_data": "WH to J",
    "csv_var_dn": "Lights_Tot",
    "year": true,
    "seconds": false,
    "key_value": "no_key",
    "timeseries_name": "InteriorLights:Electricity",
    "reporting_frequency": "Timestep",
    "environment_period": "custom run period",
    "norm": 1.0,
    "scale": 1.0,
    "find_avail": true,
    "algorithm_download": false,
    "plot_flag": true,
    "plot_name": "Lighting Consumption",
    "verbose_messages": false,
    "warning_messages": true,
    "add_first_zero_for_plots": false,
    "add_last_zero_for_plots": false,
    "diff": 37254.131554023945,
    "simdata": 130746062.70044598,
    "csvdata": 130783316.83199999,
    "cvrmse": 0.27909863529455303,
    "nmbe": 0.02848538518244828,
    "applicable": true
  },
  "low fault equip": {
    "csv_name": "../../../lib/resources/Master_Condenser_Fouling_28pct.csv",
    "csv_time_header": "TIMESTAMP",
    "csv_var": "Plugloads_Tot",
    "convert_data": "WH to J",
    "csv_var_dn": "Plugloads_Tot",
    "year": true,
    "seconds": false,
    "key_value": "no_key",
    "timeseries_name": "InteriorEquipment:Electricity",
    "reporting_frequency": "Timestep",
    "environment_period": "custom run period",
    "norm": 1.0,
    "scale": 1.0,
    "find_avail": true,
    "algorithm_download": true,
    "plot_flag": true,
    "plot_name": "Equipment Consumption",
    "verbose_messages": false,
    "warning_messages": true,
    "add_first_zero_for_plots": false,
    "add_last_zero_for_plots": false,
    "diff": 1363167.7930330816,
    "simdata": 279394521.9200362,
    "csvdata": 278605687.9316399,
    "cvrmse": 2.8867284722408417,
    "nmbe": -0.28313635455629743,
    "applicable": true
  },
  "low fault fan": {
    "csv_name": "../../../lib/resources/Master_Condenser_Fouling_28pct.csv",
    "csv_time_header": "TIMESTAMP",
    "csv_var": "AirSCFM_RTU_Tot_Avg",
    "convert_data": "CFM to m3/s",
    "csv_var_dn": "AirSCFM_RTU_Tot_Avg",
    "year": true,
    "seconds": false,
    "key_value": "RoofTop Supply Fan Outlet",
    "timeseries_name": "System Node Standard Density Volume Flow Rate",
    "reporting_frequency": "Timestep",
    "environment_period": "custom run period",
    "norm": 1.0,
    "scale": 1.0,
    "find_avail": true,
    "algorithm_download": true,
    "plot_flag": true,
    "plot_name": "Standard Airflow Volume",
    "verbose_messages": false,
    "warning_messages": true,
    "add_first_zero_for_plots": false,
    "add_last_zero_for_plots": false,
    "diff": 9.504057644565211,
    "simdata": 115.40173235543486,
    "csvdata": 124.90579000000005,
    "cvrmse": 16.394367117267166,
    "nmbe": 7.608980852340958,
    "applicable": true
  },
  "low fault OA": {
    "csv_name": "../../../lib/resources/Master_Condenser_Fouling_28pct.csv",
    "csv_time_header": "TIMESTAMP",
    "csv_var": "T_out_Avg",
    "convert_data": "F to C",
    "csv_var_dn": "T_out_Avg",
    "year": true,
    "seconds": false,
    "key_value": "Environment",
    "timeseries_name": "Site Outdoor Air Drybulb Temperature",
    "reporting_frequency": "Timestep",
    "environment_period": "custom run period",
    "norm": 1.0,
    "scale": 1.0,
    "find_avail": true,
    "algorithm_download": true,
    "plot_flag": true,
    "plot_name": "Outdoor Air Temperature",
    "verbose_messages": false,
    "warning_messages": true,
    "add_first_zero_for_plots": false,
    "add_last_zero_for_plots": false,
    "diff": 2.8349119999999743,
    "simdata": 2203.3999999999996,
    "csvdata": 2203.5096000000003,
    "cvrmse": 0.152990021555757,
    "nmbe": 0.0049738834811501485,
    "applicable": true
  }
}