Time,ROOM 102:OAK RIDGE ANN HTG 99.6% CONDNS DB:Des Heat Load [W],ROOM 102:OAK RIDGE ANN CLG 2% CONDNS DB=>MWB:Des Sens Cool Load [W],ROOM 102:OAK RIDGE ANN HTG 99.6% CONDNS DB:Des Heat Mass Flow [kg/s],ROOM 102:OAK RIDGE ANN CLG 2% CONDNS DB=>MWB:Des Cool Mass Flow [kg/s],ROOM 103:OAK RIDGE ANN HTG 99.6% CONDNS DB:Des Heat Load [W],ROOM 103:OAK RIDGE ANN CLG 2% CONDNS DB=>MWB:Des Sens Cool Load [W],ROOM 103:OAK RIDGE ANN HTG 99.6% CONDNS DB:Des Heat Mass Flow [kg/s],ROOM 103:OAK RIDGE ANN CLG 2% CONDNS DB=>MWB:Des Cool Mass Flow [kg/s],ROOM 104:OAK RIDGE ANN HTG 99.6% CONDNS DB:Des Heat Load [W],ROOM 104:OAK RIDGE ANN CLG 2% CONDNS DB=>MWB:Des Sens Cool Load [W],ROOM 104:OAK RIDGE ANN HTG 99.6% CONDNS DB:Des Heat Mass Flow [kg/s],ROOM 104:OAK RIDGE ANN CLG 2% CONDNS DB=>MWB:Des Cool Mass Flow [kg/s],ROOM 105:OAK RIDGE ANN HTG 99.6% CONDNS DB:Des Heat Load [W],ROOM 105:OAK RIDGE ANN CLG 2% CONDNS DB=>MWB:Des Sens Cool Load [W],ROOM 105:OAK RIDGE ANN HTG 99.6% CONDNS DB:Des Heat Mass Flow [kg/s],ROOM 105:OAK RIDGE ANN CLG 2% CONDNS DB=>MWB:Des Cool Mass Flow [kg/s],ROOM 106:OAK RIDGE ANN HTG 99.6% CONDNS DB:Des Heat Load [W],ROOM 106:OAK RIDGE ANN CLG 2% CONDNS DB=>MWB:Des Sens Cool Load [W],ROOM 106:OAK RIDGE ANN HTG 99.6% CONDNS DB:Des Heat Mass Flow [kg/s],ROOM 106:OAK RIDGE ANN CLG 2% CONDNS DB=>MWB:Des Cool Mass Flow [kg/s],ROOM 202:OAK RIDGE ANN HTG 99.6% CONDNS DB:Des Heat Load [W],ROOM 202:OAK RIDGE ANN CLG 2% CONDNS DB=>MWB:Des Sens Cool Load [W],ROOM 202:OAK RIDGE ANN HTG 99.6% CONDNS DB:Des Heat Mass Flow [kg/s],ROOM 202:OAK RIDGE ANN CLG 2% CONDNS DB=>MWB:Des Cool Mass Flow [kg/s],ROOM 203:OAK RIDGE ANN HTG 99.6% CONDNS DB:Des Heat Load [W],ROOM 203:OAK RIDGE ANN CLG 2% CONDNS DB=>MWB:Des Sens Cool Load [W],ROOM 203:OAK RIDGE ANN HTG 99.6% CONDNS DB:Des Heat Mass Flow [kg/s],ROOM 203:OAK RIDGE ANN CLG 2% CONDNS DB=>MWB:Des Cool Mass Flow [kg/s],ROOM 204:OAK RIDGE ANN HTG 99.6% CONDNS DB:Des Heat Load [W],ROOM 204:OAK RIDGE ANN CLG 2% CONDNS DB=>MWB:Des Sens Cool Load [W],ROOM 204:OAK RIDGE ANN HTG 99.6% CONDNS DB:Des Heat Mass Flow [kg/s],ROOM 204:OAK RIDGE ANN CLG 2% CONDNS DB=>MWB:Des Cool Mass Flow [kg/s],ROOM 205:OAK RIDGE ANN HTG 99.6% CONDNS DB:Des Heat Load [W],ROOM 205:OAK RIDGE ANN CLG 2% CONDNS DB=>MWB:Des Sens Cool Load [W],ROOM 205:OAK RIDGE ANN HTG 99.6% CONDNS DB:Des Heat Mass Flow [kg/s],ROOM 205:OAK RIDGE ANN CLG 2% CONDNS DB=>MWB:Des Cool Mass Flow [kg/s],ROOM 206:OAK RIDGE ANN HTG 99.6% CONDNS DB:Des Heat Load [W],ROOM 206:OAK RIDGE ANN CLG 2% CONDNS DB=>MWB:Des Sens Cool Load [W],ROOM 206:OAK RIDGE ANN HTG 99.6% CONDNS DB:Des Heat Mass Flow [kg/s],ROOM 206:OAK RIDGE ANN CLG 2% CONDNS DB=>MWB:Des Cool Mass Flow [kg/s]
00:15:00,1.107582E+03,0.000000E+00,3.123974E-02,0.000000E+00,0.000000E+00,0.000000E+00,0.000000E+00,0.000000E+00,1.251958E+03,0.000000E+00,3.531736E-02,0.000000E+00,9.502809E+02,0.000000E+00,2.681303E-02,0.000000E+00,1.450758E+03,0.000000E+00,4.092999E-02,0.000000E+00,5.051542E+02,2.373906E+01,1.425549E-02,1.372776E-03,7.138000E+02,0.000000E+00,2.013825E-02,0.000000E+00,2.018908E+03,0.000000E+00,5.694818E-02,0.000000E+00,2.063076E+03,0.000000E+00,5.819388E-02,0.000000E+00,2.237419E+03,0.000000E+00,6.311119E-02,0.000000E+00
00:30:00,1.111281E+03,0.000000E+00,3.134403E-02,0.000000E+00,0.000000E+00,0.000000E+00,0.000000E+00,0.000000E+00,1.256467E+03,0.000000E+00,3.544462E-02,0.000000E+00,9.569934E+02,0.000000E+00,2.700238E-02,0.000000E+00,1.460427E+03,0.000000E+00,4.120283E-02,0.000000E+00,5.117798E+02,1.734663E+01,1.444248E-02,1.003108E-03,7.186161E+02,0.000000E+00,2.027414E-02,0.000000E+00,2.027679E+03,0.000000E+00,5.719559E-02,0.000000E+00,2.072547E+03,0.000000E+00,5.846102E-02,0.000000E+00,2.246174E+03,0.000000E+00,6.335815E-02,0.000000E+00
00:45:00,1.114493E+03,0.000000E+00,3.143461E-02,0.000000E+00,0.000000E+00,0.000000E+00,0.000000E+00,0.000000E+00,1.260396E+03,0.000000E+00,3.555548E-02,0.000000E+00,9.625967E+02,0.000000E+00,2.716043E-02,0.000000E+00,1.468814E+03,0.000000E+00,4.143950E-02,0.000000E+00,5.181919E+02,1.116904E+01,1.462344E-02,6.458707E-04,7.233214E+02,0.000000E+00,2.040690E-02,0.000000E+00,2.036226E+03,0.000000E+00,5.743667E-02,0.000000E+00,2.081891E+03,0.000000E+00,5.872457E-02,0.000000E+00,2.254774E+03,0.000000E+00,6.360072E-02,0.000000E+00
01:00:00,1.117282E+03,0.000000E+00,3.151334E-02,0.000000E+00,0.000000E+00,0.000000E+00,0.000000E+00,0.000000E+00,1.263847E+03,0.000000E+00,3.565287E-02,0.000000E+00,9.673105E+02,0.000000E+00,2.729340E-02,0.000000E+00,1.476150E+03,0.000000E+00,4.164652E-02,0.000000E+00,5.244229E+02,5.968159E+00,1.479928E-02,3.451171E-04,7.279186E+02,0.000000E+00,2.053660E-02,0.000000E+00,2.044569E+03,0.000000E+00,5.767200E-02,0.000000E+00,2.091091E+03,0.000000E+00,5.898409E-02,0.000000E+00,2.263217E+03,0.000000E+00,6.383887E-02,0.000000E+00
01:15:00,1.122539E+03,0.000000E+00,3.166166E-02,0.000000E+00,0.000000E+00,0.000000E+00,0.000000E+00,0.000000E+00,1.270261E+03,0.000000E+00,3.583382E-02,0.000000E+00,9.799628E+02,0.000000E+00,2.765029E-02,0.000000E+00,1.486812E+03,0.000000E+00,4.194733E-02,0.000000E+00,5.308132E+02,2.591753E+00,1.497962E-02,1.498707E-04,7.322798E+02,0.000000E+00,2.065965E-02,0.000000E+00,2.052758E+03,0.000000E+00,5.790300E-02,0.000000E+00,2.099849E+03,0.000000E+00,5.923114E-02,0.000000E+00,2.271534E+03,0.000000E+00,6.407345E-02,0.000000E+00
01:30:00,1.127467E+03,0.000000E+00,3.180072E-02,0.000000E+00,0.000000E+00,0.000000E+00,0.000000E+00,0.000000E+00,1.276308E+03,0.000000E+00,3.600441E-02,0.000000E+00,9.918216E+02,0.000000E+00,2.798479E-02,0.000000E+00,1.496696E+03,0.000000E+00,4.222622E-02,0.000000E+00,5.369533E+02,5.788594E-01,1.515290E-02,3.347285E-05,7.362688E+02,0.000000E+00,2.077220E-02,0.000000E+00,2.060481E+03,0.000000E+00,5.812085E-02,0.000000E+00,2.107960E+03,0.000000E+00,5.945995E-02,0.000000E+00,2.279374E+03,0.000000E+00,6.429461E-02,0.000000E+00
01:45:00,1.132110E+03,0.000000E+00,3.193169E-02,0.000000E+00,0.000000E+00,0.000000E+00,0.000000E+00,0.000000E+00,1.282053E+03,0.000000E+00,3.616646E-02,0.000000E+00,1.003039E+03,0.000000E+00,2.830119E-02,0.000000E+00,1.505940E+03,0.000000E+00,4.248704E-02,0.000000E+00,5.428818E+02,0.000000E+00,1.532021E-02,0.000000E+00,7.400193E+02,0.000000E+00,2.087802E-02,0.000000E+00,2.067878E+03,0.000000E+00,5.832953E-02,0.000000E+00,2.115679E+03,0.000000E+00,5.967769E-02,0.000000E+00,2.286903E+03,0.000000E+00,6.450699E-02,0.000000E+00
02:00:00,1.136485E+03,0.000000E+00,3.205511E-02,0.000000E+00,0.000000E+00,0.000000E+00,0.000000E+00,0.000000E+00,1.287497E+03,0.000000E+00,3.632004E-02,0.000000E+00,1.013611E+03,0.000000E+00,2.859938E-02,0.000000E+00,1.514588E+03,0.000000E+00,4.273102E-02,0.000000E+00,5.486273E+02,0.000000E+00,1.548235E-02,0.000000E+00,7.435893E+02,0.000000E+00,2.097875E-02,0.000000E+00,2.075013E+03,0.000000E+00,5.853078E-02,0.000000E+00,2.123102E+03,0.000000E+00,5.988709E-02,0.000000E+00,2.294186E+03,0.000000E+00,6.471242E-02,0.000000E+00
02:15:00,1.140635E+03,0.000000E+00,3.217219E-02,0.000000E+00,0.000000E+00,0.000000E+00,0.000000E+00,0.000000E+00,1.292695E+03,0.000000E+00,3.646667E-02,0.000000E+00,1.023688E+03,0.000000E+00,2.888361E-02,0.000000E+00,1.522747E+03,0.000000E+00,4.296122E-02,0.000000E+00,5.542108E+02,0.000000E+00,1.563991E-02,0.000000E+00,7.470148E+02,0.000000E+00,2.107540E-02,0.000000E+00,2.081923E+03,0.000000E+00,5.872572E-02,0.000000E+00,2.130286E+03,0.000000E+00,6.008974E-02,0.000000E+00,2.301261E+03,0.000000E+00,6.491201E-02,0.000000E+00
02:30:00,1.144593E+03,0.000000E+00,3.228383E-02,0.000000E+00,0.000000E+00,0.000000E+00,0.000000E+00,0.000000E+00,1.297686E+03,0.000000E+00,3.660745E-02,0.000000E+00,1.033373E+03,0.000000E+00,2.915679E-02,0.000000E+00,1.530498E+03,0.000000E+00,4.317989E-02,0.000000E+00,5.596504E+02,0.000000E+00,1.579342E-02,0.000000E+00,7.503204E+02,0.000000E+00,2.116866E-02,0.000000E+00,2.088640E+03,0.000000E+00,5.891519E-02,0.000000E+00,2.137269E+03,0.000000E+00,6.028671E-02,0.000000E+00,2.308157E+03,0.000000E+00,6.510650E-02,0.000000E+00
02:45:00,1.148365E+03,0.000000E+00,3.239023E-02,0.000000E+00,0.000000E+00,0.000000E+00,0.000000E+00,0.000000E+00,1.302463E+03,0.000000E+00,3.674218E-02,0.000000E+00,1.042615E+03,0.000000E+00,2.941746E-02,0.000000E+00,1.537850E+03,0.000000E+00,4.338732E-02,0.000000E+00,5.649607E+02,0.000000E+00,1.594328E-02,0.000000E+00,7.535238E+02,0.000000E+00,2.125904E-02,0.000000E+00,2.095185E+03,0.000000E+00,5.909981E-02,0.000000E+00,2.144076E+03,0.000000E+00,6.047873E-02,0.000000E+00,2.314891E+03,0.000000E+00,6.529646E-02,0.000000E+00
03:00:00,1.151980E+03,0.000000E+00,3.249217E-02,0.000000E+00,0.000000E+00,0.000000E+00,0.000000E+00,0.000000E+00,1.307063E+03,0.000000E+00,3.687191E-02,0.000000E+00,1.051490E+03,0.000000E+00,2.966779E-02,0.000000E+00,1.544874E+03,0.000000E+00,4.358549E-02,0.000000E+00,5.701529E+02,0.000000E+00,1.608980E-02,0.000000E+00,7.566377E+02,0.000000E+00,2.134690E-02,0.000000E+00,2.101575E+03,0.000000E+00,5.928005E-02,0.000000E+00,2.150727E+03,0.000000E+00,6.066633E-02,0.000000E+00,2.321479E+03,0.000000E+00,6.548228E-02,0.000000E+00
03:15:00,1.150864E+03,0.000000E+00,3.246070E-02,0.000000E+00,0.000000E+00,0.000000E+00,0.000000E+00,0.000000E+00,1.307500E+03,0.000000E+00,3.688424E-02,0.000000E+00,1.055581E+03,0.000000E+00,2.978316E-02,0.000000E+00,1.543519E+03,0.000000E+00,4.354723E-02,0.000000E+00,5.741498E+02,0.000000E+00,1.620260E-02,0.000000E+00,7.551390E+02,0.000000E+00,2.130462E-02,0.000000E+00,2.103284E+03,0.000000E+00,5.932825E-02,0.000000E+00,2.148892E+03,0.000000E+00,6.061457E-02,0.000000E+00,2.322590E+03,0.000000E+00,6.551363E-02,0.000000E+00
03:30:00,1.146299E+03,0.000000E+00,3.233200E-02,0.000000E+00,0.000000E+00,0.000000E+00,0.000000E+00,0.000000E+00,1.305008E+03,0.000000E+00,3.681395E-02,0.000000E+00,1.055842E+03,0.000000E+00,2.979049E-02,0.000000E+00,1.536201E+03,0.000000E+00,4.334085E-02,0.000000E+00,5.768507E+02,0.000000E+00,1.627882E-02,0.000000E+00,7.505320E+02,0.000000E+00,2.117469E-02,0.000000E+00,2.101697E+03,0.000000E+00,5.928353E-02,0.000000E+00,2.141471E+03,0.000000E+00,6.040536E-02,0.000000E+00,2.320057E+03,0.000000E+00,6.544224E-02,0.000000E+00
03:45:00,1.139637E+03,0.000000E+00,3.214417E-02,0.000000E+00,0.000000E+00,0.000000E+00,0.000000E+00,0.000000E+00,1.300663E+03,0.000000E+00,3.669142E-02,0.000000E+00,1.053551E+03,0.000000E+00,2.972587E-02,0.000000E+00,1.524979E+03,0.000000E+00,4.302430E-02,0.000000E+00,5.784796E+02,0.000000E+00,1.632479E-02,0.000000E+00,7.441696E+02,0.000000E+00,2.099524E-02,0.000000E+00,2.098095E+03,0.000000E+00,5.918202E-02,0.000000E+00,2.131140E+03,0.000000E+00,6.011406E-02,0.000000E+00,2.315467E+03,0.000000E+00,6.531287E-02,0.000000E+00
04:00:00,1.131440E+03,0.000000E+00,3.191299E-02,0.000000E+00,0.000000E+00,0.000000E+00,0.000000E+00,0.000000E+00,1.294927E+03,0.000000E+00,3.652965E-02,0.000000E+00,1.049338E+03,0.000000E+00,2.960705E-02,0.000000E+00,1.510831E+03,0.000000E+00,4.262518E-02,0.000000E+00,5.792325E+02,0.000000E+00,1.634605E-02,0.000000E+00,7.365876E+02,0.000000E+00,2.078137E-02,0.000000E+00,2.093028E+03,0.000000E+00,5.903917E-02,0.000000E+00,2.118800E+03,0.000000E+00,5.976612E-02,0.000000E+00,2.309452E+03,0.000000E+00,6.514329E-02,0.000000E+00
04:15:00,1.126654E+03,0.000000E+00,3.177802E-02,0.000000E+00,0.000000E+00,0.000000E+00,0.000000E+00,0.000000E+00,1.292091E+03,0.000000E+00,3.644966E-02,0.000000E+00,1.048026E+03,0.000000E+00,2.957009E-02,0.000000E+00,1.502534E+03,0.000000E+00,4.239113E-02,0.000000E+00,5.803732E+02,0.000000E+00,1.637824E-02,0.000000E+00,7.326575E+02,0.000000E+00,2.067053E-02,0.000000E+00,2.091396E+03,0.000000E+00,5.899319E-02,0.000000E+00,2.113359E+03,0.000000E+00,5.961275E-02,0.000000E+00,2.307735E+03,0.000000E+00,6.509492E-02,0.000000E+00
04:30:00,1.124249E+03,0.000000E+00,3.171014E-02,0.000000E+00,0.000000E+00,0.000000E+00,0.000000E+00,0.000000E+00,1.291123E+03,0.000000E+00,3.642232E-02,0.000000E+00,1.048930E+03,0.000000E+00,2.959566E-02,0.000000E+00,1.498156E+03,0.000000E+00,4.226753E-02,0.000000E+00,5.821377E+02,0.000000E+00,1.642804E-02,0.000000E+00,7.310983E+02,0.000000E+00,2.062653E-02,0.000000E+00,2.092062E+03,0.000000E+00,5.901195E-02,0.000000E+00,2.112279E+03,0.000000E+00,5.958225E-02,0.000000E+00,2.308731E+03,0.000000E+00,6.512299E-02,0.000000E+00
04:45:00,1.123071E+03,0.000000E+00,3.167683E-02,0.000000E+00,0.000000E+00,0.000000E+00,0.000000E+00,0.000000E+00,1.291126E+03,0.000000E+00,3.642237E-02,0.000000E+00,1.051065E+03,0.000000E+00,2.965587E-02,0.000000E+00,1.496036E+03,0.000000E+00,4.220767E-02,0.000000E+00,5.844058E+02,0.000000E+00,1.649205E-02,0.000000E+00,7.307112E+02,0.000000E+00,2.061558E-02,0.000000E+00,2.093919E+03,0.000000E+00,5.906431E-02,0.000000E+00,2.113126E+03,0.000000E+00,5.960607E-02,0.000000E+00,2.311018E+03,0.000000E+00,6.518745E-02,0.000000E+00
05:00:00,1.122696E+03,0.000000E+00,3.166619E-02,0.000000E+00,0.000000E+00,0.000000E+00,0.000000E+00,0.000000E+00,1.291758E+03,0.000000E+00,3.644016E-02,0.000000E+00,1.053960E+03,0.000000E+00,2.973753E-02,0.000000E+00,1.495461E+03,0.000000E+00,4.219138E-02,0.000000E+00,5.870618E+02,0.000000E+00,1.656700E-02,0.000000E+00,7.310695E+02,0.000000E+00,2.062567E-02,0.000000E+00,2.096548E+03,0.000000E+00,5.913843E-02,0.000000E+00,2.115164E+03,0.000000E+00,5.966351E-02,0.000000E+00,2.314083E+03,0.000000E+00,6.527386E-02,0.000000E+00
05:15:00,1.122876E+03,0.000000E+00,3.167121E-02,0.000000E+00,0.000000E+00,0.000000E+00,0.000000E+00,0.000000E+00,1.292832E+03,0.000000E+00,3.647046E-02,0.000000E+00,1.057385E+03,0.000000E+00,2.983416E-02,0.000000E+00,1.495957E+03,0.000000E+00,4.220533E-02,0.000000E+00,5.899972E+02,0.000000E+00,1.664983E-02,0.000000E+00,7.319152E+02,0.000000E+00,2.064951E-02,0.000000E+00,2.099683E+03,0.000000E+00,5.922684E-02,0.000000E+00,2.117952E+03,0.000000E+00,5.974211E-02,0.000000E+00,2.317628E+03,0.000000E+00,6.537384E-02,0.000000E+00
05:30:00,1.123452E+03,0.000000E+00,3.168743E-02,0.000000E+00,0.000000E+00,0.000000E+00,0.000000E+00,0.000000E+00,1.294235E+03,0.000000E+00,3.650999E-02,0.000000E+00,1.061191E+03,0.000000E+00,2.994152E-02,0.000000E+00,1.497222E+03,0.000000E+00,4.224101E-02,0.000000E+00,5.931304E+02,0.000000E+00,1.673824E-02,0.000000E+00,7.330898E+02,0.000000E+00,2.068264E-02,0.000000E+00,2.103156E+03,0.000000E+00,5.932479E-02,0.000000E+00,2.121223E+03,0.000000E+00,5.983436E-02,0.000000E+00,2.321477E+03,0.000000E+00,6.548239E-02,0.000000E+00
05:45:00,1.124313E+03,0.000000E+00,3.171169E-02,0.000000E+00,0.000000E+00,0.000000E+00,0.000000E+00,0.000000E+00,1.295871E+03,0.000000E+00,3.655614E-02,0.000000E+00,1.065241E+03,0.000000E+00,3.005573E-02,0.000000E+00,1.499031E+03,0.000000E+00,4.229200E-02,0.000000E+00,5.963971E+02,0.000000E+00,1.683043E-02,0.000000E+00,7.344866E+02,0.000000E+00,2.072204E-02,0.000000E+00,2.106850E+03,0.000000E+00,5.942898E-02,0.000000E+00,2.124804E+03,0.000000E+00,5.993536E-02,0.000000E+00,2.325512E+03,0.000000E+00,6.559619E-02,0.000000E+00
06:00:00,1.125384E+03,0.000000E+00,3.174187E-02,0.000000E+00,0.000000E+00,0.000000E+00,0.000000E+00,0.000000E+00,1.297687E+03,0.000000E+00,3.660733E-02,0.000000E+00,1.069473E+03,0.000000E+00,3.017510E-02,0.000000E+00,1.501244E+03,0.000000E+00,4.235442E-02,0.000000E+00,5.997487E+02,0.000000E+00,1.692500E-02,0.000000E+00,7.360326E+02,0.000000E+00,2.076565E-02,0.000000E+00,2.110684E+03,0.000000E+00,5.953711E-02,0.000000E+00,2.128581E+03,0.000000E+00,6.004186E-02,0.000000E+00,2.329655E+03,0.000000E+00,6.571304E-02,0.000000E+00
06:15:00,1.126609E+03,0.000000E+00,3.177641E-02,0.000000E+00,0.000000E+00,0.000000E+00,0.000000E+00,0.000000E+00,1.299638E+03,0.000000E+00,3.666235E-02,0.000000E+00,1.073837E+03,0.000000E+00,3.029821E-02,0.000000E+00,1.503759E+03,0.000000E+00,4.242535E-02,0.000000E+00,6.031489E+02,0.000000E+00,1.702095E-02,0.000000E+00,7.376768E+02,0.000000E+00,2.081203E-02,0.000000E+00,2.114601E+03,0.000000E+00,5.964757E-02,0.000000E+00,2.132474E+03,0.000000E+00,6.015167E-02,0.000000E+00,2.333853E+03,0.000000E+00,6.583144E-02,0.000000E+00
06:30:00,1.214325E+03,0.000000E+00,3.447752E-02,0.000000E+00,0.000000E+00,0.000000E+00,0.000000E+00,0.000000E+00,1.434528E+03,0.000000E+00,4.072636E-02,0.000000E+00,1.281040E+03,0.000000E+00,3.641404E-02,0.000000E+00,1.708971E+03,0.000000E+00,4.855784E-02,0.000000E+00,7.180470E+02,0.000000E+00,2.039965E-02,0.000000E+00,8.057759E+02,0.000000E+00,2.288771E-02,0.000000E+00,2.273866E+03,0.000000E+00,6.455387E-02,0.000000E+00,2.292196E+03,0.000000E+00,6.507416E-02,0.000000E+00,2.499285E+03,0.000000E+00,7.095273E-02,0.000000E+00
06:45:00,1.385320E+03,0.000000E+00,4.009303E-02,0.000000E+00,6.389575E+01,4.869132E+01,1.885797E-03,2.918121E-03,1.675885E+03,0.000000E+00,4.850402E-02,0.000000E+00,1.715810E+03,0.000000E+00,4.990092E-02,0.000000E+00,2.137436E+03,1.100739E+02,6.204937E-02,6.955428E-03,9.335396E+02,4.114379E+01,2.709927E-02,2.505543E-03,9.387525E+02,1.213185E+01,2.719528E-02,7.696411E-04,2.566717E+03,0.000000E+00,7.424371E-02,0.000000E+00,2.585863E+03,0.000000E+00,7.479649E-02,0.000000E+00,2.801903E+03,4.342461E+00,8.103345E-02,2.781861E-04
07:00:00,1.623133E+03,1.410641E+01,4.831088E-02,9.382005E-04,1.986264E+02,1.331780E+02,6.053928E-03,8.404576E-03,2.006447E+03,2.510035E+01,5.972053E-02,1.663456E-03,2.334747E+03,4.062641E+01,6.994470E-02,2.688353E-03,2.729820E+03,4.098186E+02,8.158008E-02,2.652751E-02,1.220186E+03,1.369935E+02,3.644728E-02,8.727719E-03,1.118047E+03,5.925917E+01,3.331202E-02,3.833937E-03,2.955292E+03,0.000000E+00,8.786506E-02,0.000000E+00,2.975363E+03,6.234815E+00,8.845965E-02,4.153133E-04,3.202068E+03,1.145749E+02,9.517546E-02,7.462118E-03
07:15:00,1.922963E+03,1.298718E+02,5.913951E-02,8.960148E-03,3.803189E+02,2.935968E+02,1.189742E-02,1.950366E-02,2.423253E+03,2.033934E+02,7.449246E-02,1.391435E-02,3.135267E+03,3.287779E+02,9.690188E-02,2.270136E-02,3.462629E+03,1.022666E+03,1.067851E-01,6.941321E-02,1.572624E+03,3.269363E+02,4.843811E-02,2.186831E-02,1.339115E+03,1.748736E+02,4.120505E-02,1.188522E-02,3.435150E+03,1.345268E+02,1.055103E-01,9.297418E-03,3.456258E+03,1.677585E+02,1.061567E-01,1.148013E-02,3.695425E+03,4.119203E+02,1.134803E-01,2.811581E-02
07:30:00,2.204343E+03,3.013140E+02,7.035696E-02,2.182146E-02,6.216641E+02,4.863852E+02,1.998497E-02,3.394420E-02,2.804242E+03,4.476448E+02,8.950130E-02,3.220348E-02,3.931657E+03,7.726924E+02,1.259731E-01,5.602046E-02,4.144244E+03,1.783683E+03,1.324945E-01,1.265079E-01,1.886976E+03,5.589206E+02,6.028521E-02,3.924553E-02,1.539534E+03,3.232349E+02,4.914678E-02,2.301456E-02,3.862126E+03,3.404127E+02,1.231397E-01,2.470594E-02,3.884088E+03,4.001604E+02,1.238379E-01,2.887841E-02,4.132529E+03,7.993130E+02,1.317367E-01,5.716448E-02
07:45:00,2.341934E+03,4.687765E+02,7.699673E-02,3.466291E-02,7.295332E+02,6.117357E+02,2.398049E-02,4.436782E-02,2.970201E+03,6.809746E+02,9.762075E-02,5.009715E-02,4.340985E+03,1.190931E+03,1.429940E-01,8.808816E-02,4.416068E+03,2.396275E+03,1.452361E-01,1.749162E-01,2.006085E+03,7.318957E+02,6.594816E-02,5.315417E-02,1.626208E+03,4.516845E+02,5.346718E-02,3.302058E-02,4.036654E+03,5.373653E+02,1.326273E-01,3.981145E-02,4.059271E+03,6.234554E+02,1.333703E-01,4.600336E-02,4.313096E+03,1.181046E+03,1.417038E-01,8.648460E-02
08:00:00,2.399786E+03,6.184642E+02,8.059258E-02,4.629860E-02,7.662188E+02,6.882137E+02,2.568164E-02,5.123369E-02,3.049892E+03,8.856744E+02,1.024015E-01,6.607333E-02,4.511272E+03,1.545663E+03,1.515859E-01,1.157448E-01,4.459668E+03,2.791894E+03,1.497410E-01,2.087090E-01,2.044997E+03,8.375738E+02,6.865826E-02,6.239764E-02,1.652993E+03,5.390668E+02,5.551638E-02,4.027995E-02,4.110080E+03,7.332120E+02,1.380015E-01,5.484455E-02,4.133503E+03,8.385678E+02,1.387888E-01,6.257897E-02,4.390702E+03,1.460887E+03,1.474271E-01,1.092449E-01
08:15:00,2.355740E+03,6.812027E+02,8.021476E-02,5.197959E-02,7.074684E+02,7.010700E+02,2.404775E-02,5.343051E-02,2.973799E+03,9.724286E+02,1.012494E-01,7.416701E-02,4.395229E+03,1.678219E+03,1.496857E-01,1.280208E-01,4.252764E+03,2.898935E+03,1.448076E-01,2.210758E-01,1.984290E+03,8.385308E+02,6.757252E-02,6.390563E-02,1.618416E+03,5.542593E+02,5.512138E-02,4.226791E-02,4.054619E+03,7.953275E+02,1.380701E-01,6.064045E-02,4.079257E+03,9.002508E+02,1.389096E-01,6.864684E-02,4.338593E+03,1.561258E+03,1.477433E-01,1.191215E-01
08:30:00,2.229839E+03,6.894982E+02,7.631065E-02,5.291607E-02,5.762848E+02,6.759671E+02,1.973238E-02,5.185631E-02,2.783606E+03,9.986178E+02,9.527396E-02,7.663646E-02,4.039642E+03,1.655515E+03,1.382877E-01,1.270292E-01,3.851384E+03,2.861305E+03,1.318410E-01,2.195028E-01,1.832113E+03,7.917892E+02,6.273468E-02,6.074197E-02,1.526565E+03,5.351953E+02,5.225811E-02,4.106169E-02,3.876815E+03,7.921761E+02,1.326844E-01,6.079256E-02,3.902973E+03,8.990085E+02,1.335796E-01,6.899136E-02,4.162553E+03,1.585927E+03,1.424628E-01,1.217039E-01
08:45:00,2.154649E+03,7.033087E+02,7.373632E-02,5.399030E-02,5.056916E+02,6.660502E+02,1.731546E-02,5.110743E-02,2.690125E+03,1.042678E+03,9.207156E-02,8.003467E-02,3.815227E+03,1.663706E+03,1.306058E-01,1.276895E-01,3.607341E+03,2.871435E+03,1.234870E-01,2.203830E-01,1.761737E+03,7.588820E+02,6.032524E-02,5.823179E-02,1.475504E+03,5.228761E+02,5.051016E-02,4.012970E-02,3.803838E+03,8.054749E+02,1.301825E-01,6.182478E-02,3.831937E+03,9.165476E+02,1.311441E-01,7.035201E-02,4.092677E+03,1.627571E+03,1.400671E-01,1.249390E-01
09:00:00,2.085024E+03,7.222985E+02,7.135385E-02,5.544808E-02,4.288001E+02,6.668739E+02,1.468297E-02,5.116856E-02,2.584731E+03,1.098893E+03,8.846474E-02,8.434895E-02,3.624483E+03,1.703389E+03,1.240766E-01,1.307335E-01,3.406603E+03,2.921292E+03,1.166155E-01,2.242158E-01,1.690706E+03,7.355301E+02,5.789332E-02,5.643707E-02,1.432001E+03,5.159937E+02,4.902087E-02,3.960094E-02,3.725553E+03,8.290164E+02,1.275028E-01,6.363084E-02,3.755856E+03,9.472252E+02,1.285398E-01,7.270579E-02,4.018233E+03,1.681002E+03,1.375188E-01,1.290400E-01
09:15:00,2.041429E+03,7.362650E+02,6.986238E-02,5.652058E-02,3.836385E+02,6.656045E+02,1.313680E-02,5.106998E-02,2.523735E+03,1.148115E+03,8.637787E-02,8.812737E-02,3.503643E+03,1.747557E+03,1.199400E-01,1.341235E-01,3.282189E+03,2.976165E+03,1.123564E-01,2.284283E-01,1.645909E+03,7.206531E+02,5.635955E-02,5.529413E-02,1.403460E+03,5.126893E+02,4.804369E-02,3.934703E-02,3.676430E+03,8.623397E+02,1.258218E-01,6.618872E-02,3.708865E+03,9.885383E+02,1.269318E-01,7.587708E-02,3.972524E+03,1.740462E+03,1.359546E-01,1.336046E-01
09:30:00,2.007318E+03,7.516347E+02,6.869520E-02,5.770089E-02,3.473920E+02,6.690955E+02,1.189570E-02,5.133739E-02,2.474285E+03,1.202721E+03,8.468557E-02,9.231955E-02,3.410711E+03,1.803706E+03,1.167584E-01,1.384337E-01,3.189048E+03,3.036789E+03,1.091676E-01,2.330822E-01,1.613037E+03,7.102377E+02,5.523393E-02,5.449444E-02,1.382796E+03,5.115052E+02,4.733607E-02,3.925612E-02,3.640385E+03,9.008494E+02,1.245883E-01,6.914514E-02,3.674754E+03,1.034710E+03,1.257644E-01,7.942182E-02,3.939302E+03,1.797497E+03,1.348177E-01,1.379835E-01
09:45:00,1.979473E+03,7.690795E+02,6.774234E-02,5.904301E-02,3.171248E+02,6.755969E+02,1.085930E-02,5.183649E-02,2.432217E+03,1.260516E+03,8.324578E-02,9.676162E-02,3.335425E+03,1.866543E+03,1.141809E-01,1.432604E-01,3.115990E+03,3.092679E+03,1.066664E-01,2.373775E-01,1.587884E+03,7.033108E+02,5.437259E-02,5.396317E-02,1.367236E+03,5.126864E+02,4.680324E-02,3.934770E-02,3.612541E+03,9.426252E+02,1.236353E-01,7.235583E-02,3.648601E+03,1.083011E+03,1.248694E-01,8.313417E-02,3.913740E+03,1.846737E+03,1.339429E-01,1.417705E-01
10:00:00,1.956007E+03,7.897274E+02,6.693922E-02,6.063156E-02,2.910631E+02,6.841193E+02,9.966895E-03,5.249081E-02,2.395301E+03,1.320022E+03,8.198231E-02,1.013360E-01,3.272130E+03,1.932422E+03,1.120140E-01,1.483212E-01,3.056435E+03,3.135382E+03,1.046274E-01,2.406615E-01,1.567994E+03,6.994466E+02,5.369144E-02,5.366708E-02,1.355166E+03,5.165870E+02,4.638994E-02,3.964822E-02,3.590275E+03,9.863862E+02,1.228732E-01,7.571969E-02,3.627789E+03,1.131851E+03,1.241570E-01,8.688873E-02,3.893289E+03,1.883847E+03,1.332429E-01,1.446276E-01
10:15:00,1.932119E+03,8.156727E+02,6.612168E-02,6.262598E-02,2.728318E+02,6.887220E+02,9.342618E-03,5.284416E-02,2.369223E+03,1.370182E+03,8.108979E-02,1.051907E-01,3.220740E+03,1.993222E+03,1.102546E-01,1.529906E-01,3.003084E+03,3.162670E+03,1.028010E-01,2.427597E-01,1.507321E+03,7.418784E+02,5.161382E-02,5.692318E-02,1.317680E+03,5.488828E+02,4.510667E-02,4.212810E-02,3.507399E+03,1.091365E+03,1.200367E-01,8.378301E-02,3.537476E+03,1.247393E+03,1.210660E-01,9.576386E-02,3.810104E+03,1.968982E+03,1.303959E-01,1.511698E-01
10:30:00,1.902630E+03,8.520360E+02,6.511249E-02,6.541843E-02,2.518421E+02,6.992132E+02,8.623872E-03,5.364900E-02,2.338604E+03,1.426447E+03,8.004174E-02,1.095104E-01,3.166076E+03,2.061956E+03,1.083832E-01,1.582665E-01,2.942902E+03,3.181202E+03,1.007408E-01,2.441822E-01,1.446343E+03,7.885196E+02,4.952586E-02,6.050205E-02,1.275177E+03,5.896167E+02,4.365195E-02,4.525518E-02,3.419899E+03,1.202168E+03,1.170430E-01,9.229187E-02,3.437466E+03,1.372184E+03,1.176443E-01,1.053470E-01,3.721369E+03,2.043658E+03,1.273600E-01,1.569050E-01
10:45:00,1.870536E+03,8.942125E+02,6.401423E-02,6.865806E-02,2.295470E+02,7.131324E+02,7.860428E-03,5.471690E-02,2.306159E+03,1.485149E+03,7.893127E-02,1.140181E-01,3.110718E+03,2.134323E+03,1.064881E-01,1.638217E-01,2.879515E+03,3.184353E+03,9.857092E-02,2.444238E-01,1.384992E+03,8.380515E+02,4.742515E-02,6.430282E-02,1.230259E+03,6.353760E+02,4.211454E-02,4.876831E-02,3.330425E+03,1.315851E+03,1.139818E-01,1.010236E-01,3.333358E+03,1.501209E+03,1.140824E-01,1.152571E-01,3.630444E+03,2.104668E+03,1.242491E-01,1.615909E-01
11:00:00,1.836817E+03,9.398848E+02,6.286036E-02,7.216633E-02,2.064324E+02,7.294365E+02,7.068926E-03,5.596780E-02,2.272673E+03,1.545114E+03,7.778522E-02,1.186231E-01,3.055315E+03,2.209292E+03,1.045915E-01,1.695768E-01,2.814442E+03,3.172799E+03,9.634340E-02,2.435362E-01,1.323287E+03,8.894266E+02,4.531228E-02,6.824493E-02,1.183796E+03,6.843134E+02,4.052416E-02,5.252528E-02,3.239738E+03,1.431059E+03,1.108788E-01,1.098724E-01,3.226746E+03,1.632801E+03,1.104345E-01,1.253643E-01,3.538075E+03,2.154207E+03,1.210886E-01,1.653951E-01
11:15:00,1.810132E+03,9.798843E+02,6.194721E-02,7.523997E-02,1.875659E+02,7.429999E+02,6.422893E-03,5.700864E-02,2.245954E+03,1.597926E+03,7.687083E-02,1.226813E-01,3.010264E+03,2.275225E+03,1.030493E-01,1.746395E-01,2.763066E+03,3.136295E+03,9.458476E-02,2.407358E-01,1.304863E+03,8.987748E+02,4.468142E-02,6.896228E-02,1.160926E+03,7.118189E+02,3.974137E-02,5.463717E-02,3.209255E+03,1.486699E+03,1.098360E-01,1.141479E-01,3.185664E+03,1.701175E+03,1.090291E-01,1.306179E-01,3.506947E+03,2.135857E+03,1.200237E-01,1.639887E-01
11:30:00,1.788043E+03,1.014375E+03,6.119115E-02,7.789249E-02,1.717092E+02,7.541188E+02,5.879918E-03,5.786217E-02,2.223558E+03,1.643793E+03,7.610423E-02,1.262096E-01,2.971679E+03,2.333865E+03,1.017283E-01,1.791447E-01,2.720239E+03,3.088485E+03,9.311857E-02,2.370709E-01,1.288210E+03,9.069581E+02,4.411111E-02,6.959030E-02,1.141940E+03,7.356902E+02,3.909129E-02,5.647057E-02,3.183158E+03,1.536049E+03,1.089423E-01,1.179422E-01,3.151821E+03,1.761202E+03,1.078702E-01,1.352329E-01,3.480633E+03,2.111448E+03,1.191226E-01,1.621211E-01
11:45:00,1.768307E+03,1.045313E+03,6.051557E-02,8.026890E-02,1.575322E+02,7.640492E+02,5.394460E-03,5.862399E-02,2.203353E+03,1.685317E+03,7.541261E-02,1.293988E-01,2.936761E+03,2.388152E+03,1.005329E-01,1.833120E-01,2.682440E+03,3.042726E+03,9.182448E-02,2.335588E-01,1.272903E+03,9.142517E+02,4.358683E-02,7.014935E-02,1.124952E+03,7.572884E+02,3.850959E-02,5.812821E-02,3.159350E+03,1.581119E+03,1.081271E-01,1.214026E-01,3.121270E+03,1.816734E+03,1.068241E-01,1.394967E-01,3.456540E+03,2.090917E+03,1.182975E-01,1.605446E-01
12:00:00,1.750120E+03,1.072999E+03,5.989306E-02,8.239495E-02,1.445146E+02,7.730790E+02,4.948701E-03,5.931662E-02,2.184527E+03,1.722593E+03,7.476819E-02,1.322606E-01,2.904470E+03,2.436612E+03,9.942736E-02,1.870314E-01,2.647893E+03,3.004839E+03,9.064173E-02,2.306504E-01,1.258626E+03,9.208297E+02,4.309788E-02,7.065349E-02,1.109245E+03,7.770132E+02,3.797181E-02,5.964191E-02,3.136991E+03,1.622138E+03,1.073616E-01,1.245515E-01,3.092710E+03,1.867418E+03,1.058464E-01,1.433877E-01,3.433929E+03,2.077804E+03,1.175234E-01,1.595374E-01
12:15:00,1.736601E+03,1.095156E+03,5.943031E-02,8.409638E-02,1.344215E+02,7.793688E+02,4.603083E-03,5.979902E-02,2.170183E+03,1.753937E+03,7.427722E-02,1.346670E-01,2.878809E+03,2.476541E+03,9.854886E-02,1.900959E-01,2.622207E+03,2.973592E+03,8.976233E-02,2.282521E-01,1.245993E+03,9.262727E+02,4.266523E-02,7.107071E-02,1.097602E+03,7.925971E+02,3.757323E-02,6.083789E-02,3.119091E+03,1.658026E+03,1.067490E-01,1.273069E-01,3.071431E+03,1.910281E+03,1.051181E-01,1.466786E-01,3.416238E+03,2.072215E+03,1.169179E-01,1.591085E-01
12:30:00,1.726326E+03,1.113100E+03,5.907855E-02,8.547419E-02,1.264788E+02,7.836386E+02,4.331103E-03,6.012644E-02,2.158895E+03,1.780527E+03,7.389077E-02,1.367083E-01,2.857692E+03,2.509936E+03,9.782586E-02,1.926589E-01,2.602433E+03,2.949347E+03,8.908530E-02,2.263912E-01,1.234820E+03,9.307964E+02,4.228260E-02,7.141754E-02,1.088635E+03,8.051352E+02,3.726621E-02,6.180005E-02,3.104226E+03,1.689626E+03,1.062402E-01,1.297332E-01,3.054825E+03,1.947210E+03,1.045497E-01,1.495139E-01,3.401731E+03,2.072379E+03,1.164214E-01,1.591214E-01
12:45:00,1.717971E+03,1.128224E+03,5.879239E-02,8.663518E-02,1.199027E+02,7.866654E+02,4.105915E-03,6.035853E-02,2.149345E+03,1.803732E+03,7.356377E-02,1.384896E-01,2.839490E+03,2.538370E+03,9.720257E-02,1.948408E-01,2.586321E+03,2.929774E+03,8.853357E-02,2.248888E-01,1.224756E+03,9.347896E+02,4.193795E-02,7.172374E-02,1.081178E+03,8.157506E+02,3.701088E-02,6.261462E-02,3.091125E+03,1.718200E+03,1.057916E-01,1.319269E-01,3.040629E+03,1.980149E+03,1.040636E-01,1.520426E-01,3.388934E+03,2.075022E+03,1.159832E-01,1.593246E-01
13:00:00,1.710951E+03,1.141274E+03,5.855183E-02,8.763680E-02,1.142964E+02,7.889120E+02,3.913940E-03,6.053076E-02,2.141059E+03,1.825442E+03,7.327999E-02,1.401559E-01,2.823365E+03,2.565784E+03,9.665036E-02,1.969443E-01,2.572790E+03,2.916241E+03,8.807013E-02,2.238497E-01,1.215530E+03,9.386535E+02,4.162202E-02,7.202006E-02,1.074753E+03,8.250282E+02,3.679091E-02,6.332655E-02,3.079319E+03,1.745377E+03,1.053873E-01,1.340133E-01,3.028082E+03,2.011900E+03,1.036339E-01,1.544799E-01,3.377343E+03,2.080296E+03,1.155863E-01,1.597293E-01
13:15:00,1.704921E+03,1.152562E+03,5.834516E-02,8.850306E-02,1.094354E+02,7.907321E+02,3.747481E-03,6.067030E-02,2.133757E+03,1.844735E+03,7.302984E-02,1.416366E-01,2.808972E+03,2.590832E+03,9.615744E-02,1.988663E-01,2.561170E+03,2.905569E+03,8.767211E-02,2.230303E-01,1.206951E+03,9.427146E+02,4.132823E-02,7.233153E-02,1.069057E+03,8.333471E+02,3.659587E-02,6.396494E-02,3.068472E+03,1.770168E+03,1.050158E-01,1.359163E-01,3.016690E+03,2.041225E+03,1.032437E-01,1.567310E-01,3.366623E+03,2.086292E+03,1.152190E-01,1.601894E-01
13:30:00,1.699616E+03,1.162485E+03,5.816328E-02,8.926457E-02,1.051315E+02,7.923660E+02,3.600101E-03,6.079556E-02,2.127180E+03,1.861562E+03,7.280449E-02,1.429280E-01,2.795835E+03,2.613323E+03,9.570750E-02,2.005921E-01,2.550936E+03,2.897882E+03,8.732158E-02,2.224399E-01,1.198881E+03,9.471641E+02,4.105188E-02,7.267280E-02,1.063891E+03,8.410115E+02,3.641903E-02,6.455313E-02,3.058353E+03,1.792452E+03,1.046691E-01,1.376269E-01,3.006139E+03,2.067741E+03,1.028823E-01,1.587665E-01,3.356553E+03,2.093635E+03,1.148740E-01,1.607529E-01
13:45:00,1.694835E+03,1.171277E+03,5.799960E-02,8.993961E-02,1.012509E+02,7.940535E+02,3.467218E-03,6.092495E-02,2.121130E+03,1.879133E+03,7.259733E-02,1.442769E-01,2.783640E+03,2.638977E+03,9.528996E-02,2.025610E-01,2.541722E+03,2.894967E+03,8.700604E-02,2.222162E-01,1.191219E+03,9.522310E+02,4.078949E-02,7.306146E-02,1.059124E+03,8.481872E+02,3.625583E-02,6.510383E-02,3.048781E+03,1.815260E+03,1.043415E-01,1.393781E-01,2.996202E+03,2.095588E+03,1.025422E-01,1.609045E-01,3.346966E+03,2.104017E+03,1.145459E-01,1.615501E-01
14:00:00,1.690487E+03,1.179113E+03,5.785090E-02,9.054162E-02,9.772345E+01,7.959885E+02,3.346426E-03,6.107334E-02,2.115537E+03,1.900976E+03,7.240593E-02,1.459543E-01,2.772345E+03,2.670715E+03,9.490336E-02,2.049974E-01,2.533342E+03,2.893641E+03,8.671924E-02,2.221149E-01,1.183889E+03,9.580719E+02,4.053848E-02,7.350952E-02,1.054663E+03,8.550059E+02,3.610311E-02,6.562715E-02,3.039651E+03,1.842034E+03,1.040291E-01,1.414342E-01,2.986747E+03,2.127999E+03,1.022187E-01,1.633935E-01,3.337771E+03,2.115459E+03,1.142313E-01,1.624292E-01
14:15:00,1.686467E+03,1.185631E+03,5.771356E-02,9.104255E-02,9.446045E+01,7.983394E+02,3.234690E-03,6.125367E-02,2.110294E+03,1.933115E+03,7.222660E-02,1.484227E-01,2.761718E+03,2.714760E+03,9.453968E-02,2.083788E-01,2.525593E+03,2.891153E+03,8.645408E-02,2.219245E-01,1.176827E+03,9.648033E+02,4.029665E-02,7.402593E-02,1.050440E+03,8.613486E+02,3.595855E-02,6.611393E-02,3.030887E+03,1.878722E+03,1.037295E-01,1.442520E-01,2.977679E+03,2.170661E+03,1.019086E-01,1.666702E-01,3.328901E+03,2.125789E+03,1.139280E-01,1.632230E-01
14:30:00,1.682706E+03,1.190929E+03,5.758508E-02,9.144977E-02,9.140487E+01,8.012893E+02,3.130057E-03,6.147998E-02,2.105325E+03,1.981724E+03,7.205673E-02,1.521561E-01,2.751620E+03,2.778142E+03,9.419413E-02,2.132448E-01,2.518337E+03,2.886605E+03,8.620586E-02,2.215757E-01,1.169994E+03,9.725834E+02,4.006266E-02,7.462283E-02,1.046410E+03,8.672895E+02,3.582059E-02,6.656988E-02,3.022435E+03,1.931727E+03,1.034405E-01,1.483232E-01,2.968936E+03,2.229870E+03,1.016097E-01,1.712177E-01,3.320312E+03,2.134445E+03,1.136344E-01,1.638881E-01
14:45:00,1.679184E+03,1.195098E+03,5.746464E-02,9.177007E-02,8.853873E+01,8.049629E+02,3.031911E-03,6.176183E-02,2.100628E+03,2.048846E+03,7.189608E-02,1.573112E-01,2.742086E+03,2.861133E+03,9.386787E-02,2.196160E-01,2.511534E+03,2.878074E+03,8.597306E-02,2.209211E-01,1.163364E+03,9.814787E+02,3.983566E-02,7.530530E-02,1.042541E+03,8.729194E+02,3.568812E-02,6.700197E-02,3.014266E+03,2.002829E+03,1.031611E-01,1.537842E-01,2.960484E+03,2.306074E+03,1.013206E-01,1.770706E-01,3.311981E+03,2.140258E+03,1.133495E-01,1.643346E-01
15:00:00,1.675849E+03,1.198169E+03,5.735053E-02,9.200589E-02,8.582314E+01,8.093963E+02,2.938921E-03,6.210198E-02,2.096146E+03,2.132174E+03,7.174272E-02,1.637109E-01,2.732984E+03,2.962115E+03,9.355631E-02,2.273680E-01,2.505089E+03,2.866033E+03,8.575245E-02,2.199966E-01,1.156919E+03,9.914705E+02,3.961496E-02,7.607190E-02,1.038808E+03,8.782408E+02,3.556035E-02,6.741037E-02,3.006345E+03,2.090217E+03,1.028901E-01,1.604960E-01,2.952286E+03,2.397466E+03,1.010401E-01,1.840898E-01,3.303882E+03,2.143409E+03,1.130724E-01,1.645765E-01
15:15:00,1.675594E+03,1.196818E+03,5.734179E-02,9.190205E-02,8.483409E+01,8.126430E+02,2.905054E-03,6.235107E-02,2.094618E+03,2.222250E+03,7.169044E-02,1.706286E-01,2.728045E+03,3.069971E+03,9.338721E-02,2.356476E-01,2.504219E+03,2.844271E+03,8.572264E-02,2.183259E-01,1.151301E+03,1.001788E+03,3.942260E-02,7.686344E-02,1.037832E+03,8.805488E+02,3.552692E-02,6.758750E-02,3.001319E+03,2.185400E+03,1.027181E-01,1.678064E-01,2.949265E+03,2.493227E+03,1.009367E-01,1.914444E-01,3.299096E+03,2.140671E+03,1.129086E-01,1.643660E-01
15:30:00,1.677573E+03,1.191783E+03,5.740944E-02,9.151519E-02,8.521614E+01,8.149176E+02,2.918137E-03,6.252553E-02,2.095167E+03,2.312363E+03,7.170915E-02,1.775488E-01,2.726091E+03,3.176846E+03,9.332028E-02,2.438515E-01,2.507283E+03,2.814670E+03,8.582746E-02,2.160533E-01,1.146564E+03,1.012041E+03,3.926038E-02,7.765011E-02,1.038724E+03,8.804978E+02,3.555742E-02,6.758348E-02,2.998457E+03,2.281182E+03,1.026201E-01,1.751624E-01,2.949636E+03,2.586573E+03,1.009493E-01,1.986131E-01,3.296665E+03,2.132509E+03,1.128254E-01,1.637389E-01
15:45:00,1.680855E+03,1.183806E+03,5.752170E-02,9.090225E-02,8.647797E+01,8.164730E+02,2.961346E-03,6.264479E-02,2.096939E+03,2.395067E+03,7.176973E-02,1.838996E-01,2.725985E+03,3.273411E+03,9.331658E-02,2.512635E-01,2.512797E+03,2.778257E+03,8.601612E-02,2.132578E-01,1.142558E+03,1.021933E+03,3.912323E-02,7.840896E-02,1.040684E+03,8.786504E+02,3.562448E-02,6.744155E-02,2.996890E+03,2.370447E+03,1.025664E-01,1.820175E-01,2.951848E+03,2.670732E+03,1.010249E-01,2.050757E-01,3.295535E+03,2.119124E+03,1.127866E-01,1.627107E-01
16:00:00,1.685054E+03,1.173054E+03,5.766534E-02,9.007630E-02,8.839488E+01,8.172435E+02,3.026987E-03,6.270382E-02,2.099579E+03,2.464582E+03,7.186005E-02,1.892370E-01,2.727208E+03,3.351935E+03,9.335840E-02,2.572904E-01,2.520019E+03,2.734969E+03,8.626330E-02,2.099346E-01,1.139150E+03,1.031101E+03,3.900652E-02,7.911226E-02,1.043379E+03,8.751001E+02,3.571670E-02,6.716893E-02,2.996262E+03,2.447422E+03,1.025449E-01,1.879281E-01,2.955305E+03,2.739688E+03,1.011432E-01,2.103703E-01,3.295310E+03,2.100006E+03,1.127789E-01,1.612422E-01
16:15:00,1.684050E+03,1.166582E+03,5.763093E-02,8.957902E-02,8.758146E+01,8.208367E+02,2.999130E-03,6.297942E-02,2.097287E+03,2.525821E+03,7.178157E-02,1.939383E-01,2.721857E+03,3.418348E+03,9.317519E-02,2.623873E-01,2.517881E+03,2.697864E+03,8.619005E-02,2.070861E-01,1.134860E+03,1.040444E+03,3.885961E-02,7.982897E-02,1.041299E+03,8.752967E+02,3.564548E-02,6.718394E-02,2.990876E+03,2.515747E+03,1.023605E-01,1.931740E-01,2.949691E+03,2.801113E+03,1.009510E-01,2.150860E-01,3.289402E+03,2.081821E+03,1.125767E-01,1.598454E-01
16:30:00,1.679421E+03,1.162356E+03,5.747262E-02,8.925455E-02,8.467357E+01,8.262725E+02,2.899553E-03,6.339642E-02,2.091763E+03,2.576521E+03,7.159257E-02,1.978305E-01,2.712209E+03,3.468682E+03,9.284498E-02,2.662500E-01,2.509423E+03,2.660386E+03,8.590062E-02,2.042094E-01,1.129497E+03,1.049778E+03,3.867598E-02,8.054493E-02,1.036114E+03,8.772325E+02,3.546804E-02,6.733260E-02,2.982231E+03,2.573648E+03,1.020647E-01,1.976194E-01,2.938446E+03,2.851488E+03,1.005663E-01,2.189534E-01,3.279809E+03,2.061241E+03,1.122484E-01,1.582650E-01
16:45:00,1.672868E+03,1.158667E+03,5.724848E-02,8.897137E-02,8.054995E+01,8.323373E+02,2.758346E-03,6.386171E-02,2.084539E+03,2.615858E+03,7.134539E-02,2.008502E-01,2.700227E+03,3.501802E+03,9.243489E-02,2.687914E-01,2.497294E+03,2.620950E+03,8.548554E-02,2.011824E-01,1.123307E+03,1.058594E+03,3.846400E-02,8.122126E-02,1.029310E+03,8.795818E+02,3.523521E-02,6.751304E-02,2.971860E+03,2.620336E+03,1.017099E-01,2.012036E-01,2.924470E+03,2.888882E+03,1.000881E-01,2.218240E-01,3.268433E+03,2.037469E+03,1.118592E-01,1.564394E-01
17:00:00,1.665040E+03,1.154832E+03,5.698065E-02,8.867691E-02,7.557142E+01,8.385232E+02,2.587866E-03,6.433631E-02,2.076192E+03,2.644919E+03,7.105980E-02,2.030808E-01,2.686726E+03,3.519356E+03,9.197278E-02,2.701379E-01,2.482754E+03,2.579940E+03,8.498793E-02,1.980344E-01,1.116507E+03,1.066561E+03,3.823119E-02,8.183240E-02,1.021482E+03,8.821075E+02,3.496728E-02,6.770698E-02,2.960372E+03,2.656789E+03,1.013168E-01,2.040020E-01,2.908836E+03,2.914209E+03,9.955322E-02,2.237679E-01,3.255974E+03,2.011186E+03,1.114329E-01,1.544210E-01
17:15:00,1.659284E+03,1.147477E+03,5.678369E-02,8.811212E-02,7.160297E+01,8.426616E+02,2.451974E-03,6.465381E-02,2.069872E+03,2.661179E+03,7.084355E-02,2.043285E-01,2.675993E+03,3.518453E+03,9.160538E-02,2.700678E-01,2.471912E+03,2.531848E+03,8.461683E-02,1.943428E-01,1.109977E+03,1.072850E+03,3.800758E-02,8.231488E-02,1.015648E+03,8.820113E+02,3.476759E-02,6.769962E-02,2.950939E+03,2.680833E+03,1.009940E-01,2.058474E-01,2.897164E+03,2.923641E+03,9.915384E-02,2.244912E-01,3.246077E+03,1.980136E+03,1.110943E-01,1.520366E-01
17:30:00,1.654944E+03,1.137688E+03,5.663514E-02,8.736020E-02,6.840442E+01,8.463075E+02,2.342446E-03,6.493352E-02,2.064821E+03,2.666181E+03,7.067065E-02,2.047117E-01,2.667008E+03,3.503857E+03,9.129781E-02,2.689466E-01,2.463519E+03,2.481230E+03,8.432951E-02,1.904571E-01,1.103882E+03,1.078627E+03,3.779887E-02,8.275803E-02,1.011098E+03,8.802512E+02,3.461184E-02,6.756447E-02,2.942861E+03,2.694203E+03,1.007176E-01,2.068732E-01,2.887922E+03,2.921546E+03,9.883752E-02,2.243293E-01,3.237780E+03,1.946843E+03,1.108103E-01,1.494798E-01
17:45:00,1.651306E+03,1.126410E+03,5.651046E-02,8.649357E-02,6.560907E+01,8.513200E+02,2.246724E-03,6.531809E-02,2.060398E+03,2.660604E+03,7.051915E-02,2.042822E-01,2.658968E+03,3.478924E+03,9.102246E-02,2.670319E-01,2.456500E+03,2.428481E+03,8.408914E-02,1.864077E-01,1.098145E+03,1.085418E+03,3.760245E-02,8.327904E-02,1.007192E+03,8.773180E+02,3.447811E-02,6.733926E-02,2.935534E+03,2.697867E+03,1.004667E-01,2.071533E-01,2.879851E+03,2.911338E+03,9.856115E-02,2.235440E-01,3.230297E+03,1.911558E+03,1.105540E-01,1.467698E-01
18:00:00,1.648134E+03,1.114232E+03,5.640160E-02,8.555774E-02,6.309715E+01,8.582626E+02,2.160707E-03,6.585077E-02,2.056398E+03,2.643570E+03,7.038204E-02,2.029729E-01,2.651588E+03,3.443365E+03,9.076961E-02,2.643013E-01,2.450387E+03,2.373413E+03,8.387964E-02,1.821801E-01,1.092697E+03,1.093689E+03,3.741589E-02,8.391366E-02,1.003698E+03,8.733091E+02,3.435849E-02,6.703152E-02,2.928726E+03,2.690183E+03,1.002333E-01,2.065618E-01,2.872515E+03,2.893172E+03,9.830975E-02,2.221476E-01,3.223345E+03,1.874081E+03,1.103157E-01,1.438913E-01
18:15:00,1.275231E+03,8.332551E+02,4.341017E-02,6.394480E-02,4.640251E+01,6.466517E+02,1.589014E-03,4.961479E-02,1.540830E+03,2.125848E+03,5.273621E-02,1.607323E-01,1.985968E+03,2.569370E+03,6.798393E-02,1.972159E-01,1.835570E+03,1.759234E+03,6.283365E-02,1.350362E-01,8.175021E+02,8.237014E+02,2.799272E-02,6.319874E-02,7.514973E+02,6.724703E+02,2.572517E-02,5.126464E-02,2.289106E+03,2.170828E+03,7.781511E-02,1.641106E-01,2.237458E+03,2.351453E+03,7.610548E-02,1.775206E-01,2.557468E+03,1.405466E+03,8.668468E-02,1.076828E-01
18:30:00,9.264896E+02,5.705380E+02,3.111038E-02,4.346988E-02,3.036049E+01,4.645408E+02,1.039669E-03,3.507792E-02,1.077657E+03,1.633294E+03,3.660132E-02,1.197574E-01,1.322265E+03,1.760415E+03,4.526388E-02,1.340768E-01,1.222346E+03,1.158677E+03,4.184223E-02,8.893803E-02,5.436950E+02,6.010804E+02,1.861708E-02,4.528833E-02,5.131153E+02,4.791910E+02,1.748928E-02,3.595825E-02,1.768877E+03,1.672500E+03,5.880805E-02,1.226065E-01,1.725306E+03,1.841911E+03,5.741372E-02,1.344255E-01,1.991863E+03,9.792741E+02,6.593885E-02,7.416309E-02
18:45:00,6.225063E+02,3.194754E+02,2.006162E-02,2.370072E-02,1.490802E+01,2.922328E+02,5.105128E-04,2.104124E-02,6.578355E+02,1.170433E+03,2.166963E-02,8.049178E-02,6.603083E+02,9.864169E+02,2.260367E-02,7.308243E-02,6.105292E+02,5.728002E+02,2.089902E-02,4.395677E-02,2.712120E+02,3.833417E+02,9.286775E-03,2.750862E-02,3.051432E+02,3.087491E+02,1.011452E-02,2.198008E-02,1.320505E+03,1.201979E+03,4.176418E-02,8.264734E-02,1.275415E+03,1.362473E+03,4.041181E-02,9.302137E-02,1.515347E+03,5.708595E+02,4.765847E-02,4.175510E-02
19:00:00,3.356800E+02,8.458801E+01,9.500800E-03,4.924198E-03,0.000000E+00,1.192943E+02,0.000000E+00,6.917881E-03,2.532313E+02,7.242938E+02,7.172571E-03,4.235564E-02,0.000000E+00,2.526747E+02,0.000000E+00,1.465820E-02,0.000000E+00,1.273955E+01,0.000000E+00,7.374635E-04,0.000000E+00,1.698191E+02,0.000000E+00,9.919546E-03,1.128951E+02,1.548087E+02,3.188029E-03,8.979436E-03,8.920195E+02,7.484118E+02,2.528960E-02,4.379008E-02,8.471348E+02,9.017051E+02,2.402846E-02,5.283242E-02,1.061814E+03,1.825304E+02,3.003486E-02,1.069534E-02
19:15:00,4.360357E+02,1.329785E+02,1.232057E-02,7.718516E-03,0.000000E+00,1.824929E+02,0.000000E+00,1.057265E-02,3.908413E+02,7.705883E+02,1.105588E-02,4.468663E-02,0.000000E+00,3.730080E+02,0.000000E+00,2.161814E-02,0.000000E+00,7.628867E+01,0.000000E+00,4.412340E-03,0.000000E+00,2.332107E+02,0.000000E+00,1.358544E-02,1.942157E+02,2.008568E+02,5.482806E-03,1.163291E-02,1.146598E+03,7.720125E+02,3.242888E-02,4.477233E-02,1.100707E+03,9.322595E+02,3.113759E-02,5.406977E-02,1.319133E+03,2.226689E+02,3.728053E-02,1.297778E-02
19:30:00,5.234962E+02,1.682867E+02,1.477146E-02,9.733747E-03,0.000000E+00,2.196561E+02,0.000000E+00,1.270265E-02,4.900654E+02,7.613934E+02,1.382970E-02,4.404653E-02,0.000000E+00,4.126062E+02,0.000000E+00,2.386376E-02,2.004650E+01,1.449125E+02,5.671504E-04,8.381269E-03,6.767418E+00,2.516196E+02,1.924561E-04,1.455108E-02,2.715533E+02,2.426578E+02,7.663026E-03,1.403584E-02,1.295838E+03,7.417758E+02,3.656363E-02,4.291197E-02,1.246745E+03,9.013191E+02,3.517893E-02,5.214426E-02,1.491470E+03,2.274612E+02,4.208265E-02,1.315545E-02
19:45:00,5.747213E+02,1.927768E+02,1.621612E-02,1.115081E-02,0.000000E+00,2.469509E+02,0.000000E+00,1.428156E-02,5.565007E+02,6.891743E+02,1.570399E-02,3.986841E-02,0.000000E+00,3.955122E+02,0.000000E+00,2.287551E-02,8.819771E+01,2.200353E+02,2.490542E-03,1.272536E-02,3.063855E+01,2.634998E+02,8.661844E-04,1.523805E-02,3.256042E+02,2.601667E+02,9.187968E-03,1.504906E-02,1.384298E+03,6.462579E+02,3.905707E-02,3.738560E-02,1.341262E+03,8.070751E+02,3.784348E-02,4.669067E-02,1.584880E+03,2.177748E+02,4.471563E-02,1.259553E-02
20:00:00,6.157433E+02,2.002148E+02,1.737263E-02,1.158133E-02,0.000000E+00,2.728640E+02,0.000000E+00,1.578056E-02,6.164211E+02,5.816460E+02,1.739411E-02,3.364827E-02,0.000000E+00,3.275829E+02,0.000000E+00,1.894667E-02,1.857400E+02,2.833965E+02,5.243259E-03,1.639021E-02,6.661725E+01,2.676420E+02,1.881590E-03,1.547783E-02,3.694035E+02,2.583462E+02,1.042337E-02,1.494415E-02,1.461729E+03,5.114970E+02,4.123882E-02,2.958978E-02,1.422841E+03,6.737770E+02,4.014236E-02,3.897936E-02,1.665500E+03,1.898359E+02,4.698698E-02,1.097951E-02
20:15:00,6.561063E+02,1.817920E+02,1.851043E-02,1.051580E-02,0.000000E+00,2.746887E+02,0.000000E+00,1.588650E-02,6.629250E+02,4.557752E+02,1.870553E-02,2.636560E-02,0.000000E+00,2.236511E+02,0.000000E+00,1.293525E-02,3.296893E+02,2.751355E+02,9.305450E-03,1.591309E-02,1.088150E+02,2.688824E+02,3.072494E-03,1.554976E-02,4.008079E+02,2.411606E+02,1.130893E-02,1.394996E-02,1.504956E+03,3.832120E+02,4.245536E-02,2.216724E-02,1.471123E+03,5.417343E+02,4.150140E-02,3.133885E-02,1.714057E+03,1.577463E+02,4.835370E-02,9.123369E-03
20:30:00,6.984740E+02,1.505036E+02,1.970465E-02,8.705753E-03,0.000000E+00,2.670963E+02,0.000000E+00,1.544763E-02,7.078476E+02,3.442836E+02,1.997222E-02,1.991496E-02,3.647955E+01,1.263931E+02,1.030500E-03,7.309941E-03,4.856516E+02,2.476653E+02,1.370488E-02,1.432426E-02,1.541808E+02,2.624320E+02,4.351324E-03,1.517693E-02,4.316028E+02,2.126914E+02,1.217721E-02,1.230298E-02,1.549390E+03,2.687736E+02,4.370606E-02,1.554654E-02,1.524239E+03,4.194828E+02,4.299670E-02,2.426554E-02,1.763380E+03,1.157055E+02,4.974221E-02,6.691830E-03
20:45:00,7.414644E+02,1.137073E+02,2.091644E-02,6.577072E-03,0.000000E+00,2.540437E+02,0.000000E+00,1.469285E-02,7.519378E+02,2.582076E+02,2.121537E-02,1.493510E-02,9.379527E+01,5.973239E+01,2.648063E-03,3.454501E-03,6.163111E+02,2.026510E+02,1.739124E-02,1.172062E-02,1.898598E+02,2.519113E+02,5.358177E-03,1.456864E-02,4.627339E+02,1.808955E+02,1.305497E-02,1.046351E-02,1.593682E+03,1.803399E+02,4.495344E-02,1.043069E-02,1.579218E+03,3.190826E+02,4.454522E-02,1.845682E-02,1.813521E+03,7.096661E+01,5.115439E-02,4.104291E-03
21:00:00,7.844239E+02,7.449680E+01,2.212779E-02,4.308832E-03,0.000000E+00,2.381042E+02,0.000000E+00,1.377103E-02,7.945741E+02,1.889599E+02,2.241786E-02,1.092917E-02,1.721212E+02,1.640153E+01,4.858501E-03,9.485189E-04,7.344075E+02,1.494198E+02,2.072295E-02,8.641655E-03,2.196005E+02,2.397500E+02,6.197437E-03,1.386543E-02,4.943802E+02,1.486379E+02,1.394756E-02,8.597346E-03,1.638220E+03,1.095901E+02,4.620962E-02,6.338263E-03,1.635594E+03,2.342590E+02,4.613504E-02,1.354964E-02,1.862238E+03,3.320607E+01,5.252852E-02,1.920394E-03
21:15:00,8.194104E+02,4.230605E+01,2.311420E-02,2.446796E-03,0.000000E+00,2.252502E+02,0.000000E+00,1.302753E-02,8.295884E+02,1.360479E+02,2.340529E-02,7.868417E-03,2.714226E+02,0.000000E+00,7.660807E-03,0.000000E+00,8.248088E+02,1.042352E+02,2.327304E-02,6.028159E-03,2.715399E+02,2.056029E+02,7.663161E-03,1.189058E-02,5.320942E+02,1.127429E+02,1.501143E-02,6.520881E-03,1.707736E+03,5.812790E+01,4.817066E-02,3.361729E-03,1.716247E+03,1.475633E+02,4.841015E-02,8.534778E-03,1.932614E+03,1.104668E+01,5.451374E-02,6.388292E-04
21:30:00,8.484854E+02,2.092518E+01,2.393388E-02,1.210166E-03,0.000000E+00,2.145589E+02,0.000000E+00,1.240904E-02,8.604707E+02,9.236619E+01,2.427625E-02,5.341847E-03,3.503868E+02,0.000000E+00,9.888071E-03,0.000000E+00,8.965788E+02,6.308154E+01,2.529748E-02,3.648064E-03,3.191424E+02,1.714824E+02,9.006401E-03,9.917177E-03,5.680065E+02,8.041828E+01,1.602448E-02,4.651122E-03,1.772218E+03,2.578993E+01,4.998939E-02,1.491458E-03,1.789609E+03,8.386880E+01,5.047944E-02,4.850660E-03,1.997181E+03,9.954528E-01,5.633465E-02,5.756428E-05
21:45:00,8.740920E+02,7.323235E+00,2.465575E-02,4.235098E-04,0.000000E+00,2.049360E+02,0.000000E+00,1.185256E-02,8.880134E+02,5.411715E+01,2.505306E-02,3.129677E-03,4.210319E+02,0.000000E+00,1.188143E-02,0.000000E+00,9.544359E+02,3.238945E+01,2.692934E-02,1.873071E-03,3.639608E+02,1.371995E+02,1.027108E-02,7.934419E-03,6.018068E+02,4.991754E+01,1.697805E-02,2.886968E-03,1.833590E+03,7.380705E+00,5.172027E-02,4.268191E-04,1.859375E+03,3.592350E+01,5.244714E-02,2.077634E-03,2.058326E+03,0.000000E+00,5.805903E-02,0.000000E+00
22:00:00,8.976857E+02,0.000000E+00,2.532092E-02,0.000000E+00,0.000000E+00,1.960447E+02,0.000000E+00,1.133840E-02,9.135716E+02,2.584655E+01,2.577389E-02,1.494683E-03,4.810618E+02,0.000000E+00,1.357520E-02,0.000000E+00,1.004165E+03,1.010354E+01,2.833174E-02,5.842639E-04,4.065740E+02,1.024947E+02,1.147353E-02,5.927245E-03,6.339324E+02,2.136157E+01,1.788438E-02,1.235359E-03,1.892543E+03,0.000000E+00,5.338295E-02,0.000000E+00,1.926436E+03,0.000000E+00,5.433852E-02,0.000000E+00,2.117016E+03,0.000000E+00,5.971424E-02,0.000000E+00
22:15:00,9.425272E+02,0.000000E+00,2.658589E-02,0.000000E+00,0.000000E+00,1.529506E+02,0.000000E+00,8.846041E-03,9.900604E+02,8.462804E+00,2.793184E-02,4.893847E-04,5.840222E+02,0.000000E+00,1.648032E-02,0.000000E+00,1.098792E+03,0.000000E+00,3.100122E-02,0.000000E+00,4.242408E+02,9.052601E+01,1.197204E-02,5.235037E-03,6.515216E+02,9.275498E+00,1.838084E-02,5.363883E-04,1.917211E+03,0.000000E+00,5.407965E-02,0.000000E+00,1.955651E+03,0.000000E+00,5.516355E-02,0.000000E+00,2.140754E+03,0.000000E+00,6.038475E-02,0.000000E+00
22:30:00,9.848712E+02,0.000000E+00,2.778104E-02,0.000000E+00,0.000000E+00,1.089090E+02,0.000000E+00,6.298950E-03,1.063389E+03,3.683724E-01,3.000101E-02,2.130181E-05,6.792040E+02,0.000000E+00,1.916594E-02,0.000000E+00,1.187852E+03,0.000000E+00,3.351405E-02,0.000000E+00,4.392481E+02,7.961639E+01,1.239567E-02,4.604145E-03,6.648958E+02,2.560912E+00,1.875877E-02,1.480923E-04,1.937037E+03,0.000000E+00,5.464146E-02,0.000000E+00,1.977667E+03,0.000000E+00,5.578727E-02,0.000000E+00,2.159419E+03,0.000000E+00,6.091406E-02,0.000000E+00
22:45:00,1.025027E+03,0.000000E+00,2.891461E-02,0.000000E+00,0.000000E+00,6.551401E+01,0.000000E+00,3.789038E-03,1.133992E+03,0.000000E+00,3.199337E-02,0.000000E+00,7.684861E+02,0.000000E+00,2.168513E-02,0.000000E+00,1.273825E+03,0.000000E+00,3.594005E-02,0.000000E+00,4.521005E+02,6.973435E+01,1.275850E-02,4.032635E-03,6.755141E+02,0.000000E+00,1.905893E-02,0.000000E+00,1.953088E+03,0.000000E+00,5.509683E-02,0.000000E+00,1.994944E+03,0.000000E+00,5.627736E-02,0.000000E+00,2.174392E+03,0.000000E+00,6.133925E-02,0.000000E+00
23:00:00,1.063897E+03,0.000000E+00,3.001084E-02,0.000000E+00,0.000000E+00,2.215439E+01,0.000000E+00,1.281166E-03,1.203635E+03,0.000000E+00,3.395747E-02,0.000000E+00,8.535722E+02,0.000000E+00,2.408560E-02,0.000000E+00,1.357118E+03,0.000000E+00,3.828982E-02,0.000000E+00,4.634131E+02,6.063428E+01,1.307776E-02,3.506371E-03,6.843481E+02,0.000000E+00,1.930830E-02,0.000000E+00,1.967329E+03,0.000000E+00,5.549894E-02,0.000000E+00,2.009897E+03,0.000000E+00,5.669959E-02,0.000000E+00,2.187814E+03,0.000000E+00,6.171827E-02,0.000000E+00
23:15:00,1.075935E+03,0.000000E+00,3.034977E-02,0.000000E+00,0.000000E+00,1.466171E+01,0.000000E+00,8.478301E-04,1.216246E+03,0.000000E+00,3.431236E-02,0.000000E+00,8.799925E+02,0.000000E+00,2.483068E-02,0.000000E+00,1.381669E+03,0.000000E+00,3.898202E-02,0.000000E+00,4.733405E+02,5.228178E+01,1.335787E-02,3.023357E-03,6.916493E+02,0.000000E+00,1.951414E-02,0.000000E+00,1.979183E+03,0.000000E+00,5.583235E-02,0.000000E+00,2.022187E+03,0.000000E+00,5.704528E-02,0.000000E+00,2.198956E+03,0.000000E+00,6.203147E-02,0.000000E+00
23:30:00,1.086062E+03,0.000000E+00,3.063428E-02,0.000000E+00,0.000000E+00,8.938163E+00,0.000000E+00,5.168587E-04,1.227214E+03,0.000000E+00,3.462054E-02,0.000000E+00,9.029552E+02,0.000000E+00,2.547823E-02,0.000000E+00,1.402932E+03,0.000000E+00,3.958119E-02,0.000000E+00,4.823003E+02,4.461105E+01,1.361062E-02,2.579782E-03,6.979843E+02,0.000000E+00,1.969246E-02,0.000000E+00,1.989893E+03,0.000000E+00,5.613223E-02,0.000000E+00,2.033182E+03,0.000000E+00,5.735316E-02,0.000000E+00,2.209127E+03,0.000000E+00,6.231593E-02,0.000000E+00
23:45:00,1.095267E+03,0.000000E+00,3.089268E-02,0.000000E+00,0.000000E+00,4.525350E+00,0.000000E+00,2.616838E-04,1.237674E+03,0.000000E+00,3.491439E-02,0.000000E+00,9.236530E+02,0.000000E+00,2.606182E-02,0.000000E+00,1.422420E+03,0.000000E+00,4.013024E-02,0.000000E+00,4.906212E+02,3.734649E+01,1.384534E-02,2.159692E-03,7.037689E+02,0.000000E+00,1.985523E-02,0.000000E+00,2.000481E+03,0.000000E+00,5.642859E-02,0.000000E+00,2.043983E+03,0.000000E+00,5.765551E-02,0.000000E+00,2.219353E+03,0.000000E+00,6.260185E-02,0.000000E+00
24:00:00,1.103209E+03,0.000000E+00,3.111648E-02,0.000000E+00,0.000000E+00,1.582600E+00,0.000000E+00,9.151521E-05,1.246749E+03,0.000000E+00,3.517039E-02,0.000000E+00,9.421352E+02,0.000000E+00,2.658322E-02,0.000000E+00,1.439506E+03,0.000000E+00,4.061243E-02,0.000000E+00,4.982604E+02,3.052619E+01,1.406093E-02,1.765273E-03,7.089179E+02,0.000000E+00,2.000050E-02,0.000000E+00,2.009916E+03,0.000000E+00,5.669454E-02,0.000000E+00,2.053594E+03,0.000000E+00,5.792641E-02,0.000000E+00,2.228558E+03,0.000000E+00,6.286126E-02,0.000000E+00
Peak,2.399786E+03,1.198169E+03,8.059258E-02,9.200589E-02,7.662188E+02,8.582626E+02,2.568164E-02,6.585077E-02,3.049892E+03,2.666181E+03,1.024015E-01,2.047117E-01,4.511272E+03,3.519356E+03,1.515859E-01,2.701379E-01,4.459668E+03,3.184353E+03,1.497410E-01,2.444238E-01,2.044997E+03,1.093689E+03,6.865826E-02,8.391366E-02,1.652993E+03,8.821075E+02,5.551638E-02,6.770698E-02,4.110080E+03,2.697867E+03,1.380015E-01,2.071533E-01,4.133503E+03,2.923641E+03,1.387888E-01,2.244912E-01,4.390702E+03,2.154207E+03,1.474271E-01,1.653951E-01

Peak Vol Flow (m3/s),,,6.963380E-02,7.949516E-02,,,2.218951E-02,5.689655E-02,,,8.847720E-02,1.768755E-01,,,1.309736E-01,2.334053E-01,,,1.293796E-01,2.111876E-01,,,5.932228E-02,7.250329E-02,,,4.796740E-02,5.850035E-02,,,1.192364E-01,1.789851E-01,,,1.199166E-01,1.939655E-01,,,1.273804E-01,1.429051E-01
