[
  {
    "name": "ROOFTOP SUPPLY FAN Simulated",
    "type": "Fan Electric Energy",
    "color": "blue",
    "units": "J",
    "displayname": "Fan Consumption",
    "data": [
      {
        "y": 0.0,
        "time": "2009/09/01 00:00:00"
      },
      {
        "y": 0.0,
        "time": "2009/09/01 00:15:00"
      },
      {
        "y": 0.0,
        "time": "2009/09/01 00:30:00"
      },
      {
        "y": 0.0,
        "time": "2009/09/01 00:45:00"
      },
      {
        "y": 0.0,
        "time": "2009/09/01 01:00:00"
      },
      {
        "y": 0.0,
        "time": "2009/09/01 01:15:00"
      },
      {
        "y": 0.0,
        "time": "2009/09/01 01:30:00"
      },
      {
        "y": 0.0,
        "time": "2009/09/01 01:45:00"
      },
      {
        "y": 0.0,
        "time": "2009/09/01 02:00:00"
      },
      {
        "y": 0.0,
        "time": "2009/09/01 02:15:00"
      },
      {
        "y": 0.0,
        "time": "2009/09/01 02:30:00"
      },
      {
        "y": 0.0,
        "time": "2009/09/01 02:45:00"
      },
      {
        "y": 0.0,
        "time": "2009/09/01 03:00:00"
      },
      {
        "y": 0.0,
        "time": "2009/09/01 03:15:00"
      },
      {
        "y": 0.0,
        "time": "2009/09/01 03:30:00"
      },
      {
        "y": 0.0,
        "time": "2009/09/01 03:45:00"
      },
      {
        "y": 0.0,
        "time": "2009/09/01 04:00:00"
      },
      {
        "y": 0.0,
        "time": "2009/09/01 04:15:00"
      },
      {
        "y": 0.0,
        "time": "2009/09/01 04:30:00"
      },
      {
        "y": 0.0,
        "time": "2009/09/01 04:45:00"
      },
      {
        "y": 0.0,
        "time": "2009/09/01 05:00:00"
      },
      {
        "y": 0.0,
        "time": "2009/09/01 05:15:00"
      },
      {
        "y": 0.0,
        "time": "2009/09/01 05:30:00"
      },
      {
        "y": 0.0,
        "time": "2009/09/01 05:45:00"
      },
      {
        "y": 0.0,
        "time": "2009/09/01 06:00:00"
      },
      {
        "y": 0.0,
        "time": "2009/09/01 06:15:00"
      },
      {
        "y": 0.0,
        "time": "2009/09/01 06:30:00"
      },
      {
        "y": 0.0,
        "time": "2009/09/01 06:45:00"
      },
      {
        "y": 1913352.375,
        "time": "2009/09/01 07:00:00"
      },
      {
        "y": 1913352.375,
        "time": "2009/09/01 07:15:00"
      },
      {
        "y": 1913352.375,
        "time": "2009/09/01 07:30:00"
      },
      {
        "y": 1913352.375,
        "time": "2009/09/01 07:45:00"
      },
      {
        "y": 1913352.375,
        "time": "2009/09/01 08:00:00"
      },
      {
        "y": 1913352.375,
        "time": "2009/09/01 08:15:00"
      },
      {
        "y": 1913352.375,
        "time": "2009/09/01 08:30:00"
      },
      {
        "y": 1913352.375,
        "time": "2009/09/01 08:45:00"
      },
      {
        "y": 1913352.375,
        "time": "2009/09/01 09:00:00"
      },
      {
        "y": 1913352.375,
        "time": "2009/09/01 09:15:00"
      },
      {
        "y": 1913352.375,
        "time": "2009/09/01 09:30:00"
      },
      {
        "y": 1913352.375,
        "time": "2009/09/01 09:45:00"
      },
      {
        "y": 1913352.375,
        "time": "2009/09/01 10:00:00"
      },
      {
        "y": 1913352.375,
        "time": "2009/09/01 10:15:00"
      },
      {
        "y": 1913352.375,
        "time": "2009/09/01 10:30:00"
      },
      {
        "y": 1913352.375,
        "time": "2009/09/01 10:45:00"
      },
      {
        "y": 1913352.375,
        "time": "2009/09/01 11:00:00"
      },
      {
        "y": 1913352.375,
        "time": "2009/09/01 11:15:00"
      },
      {
        "y": 1913352.375,
        "time": "2009/09/01 11:30:00"
      },
      {
        "y": 1913352.375,
        "time": "2009/09/01 11:45:00"
      },
      {
        "y": 1913352.375,
        "time": "2009/09/01 12:00:00"
      },
      {
        "y": 1913352.375,
        "time": "2009/09/01 12:15:00"
      },
      {
        "y": 1913352.375,
        "time": "2009/09/01 12:30:00"
      },
      {
        "y": 1913352.375,
        "time": "2009/09/01 12:45:00"
      },
      {
        "y": 1913352.375,
        "time": "2009/09/01 13:00:00"
      },
      {
        "y": 1913352.375,
        "time": "2009/09/01 13:15:00"
      },
      {
        "y": 1913352.375,
        "time": "2009/09/01 13:30:00"
      },
      {
        "y": 1913352.375,
        "time": "2009/09/01 13:45:00"
      },
      {
        "y": 1913352.375,
        "time": "2009/09/01 14:00:00"
      },
      {
        "y": 1913352.375,
        "time": "2009/09/01 14:15:00"
      },
      {
        "y": 1913352.375,
        "time": "2009/09/01 14:30:00"
      },
      {
        "y": 1913352.375,
        "time": "2009/09/01 14:45:00"
      },
      {
        "y": 1913352.375,
        "time": "2009/09/01 15:00:00"
      },
      {
        "y": 1913352.375,
        "time": "2009/09/01 15:15:00"
      },
      {
        "y": 1913352.375,
        "time": "2009/09/01 15:30:00"
      },
      {
        "y": 1913352.375,
        "time": "2009/09/01 15:45:00"
      },
      {
        "y": 1913352.375,
        "time": "2009/09/01 16:00:00"
      },
      {
        "y": 1913352.375,
        "time": "2009/09/01 16:15:00"
      },
      {
        "y": 1913352.375,
        "time": "2009/09/01 16:30:00"
      },
      {
        "y": 1913352.375,
        "time": "2009/09/01 16:45:00"
      },
      {
        "y": 1913352.375,
        "time": "2009/09/01 17:00:00"
      },
      {
        "y": 1913352.375,
        "time": "2009/09/01 17:15:00"
      },
      {
        "y": 1913352.375,
        "time": "2009/09/01 17:30:00"
      },
      {
        "y": 1913352.375,
        "time": "2009/09/01 17:45:00"
      },
      {
        "y": 1913352.375,
        "time": "2009/09/01 18:00:00"
      },
      {
        "y": 1913352.375,
        "time": "2009/09/01 18:15:00"
      },
      {
        "y": 1913352.375,
        "time": "2009/09/01 18:30:00"
      },
      {
        "y": 1913352.375,
        "time": "2009/09/01 18:45:00"
      },
      {
        "y": 1913352.375,
        "time": "2009/09/01 19:00:00"
      },
      {
        "y": 1913352.375,
        "time": "2009/09/01 19:15:00"
      },
      {
        "y": 1913352.375,
        "time": "2009/09/01 19:30:00"
      },
      {
        "y": 1913352.375,
        "time": "2009/09/01 19:45:00"
      },
      {
        "y": 1913352.375,
        "time": "2009/09/01 20:00:00"
      },
      {
        "y": 1913352.375,
        "time": "2009/09/01 20:15:00"
      },
      {
        "y": 1913352.375,
        "time": "2009/09/01 20:30:00"
      },
      {
        "y": 1913352.375,
        "time": "2009/09/01 20:45:00"
      },
      {
        "y": 1913352.375,
        "time": "2009/09/01 21:00:00"
      },
      {
        "y": 1913352.375,
        "time": "2009/09/01 21:15:00"
      },
      {
        "y": 1913352.375,
        "time": "2009/09/01 21:30:00"
      },
      {
        "y": 0.0,
        "time": "2009/09/01 21:45:00"
      },
      {
        "y": 0.0,
        "time": "2009/09/01 22:00:00"
      },
      {
        "y": 0.0,
        "time": "2009/09/01 22:15:00"
      },
      {
        "y": 0.0,
        "time": "2009/09/01 22:30:00"
      },
      {
        "y": 0.0,
        "time": "2009/09/01 22:45:00"
      },
      {
        "y": 0.0,
        "time": "2009/09/01 23:00:00"
      },
      {
        "y": 0.0,
        "time": "2009/09/01 23:15:00"
      },
      {
        "y": 0.0,
        "time": "2009/09/01 23:30:00"
      },
      {
        "y": 0.0,
        "time": "2009/09/01 23:45:00"
      }
    ],
    "cvrmse": 12.240691,
    "nmbe": 3.567682
  },
  {
    "name": "ROOFTOP SUPPLY FAN Metered",
    "type": "Fan Electric Energy",
    "color": "red",
    "units": "J",
    "displayname": "Fan Consumption",
    "data": [
      {
        "y": 16621.2,
        "time": "2009/09/01 00:00:00"
      },
      {
        "y": 16787.412,
        "time": "2009/09/01 00:15:00"
      },
      {
        "y": 16621.2,
        "time": "2009/09/01 00:30:00"
      },
      {
        "y": 16787.412,
        "time": "2009/09/01 00:45:00"
      },
      {
        "y": 16621.2,
        "time": "2009/09/01 01:00:00"
      },
      {
        "y": 16787.412,
        "time": "2009/09/01 01:15:00"
      },
      {
        "y": 16787.412,
        "time": "2009/09/01 01:30:00"
      },
      {
        "y": 16787.412,
        "time": "2009/09/01 01:45:00"
      },
      {
        "y": 16621.2,
        "time": "2009/09/01 02:00:00"
      },
      {
        "y": 16787.412,
        "time": "2009/09/01 02:15:00"
      },
      {
        "y": 16787.412,
        "time": "2009/09/01 02:30:00"
      },
      {
        "y": 16621.2,
        "time": "2009/09/01 02:45:00"
      },
      {
        "y": 16787.412,
        "time": "2009/09/01 03:00:00"
      },
      {
        "y": 16621.2,
        "time": "2009/09/01 03:15:00"
      },
      {
        "y": 16787.412,
        "time": "2009/09/01 03:30:00"
      },
      {
        "y": 16787.412,
        "time": "2009/09/01 03:45:00"
      },
      {
        "y": 16787.412,
        "time": "2009/09/01 04:00:00"
      },
      {
        "y": 16621.2,
        "time": "2009/09/01 04:15:00"
      },
      {
        "y": 16787.412,
        "time": "2009/09/01 04:30:00"
      },
      {
        "y": 16621.2,
        "time": "2009/09/01 04:45:00"
      },
      {
        "y": 16787.412,
        "time": "2009/09/01 05:00:00"
      },
      {
        "y": 16621.2,
        "time": "2009/09/01 05:15:00"
      },
      {
        "y": 16787.412,
        "time": "2009/09/01 05:30:00"
      },
      {
        "y": 16621.2,
        "time": "2009/09/01 05:45:00"
      },
      {
        "y": 16787.412,
        "time": "2009/09/01 06:00:00"
      },
      {
        "y": 16621.2,
        "time": "2009/09/01 06:15:00"
      },
      {
        "y": 16787.412,
        "time": "2009/09/01 06:30:00"
      },
      {
        "y": 1092677.76,
        "time": "2009/09/01 06:45:00"
      },
      {
        "y": 1934209.08,
        "time": "2009/09/01 07:00:00"
      },
      {
        "y": 1930884.84,
        "time": "2009/09/01 07:15:00"
      },
      {
        "y": 1949334.48,
        "time": "2009/09/01 07:30:00"
      },
      {
        "y": 1950165.36,
        "time": "2009/09/01 07:45:00"
      },
      {
        "y": 1943516.88,
        "time": "2009/09/01 08:00:00"
      },
      {
        "y": 1941189.84,
        "time": "2009/09/01 08:15:00"
      },
      {
        "y": 1941023.52,
        "time": "2009/09/01 08:30:00"
      },
      {
        "y": 1943682.84,
        "time": "2009/09/01 08:45:00"
      },
      {
        "y": 1935372.6,
        "time": "2009/09/01 09:00:00"
      },
      {
        "y": 1940857.56,
        "time": "2009/09/01 09:15:00"
      },
      {
        "y": 1941356.16,
        "time": "2009/09/01 09:30:00"
      },
      {
        "y": 1940192.64,
        "time": "2009/09/01 09:45:00"
      },
      {
        "y": 1940691.24,
        "time": "2009/09/01 10:00:00"
      },
      {
        "y": 1944015.48,
        "time": "2009/09/01 10:15:00"
      },
      {
        "y": 1934042.76,
        "time": "2009/09/01 10:30:00"
      },
      {
        "y": 1940691.24,
        "time": "2009/09/01 10:45:00"
      },
      {
        "y": 1935704.88,
        "time": "2009/09/01 11:00:00"
      },
      {
        "y": 1939029.12,
        "time": "2009/09/01 11:15:00"
      },
      {
        "y": 1939860.0,
        "time": "2009/09/01 11:30:00"
      },
      {
        "y": 1941356.16,
        "time": "2009/09/01 11:45:00"
      },
      {
        "y": 1934375.04,
        "time": "2009/09/01 12:00:00"
      },
      {
        "y": 1940358.96,
        "time": "2009/09/01 12:15:00"
      },
      {
        "y": 1933544.16,
        "time": "2009/09/01 12:30:00"
      },
      {
        "y": 1942519.32,
        "time": "2009/09/01 12:45:00"
      },
      {
        "y": 1941023.52,
        "time": "2009/09/01 13:00:00"
      },
      {
        "y": 1943682.84,
        "time": "2009/09/01 13:15:00"
      },
      {
        "y": 1937200.68,
        "time": "2009/09/01 13:30:00"
      },
      {
        "y": 1937034.72,
        "time": "2009/09/01 13:45:00"
      },
      {
        "y": 1937034.36,
        "time": "2009/09/01 14:00:00"
      },
      {
        "y": 1938031.92,
        "time": "2009/09/01 14:15:00"
      },
      {
        "y": 1937367.0,
        "time": "2009/09/01 14:30:00"
      },
      {
        "y": 1935870.84,
        "time": "2009/09/01 14:45:00"
      },
      {
        "y": 1937034.36,
        "time": "2009/09/01 15:00:00"
      },
      {
        "y": 1942851.96,
        "time": "2009/09/01 15:15:00"
      },
      {
        "y": 1940857.56,
        "time": "2009/09/01 15:30:00"
      },
      {
        "y": 1942851.96,
        "time": "2009/09/01 15:45:00"
      },
      {
        "y": 1936037.16,
        "time": "2009/09/01 16:00:00"
      },
      {
        "y": 1938696.84,
        "time": "2009/09/01 16:15:00"
      },
      {
        "y": 1935704.88,
        "time": "2009/09/01 16:30:00"
      },
      {
        "y": 1938530.52,
        "time": "2009/09/01 16:45:00"
      },
      {
        "y": 1941189.84,
        "time": "2009/09/01 17:00:00"
      },
      {
        "y": 1941189.84,
        "time": "2009/09/01 17:15:00"
      },
      {
        "y": 1936369.8,
        "time": "2009/09/01 17:30:00"
      },
      {
        "y": 1937533.32,
        "time": "2009/09/01 17:45:00"
      },
      {
        "y": 1938364.2,
        "time": "2009/09/01 18:00:00"
      },
      {
        "y": 1935538.92,
        "time": "2009/09/01 18:15:00"
      },
      {
        "y": 1939195.08,
        "time": "2009/09/01 18:30:00"
      },
      {
        "y": 1946176.2,
        "time": "2009/09/01 18:45:00"
      },
      {
        "y": 1938031.92,
        "time": "2009/09/01 19:00:00"
      },
      {
        "y": 1936203.48,
        "time": "2009/09/01 19:15:00"
      },
      {
        "y": 1941688.44,
        "time": "2009/09/01 19:30:00"
      },
      {
        "y": 1941522.48,
        "time": "2009/09/01 19:45:00"
      },
      {
        "y": 1941688.44,
        "time": "2009/09/01 20:00:00"
      },
      {
        "y": 1941522.48,
        "time": "2009/09/01 20:15:00"
      },
      {
        "y": 1944846.72,
        "time": "2009/09/01 20:30:00"
      },
      {
        "y": 1939527.72,
        "time": "2009/09/01 20:45:00"
      },
      {
        "y": 1942851.96,
        "time": "2009/09/01 21:00:00"
      },
      {
        "y": 1940857.56,
        "time": "2009/09/01 21:15:00"
      },
      {
        "y": 1938530.52,
        "time": "2009/09/01 21:30:00"
      },
      {
        "y": 945247.68,
        "time": "2009/09/01 21:45:00"
      },
      {
        "y": 16621.2,
        "time": "2009/09/01 22:00:00"
      },
      {
        "y": 16787.412,
        "time": "2009/09/01 22:15:00"
      },
      {
        "y": 16787.412,
        "time": "2009/09/01 22:30:00"
      },
      {
        "y": 16787.412,
        "time": "2009/09/01 22:45:00"
      },
      {
        "y": 16953.624,
        "time": "2009/09/01 23:00:00"
      },
      {
        "y": 16787.412,
        "time": "2009/09/01 23:15:00"
      },
      {
        "y": 16787.412,
        "time": "2009/09/01 23:30:00"
      },
      {
        "y": 16787.412,
        "time": "2009/09/01 23:45:00"
      }
    ],
    "cvrmse": 12.240691,
    "nmbe": 3.567682
  }
]