[
  {
    "name": "ROOFTOP MIXED AIR OUTLET Simulated",
    "type": "System Node Temperature",
    "color": "blue",
    "units": "C",
    "displayname": "RTU Enter",
    "data": [
      {
        "y": 23.436927,
        "time": "2009/09/01 06:45:00"
      },
      {
        "y": 23.297703,
        "time": "2009/09/01 07:00:00"
      },
      {
        "y": 21.696408,
        "time": "2009/09/01 07:15:00"
      },
      {
        "y": 21.101892,
        "time": "2009/09/01 07:30:00"
      },
      {
        "y": 20.846501,
        "time": "2009/09/01 07:45:00"
      },
      {
        "y": 20.785783,
        "time": "2009/09/01 08:00:00"
      },
      {
        "y": 20.997822,
        "time": "2009/09/01 08:15:00"
      },
      {
        "y": 20.990569,
        "time": "2009/09/01 08:30:00"
      },
      {
        "y": 20.992348,
        "time": "2009/09/01 08:45:00"
      },
      {
        "y": 20.953278,
        "time": "2009/09/01 09:00:00"
      },
      {
        "y": 20.927641,
        "time": "2009/09/01 09:15:00"
      },
      {
        "y": 20.92153,
        "time": "2009/09/01 09:30:00"
      },
      {
        "y": 20.9148,
        "time": "2009/09/01 09:45:00"
      },
      {
        "y": 20.913618,
        "time": "2009/09/01 10:00:00"
      },
      {
        "y": 20.929776,
        "time": "2009/09/01 10:15:00"
      },
      {
        "y": 20.972194,
        "time": "2009/09/01 10:30:00"
      },
      {
        "y": 21.027106,
        "time": "2009/09/01 10:45:00"
      },
      {
        "y": 21.03389,
        "time": "2009/09/01 11:00:00"
      },
      {
        "y": 21.123585,
        "time": "2009/09/01 11:15:00"
      },
      {
        "y": 21.232539,
        "time": "2009/09/01 11:30:00"
      },
      {
        "y": 21.289185,
        "time": "2009/09/01 11:45:00"
      },
      {
        "y": 21.303764,
        "time": "2009/09/01 12:00:00"
      },
      {
        "y": 21.277928,
        "time": "2009/09/01 12:15:00"
      },
      {
        "y": 21.300548,
        "time": "2009/09/01 12:30:00"
      },
      {
        "y": 21.330332,
        "time": "2009/09/01 12:45:00"
      },
      {
        "y": 21.35136,
        "time": "2009/09/01 13:00:00"
      },
      {
        "y": 21.362345,
        "time": "2009/09/01 13:15:00"
      },
      {
        "y": 21.366257,
        "time": "2009/09/01 13:30:00"
      },
      {
        "y": 21.330207,
        "time": "2009/09/01 13:45:00"
      },
      {
        "y": 21.282159,
        "time": "2009/09/01 14:00:00"
      },
      {
        "y": 21.254893,
        "time": "2009/09/01 14:15:00"
      },
      {
        "y": 21.240965,
        "time": "2009/09/01 14:30:00"
      },
      {
        "y": 21.269421,
        "time": "2009/09/01 14:45:00"
      },
      {
        "y": 21.318759,
        "time": "2009/09/01 15:00:00"
      },
      {
        "y": 21.308501,
        "time": "2009/09/01 15:15:00"
      },
      {
        "y": 21.356095,
        "time": "2009/09/01 15:30:00"
      },
      {
        "y": 21.396974,
        "time": "2009/09/01 15:45:00"
      },
      {
        "y": 21.425103,
        "time": "2009/09/01 16:00:00"
      },
      {
        "y": 21.358766,
        "time": "2009/09/01 16:15:00"
      },
      {
        "y": 21.227455,
        "time": "2009/09/01 16:30:00"
      },
      {
        "y": 21.203159,
        "time": "2009/09/01 16:45:00"
      },
      {
        "y": 21.238344,
        "time": "2009/09/01 17:00:00"
      },
      {
        "y": 21.281206,
        "time": "2009/09/01 17:15:00"
      },
      {
        "y": 21.267443,
        "time": "2009/09/01 17:30:00"
      },
      {
        "y": 21.232024,
        "time": "2009/09/01 17:45:00"
      },
      {
        "y": 21.166933,
        "time": "2009/09/01 18:00:00"
      },
      {
        "y": 21.118684,
        "time": "2009/09/01 18:15:00"
      },
      {
        "y": 21.089704,
        "time": "2009/09/01 18:30:00"
      },
      {
        "y": 21.081448,
        "time": "2009/09/01 18:45:00"
      },
      {
        "y": 21.071113,
        "time": "2009/09/01 19:00:00"
      },
      {
        "y": 21.04034,
        "time": "2009/09/01 19:15:00"
      },
      {
        "y": 20.963412,
        "time": "2009/09/01 19:30:00"
      },
      {
        "y": 20.932074,
        "time": "2009/09/01 19:45:00"
      },
      {
        "y": 20.914479,
        "time": "2009/09/01 20:00:00"
      },
      {
        "y": 20.884491,
        "time": "2009/09/01 20:15:00"
      },
      {
        "y": 20.854873,
        "time": "2009/09/01 20:30:00"
      },
      {
        "y": 20.773831,
        "time": "2009/09/01 20:45:00"
      },
      {
        "y": 20.701389,
        "time": "2009/09/01 21:00:00"
      },
      {
        "y": 20.699496,
        "time": "2009/09/01 21:15:00"
      },
      {
        "y": 20.685088,
        "time": "2009/09/01 21:30:00"
      },
      {
        "y": 21.023846,
        "time": "2009/09/01 21:45:00"
      }
    ],
    "cvrmse": 1.728743,
    "nmbe": 0.738909
  },
  {
    "name": "ROOFTOP MIXED AIR OUTLET Metered",
    "type": "System Node Temperature",
    "color": "red",
    "units": "C",
    "displayname": "RTU Enter",
    "data": [
      {
        "y": 24.151932,
        "time": "2009/09/01 06:45:00"
      },
      {
        "y": 23.768568,
        "time": "2009/09/01 07:00:00"
      },
      {
        "y": 23.079624,
        "time": "2009/09/01 07:15:00"
      },
      {
        "y": 22.52958,
        "time": "2009/09/01 07:30:00"
      },
      {
        "y": 21.873972,
        "time": "2009/09/01 07:45:00"
      },
      {
        "y": 21.47394,
        "time": "2009/09/01 08:00:00"
      },
      {
        "y": 21.512832,
        "time": "2009/09/01 08:15:00"
      },
      {
        "y": 21.3906,
        "time": "2009/09/01 08:30:00"
      },
      {
        "y": 21.246144,
        "time": "2009/09/01 08:45:00"
      },
      {
        "y": 21.246144,
        "time": "2009/09/01 09:00:00"
      },
      {
        "y": 21.240588,
        "time": "2009/09/01 09:15:00"
      },
      {
        "y": 21.146136,
        "time": "2009/09/01 09:30:00"
      },
      {
        "y": 21.1128,
        "time": "2009/09/01 09:45:00"
      },
      {
        "y": 21.096132,
        "time": "2009/09/01 10:00:00"
      },
      {
        "y": 21.146136,
        "time": "2009/09/01 10:15:00"
      },
      {
        "y": 21.173916,
        "time": "2009/09/01 10:30:00"
      },
      {
        "y": 21.273924,
        "time": "2009/09/01 10:45:00"
      },
      {
        "y": 21.318372,
        "time": "2009/09/01 11:00:00"
      },
      {
        "y": 21.407268,
        "time": "2009/09/01 11:15:00"
      },
      {
        "y": 21.41838,
        "time": "2009/09/01 11:30:00"
      },
      {
        "y": 21.429492,
        "time": "2009/09/01 11:45:00"
      },
      {
        "y": 21.323928,
        "time": "2009/09/01 12:00:00"
      },
      {
        "y": 21.507276,
        "time": "2009/09/01 12:15:00"
      },
      {
        "y": 21.562836,
        "time": "2009/09/01 12:30:00"
      },
      {
        "y": 21.573948,
        "time": "2009/09/01 12:45:00"
      },
      {
        "y": 21.429492,
        "time": "2009/09/01 13:00:00"
      },
      {
        "y": 21.36282,
        "time": "2009/09/01 13:15:00"
      },
      {
        "y": 21.285036,
        "time": "2009/09/01 13:30:00"
      },
      {
        "y": 21.44616,
        "time": "2009/09/01 13:45:00"
      },
      {
        "y": 21.412824,
        "time": "2009/09/01 14:00:00"
      },
      {
        "y": 21.396156,
        "time": "2009/09/01 14:15:00"
      },
      {
        "y": 21.423936,
        "time": "2009/09/01 14:30:00"
      },
      {
        "y": 21.44616,
        "time": "2009/09/01 14:45:00"
      },
      {
        "y": 21.485052,
        "time": "2009/09/01 15:00:00"
      },
      {
        "y": 21.47394,
        "time": "2009/09/01 15:15:00"
      },
      {
        "y": 21.373932,
        "time": "2009/09/01 15:30:00"
      },
      {
        "y": 21.296148,
        "time": "2009/09/01 15:45:00"
      },
      {
        "y": 21.412824,
        "time": "2009/09/01 16:00:00"
      },
      {
        "y": 21.351708,
        "time": "2009/09/01 16:15:00"
      },
      {
        "y": 21.323928,
        "time": "2009/09/01 16:30:00"
      },
      {
        "y": 21.47394,
        "time": "2009/09/01 16:45:00"
      },
      {
        "y": 21.312816,
        "time": "2009/09/01 17:00:00"
      },
      {
        "y": 21.173916,
        "time": "2009/09/01 17:15:00"
      },
      {
        "y": 21.212808,
        "time": "2009/09/01 17:30:00"
      },
      {
        "y": 21.118356,
        "time": "2009/09/01 17:45:00"
      },
      {
        "y": 20.996124,
        "time": "2009/09/01 18:00:00"
      },
      {
        "y": 20.979456,
        "time": "2009/09/01 18:15:00"
      },
      {
        "y": 21.062796,
        "time": "2009/09/01 18:30:00"
      },
      {
        "y": 21.02946,
        "time": "2009/09/01 18:45:00"
      },
      {
        "y": 20.796108,
        "time": "2009/09/01 19:00:00"
      },
      {
        "y": 20.996124,
        "time": "2009/09/01 19:15:00"
      },
      {
        "y": 20.985012,
        "time": "2009/09/01 19:30:00"
      },
      {
        "y": 20.790552,
        "time": "2009/09/01 19:45:00"
      },
      {
        "y": 20.701656,
        "time": "2009/09/01 20:00:00"
      },
      {
        "y": 20.662764,
        "time": "2009/09/01 20:15:00"
      },
      {
        "y": 20.707212,
        "time": "2009/09/01 20:30:00"
      },
      {
        "y": 20.623872,
        "time": "2009/09/01 20:45:00"
      },
      {
        "y": 20.762772,
        "time": "2009/09/01 21:00:00"
      },
      {
        "y": 20.679432,
        "time": "2009/09/01 21:15:00"
      },
      {
        "y": 20.66832,
        "time": "2009/09/01 21:30:00"
      },
      {
        "y": 20.634984,
        "time": "2009/09/01 21:45:00"
      }
    ],
    "cvrmse": 1.728743,
    "nmbe": 0.738909
  }
]