[
  {
    "name": " Simulated",
    "type": "Heating:Electricity",
    "color": "blue",
    "units": "J",
    "displayname": "Heating Consumption",
    "data": [
      {
        "y": 0.0,
        "time": "2009/09/01 00:00:00"
      },
      {
        "y": 0.0,
        "time": "2009/09/01 00:15:00"
      },
      {
        "y": 0.0,
        "time": "2009/09/01 00:30:00"
      },
      {
        "y": 0.0,
        "time": "2009/09/01 00:45:00"
      },
      {
        "y": 0.0,
        "time": "2009/09/01 01:00:00"
      },
      {
        "y": 0.0,
        "time": "2009/09/01 01:15:00"
      },
      {
        "y": 0.0,
        "time": "2009/09/01 01:30:00"
      },
      {
        "y": 0.0,
        "time": "2009/09/01 01:45:00"
      },
      {
        "y": 0.0,
        "time": "2009/09/01 02:00:00"
      },
      {
        "y": 0.0,
        "time": "2009/09/01 02:15:00"
      },
      {
        "y": 0.0,
        "time": "2009/09/01 02:30:00"
      },
      {
        "y": 0.0,
        "time": "2009/09/01 02:45:00"
      },
      {
        "y": 0.0,
        "time": "2009/09/01 03:00:00"
      },
      {
        "y": 0.0,
        "time": "2009/09/01 03:15:00"
      },
      {
        "y": 0.0,
        "time": "2009/09/01 03:30:00"
      },
      {
        "y": 0.0,
        "time": "2009/09/01 03:45:00"
      },
      {
        "y": 0.0,
        "time": "2009/09/01 04:00:00"
      },
      {
        "y": 0.0,
        "time": "2009/09/01 04:15:00"
      },
      {
        "y": 0.0,
        "time": "2009/09/01 04:30:00"
      },
      {
        "y": 0.0,
        "time": "2009/09/01 04:45:00"
      },
      {
        "y": 0.0,
        "time": "2009/09/01 05:00:00"
      },
      {
        "y": 0.0,
        "time": "2009/09/01 05:15:00"
      },
      {
        "y": 0.0,
        "time": "2009/09/01 05:30:00"
      },
      {
        "y": 0.0,
        "time": "2009/09/01 05:45:00"
      },
      {
        "y": 0.0,
        "time": "2009/09/01 06:00:00"
      },
      {
        "y": 0.0,
        "time": "2009/09/01 06:15:00"
      },
      {
        "y": 0.0,
        "time": "2009/09/01 06:30:00"
      },
      {
        "y": 0.0,
        "time": "2009/09/01 06:45:00"
      },
      {
        "y": 0.0,
        "time": "2009/09/01 07:00:00"
      },
      {
        "y": 0.0,
        "time": "2009/09/01 07:15:00"
      },
      {
        "y": 2209769.75858,
        "time": "2009/09/01 07:30:00"
      },
      {
        "y": 2072372.268301,
        "time": "2009/09/01 07:45:00"
      },
      {
        "y": 2596964.19994,
        "time": "2009/09/01 08:00:00"
      },
      {
        "y": 2598502.5842,
        "time": "2009/09/01 08:15:00"
      },
      {
        "y": 2572783.507797,
        "time": "2009/09/01 08:30:00"
      },
      {
        "y": 2659958.272794,
        "time": "2009/09/01 08:45:00"
      },
      {
        "y": 2690133.163129,
        "time": "2009/09/01 09:00:00"
      },
      {
        "y": 2102542.2754,
        "time": "2009/09/01 09:15:00"
      },
      {
        "y": 1711383.733331,
        "time": "2009/09/01 09:30:00"
      },
      {
        "y": 1499306.789085,
        "time": "2009/09/01 09:45:00"
      },
      {
        "y": 1349423.82016,
        "time": "2009/09/01 10:00:00"
      },
      {
        "y": 873736.743788,
        "time": "2009/09/01 10:15:00"
      },
      {
        "y": 393594.287676,
        "time": "2009/09/01 10:30:00"
      },
      {
        "y": 583085.113836,
        "time": "2009/09/01 10:45:00"
      },
      {
        "y": 266798.495748,
        "time": "2009/09/01 11:00:00"
      },
      {
        "y": 144250.87951,
        "time": "2009/09/01 11:15:00"
      },
      {
        "y": 118804.67171,
        "time": "2009/09/01 11:30:00"
      },
      {
        "y": 98955.059194,
        "time": "2009/09/01 11:45:00"
      },
      {
        "y": 88603.630234,
        "time": "2009/09/01 12:00:00"
      },
      {
        "y": 81516.60039,
        "time": "2009/09/01 12:15:00"
      },
      {
        "y": 73346.033148,
        "time": "2009/09/01 12:30:00"
      },
      {
        "y": 65933.559674,
        "time": "2009/09/01 12:45:00"
      },
      {
        "y": 59853.380527,
        "time": "2009/09/01 13:00:00"
      },
      {
        "y": 57801.996673,
        "time": "2009/09/01 13:15:00"
      },
      {
        "y": 65602.817441,
        "time": "2009/09/01 13:30:00"
      },
      {
        "y": 129950.7777,
        "time": "2009/09/01 13:45:00"
      },
      {
        "y": 161594.056674,
        "time": "2009/09/01 14:00:00"
      },
      {
        "y": 154260.388823,
        "time": "2009/09/01 14:15:00"
      },
      {
        "y": 108643.506111,
        "time": "2009/09/01 14:30:00"
      },
      {
        "y": 101499.045364,
        "time": "2009/09/01 14:45:00"
      },
      {
        "y": 91346.010066,
        "time": "2009/09/01 15:00:00"
      },
      {
        "y": 72206.506849,
        "time": "2009/09/01 15:15:00"
      },
      {
        "y": 53079.621251,
        "time": "2009/09/01 15:30:00"
      },
      {
        "y": 45192.130279,
        "time": "2009/09/01 15:45:00"
      },
      {
        "y": 49688.154961,
        "time": "2009/09/01 16:00:00"
      },
      {
        "y": 138660.966651,
        "time": "2009/09/01 16:15:00"
      },
      {
        "y": 119829.895781,
        "time": "2009/09/01 16:30:00"
      },
      {
        "y": 73161.753702,
        "time": "2009/09/01 16:45:00"
      },
      {
        "y": 69594.734894,
        "time": "2009/09/01 17:00:00"
      },
      {
        "y": 117764.836896,
        "time": "2009/09/01 17:15:00"
      },
      {
        "y": 254923.654835,
        "time": "2009/09/01 17:30:00"
      },
      {
        "y": 563741.036681,
        "time": "2009/09/01 17:45:00"
      },
      {
        "y": 870721.842284,
        "time": "2009/09/01 18:00:00"
      },
      {
        "y": 0.0,
        "time": "2009/09/01 18:15:00"
      },
      {
        "y": 0.0,
        "time": "2009/09/01 18:30:00"
      },
      {
        "y": 0.0,
        "time": "2009/09/01 18:45:00"
      },
      {
        "y": 0.0,
        "time": "2009/09/01 19:00:00"
      },
      {
        "y": 0.0,
        "time": "2009/09/01 19:15:00"
      },
      {
        "y": 0.0,
        "time": "2009/09/01 19:30:00"
      },
      {
        "y": 0.0,
        "time": "2009/09/01 19:45:00"
      },
      {
        "y": 0.0,
        "time": "2009/09/01 20:00:00"
      },
      {
        "y": 0.0,
        "time": "2009/09/01 20:15:00"
      },
      {
        "y": 0.0,
        "time": "2009/09/01 20:30:00"
      },
      {
        "y": 0.0,
        "time": "2009/09/01 20:45:00"
      },
      {
        "y": 0.0,
        "time": "2009/09/01 21:00:00"
      },
      {
        "y": 0.0,
        "time": "2009/09/01 21:15:00"
      },
      {
        "y": 0.0,
        "time": "2009/09/01 21:30:00"
      },
      {
        "y": 0.0,
        "time": "2009/09/01 21:45:00"
      },
      {
        "y": 0.0,
        "time": "2009/09/01 22:00:00"
      },
      {
        "y": 0.0,
        "time": "2009/09/01 22:15:00"
      },
      {
        "y": 0.0,
        "time": "2009/09/01 22:30:00"
      },
      {
        "y": 0.0,
        "time": "2009/09/01 22:45:00"
      },
      {
        "y": 0.0,
        "time": "2009/09/01 23:00:00"
      },
      {
        "y": 0.0,
        "time": "2009/09/01 23:15:00"
      },
      {
        "y": 0.0,
        "time": "2009/09/01 23:30:00"
      },
      {
        "y": 0.0,
        "time": "2009/09/01 23:45:00"
      }
    ],
    "cvrmse": 148.154297,
    "nmbe": 88.014192
  },
  {
    "name": " Metered",
    "type": "Heating:Electricity",
    "color": "red",
    "units": "J",
    "displayname": "Heating Consumption",
    "data": [
      {
        "y": 76951.044,
        "time": "2009/09/01 00:00:00"
      },
      {
        "y": 76951.08,
        "time": "2009/09/01 00:15:00"
      },
      {
        "y": 76577.112,
        "time": "2009/09/01 00:30:00"
      },
      {
        "y": 76743.324,
        "time": "2009/09/01 00:45:00"
      },
      {
        "y": 76784.868,
        "time": "2009/09/01 01:00:00"
      },
      {
        "y": 76701.78,
        "time": "2009/09/01 01:15:00"
      },
      {
        "y": 76577.112,
        "time": "2009/09/01 01:30:00"
      },
      {
        "y": 76909.572,
        "time": "2009/09/01 01:45:00"
      },
      {
        "y": 76494.024,
        "time": "2009/09/01 02:00:00"
      },
      {
        "y": 76535.568,
        "time": "2009/09/01 02:15:00"
      },
      {
        "y": 76909.536,
        "time": "2009/09/01 02:30:00"
      },
      {
        "y": 76494.024,
        "time": "2009/09/01 02:45:00"
      },
      {
        "y": 76161.6,
        "time": "2009/09/01 03:00:00"
      },
      {
        "y": 76867.992,
        "time": "2009/09/01 03:15:00"
      },
      {
        "y": 76577.148,
        "time": "2009/09/01 03:30:00"
      },
      {
        "y": 76494.024,
        "time": "2009/09/01 03:45:00"
      },
      {
        "y": 76618.692,
        "time": "2009/09/01 04:00:00"
      },
      {
        "y": 76161.636,
        "time": "2009/09/01 04:15:00"
      },
      {
        "y": 76452.516,
        "time": "2009/09/01 04:30:00"
      },
      {
        "y": 76369.392,
        "time": "2009/09/01 04:45:00"
      },
      {
        "y": 76286.268,
        "time": "2009/09/01 05:00:00"
      },
      {
        "y": 76410.936,
        "time": "2009/09/01 05:15:00"
      },
      {
        "y": 76203.18,
        "time": "2009/09/01 05:30:00"
      },
      {
        "y": 76161.636,
        "time": "2009/09/01 05:45:00"
      },
      {
        "y": 76452.48,
        "time": "2009/09/01 06:00:00"
      },
      {
        "y": 76286.268,
        "time": "2009/09/01 06:15:00"
      },
      {
        "y": 76535.604,
        "time": "2009/09/01 06:30:00"
      },
      {
        "y": 97850.556,
        "time": "2009/09/01 06:45:00"
      },
      {
        "y": 114179.544,
        "time": "2009/09/01 07:00:00"
      },
      {
        "y": 114553.512,
        "time": "2009/09/01 07:15:00"
      },
      {
        "y": 114138.0,
        "time": "2009/09/01 07:30:00"
      },
      {
        "y": 950391.936,
        "time": "2009/09/01 07:45:00"
      },
      {
        "y": 1426464.612,
        "time": "2009/09/01 08:00:00"
      },
      {
        "y": 1258009.128,
        "time": "2009/09/01 08:15:00"
      },
      {
        "y": 2439568.44,
        "time": "2009/09/01 08:30:00"
      },
      {
        "y": 3408542.568,
        "time": "2009/09/01 08:45:00"
      },
      {
        "y": 3348374.076,
        "time": "2009/09/01 09:00:00"
      },
      {
        "y": 3364371.72,
        "time": "2009/09/01 09:15:00"
      },
      {
        "y": 3455746.848,
        "time": "2009/09/01 09:30:00"
      },
      {
        "y": 3650148.648,
        "time": "2009/09/01 09:45:00"
      },
      {
        "y": 3742124.148,
        "time": "2009/09/01 10:00:00"
      },
      {
        "y": 3461127.408,
        "time": "2009/09/01 10:15:00"
      },
      {
        "y": 3851159.58,
        "time": "2009/09/01 10:30:00"
      },
      {
        "y": 3107205.504,
        "time": "2009/09/01 10:45:00"
      },
      {
        "y": 2730321.324,
        "time": "2009/09/01 11:00:00"
      },
      {
        "y": 2270537.172,
        "time": "2009/09/01 11:15:00"
      },
      {
        "y": 2271233.772,
        "time": "2009/09/01 11:30:00"
      },
      {
        "y": 2215014.624,
        "time": "2009/09/01 11:45:00"
      },
      {
        "y": 2861514.72,
        "time": "2009/09/01 12:00:00"
      },
      {
        "y": 1881464.04,
        "time": "2009/09/01 12:15:00"
      },
      {
        "y": 1644411.384,
        "time": "2009/09/01 12:30:00"
      },
      {
        "y": 1572529.86,
        "time": "2009/09/01 12:45:00"
      },
      {
        "y": 2198633.472,
        "time": "2009/09/01 13:00:00"
      },
      {
        "y": 2648257.416,
        "time": "2009/09/01 13:15:00"
      },
      {
        "y": 3763122.372,
        "time": "2009/09/01 13:30:00"
      },
      {
        "y": 2955726.72,
        "time": "2009/09/01 13:45:00"
      },
      {
        "y": 3238657.488,
        "time": "2009/09/01 14:00:00"
      },
      {
        "y": 3185934.084,
        "time": "2009/09/01 14:15:00"
      },
      {
        "y": 2857543.092,
        "time": "2009/09/01 14:30:00"
      },
      {
        "y": 2408487.984,
        "time": "2009/09/01 14:45:00"
      },
      {
        "y": 1918378.368,
        "time": "2009/09/01 15:00:00"
      },
      {
        "y": 1990623.816,
        "time": "2009/09/01 15:15:00"
      },
      {
        "y": 2372688.324,
        "time": "2009/09/01 15:30:00"
      },
      {
        "y": 3238930.584,
        "time": "2009/09/01 15:45:00"
      },
      {
        "y": 2790578.304,
        "time": "2009/09/01 16:00:00"
      },
      {
        "y": 3172036.14,
        "time": "2009/09/01 16:15:00"
      },
      {
        "y": 3201885.36,
        "time": "2009/09/01 16:30:00"
      },
      {
        "y": 2089441.296,
        "time": "2009/09/01 16:45:00"
      },
      {
        "y": 2933027.424,
        "time": "2009/09/01 17:00:00"
      },
      {
        "y": 4043172.816,
        "time": "2009/09/01 17:15:00"
      },
      {
        "y": 3734849.664,
        "time": "2009/09/01 17:30:00"
      },
      {
        "y": 4266860.724,
        "time": "2009/09/01 17:45:00"
      },
      {
        "y": 5805260.208,
        "time": "2009/09/01 18:00:00"
      },
      {
        "y": 6763789.908,
        "time": "2009/09/01 18:15:00"
      },
      {
        "y": 6526894.644,
        "time": "2009/09/01 18:30:00"
      },
      {
        "y": 5626165.5,
        "time": "2009/09/01 18:45:00"
      },
      {
        "y": 9514964.52,
        "time": "2009/09/01 19:00:00"
      },
      {
        "y": 6798117.744,
        "time": "2009/09/01 19:15:00"
      },
      {
        "y": 7004751.048,
        "time": "2009/09/01 19:30:00"
      },
      {
        "y": 8946256.896,
        "time": "2009/09/01 19:45:00"
      },
      {
        "y": 10124403.84,
        "time": "2009/09/01 20:00:00"
      },
      {
        "y": 10888648.776,
        "time": "2009/09/01 20:15:00"
      },
      {
        "y": 10586270.808,
        "time": "2009/09/01 20:30:00"
      },
      {
        "y": 11099889.576,
        "time": "2009/09/01 20:45:00"
      },
      {
        "y": 9567285.84,
        "time": "2009/09/01 21:00:00"
      },
      {
        "y": 10189502.352,
        "time": "2009/09/01 21:15:00"
      },
      {
        "y": 10723188.456,
        "time": "2009/09/01 21:30:00"
      },
      {
        "y": 4846295.952,
        "time": "2009/09/01 21:45:00"
      },
      {
        "y": 77532.768,
        "time": "2009/09/01 22:00:00"
      },
      {
        "y": 76867.956,
        "time": "2009/09/01 22:15:00"
      },
      {
        "y": 77034.132,
        "time": "2009/09/01 22:30:00"
      },
      {
        "y": 77325.012,
        "time": "2009/09/01 22:45:00"
      },
      {
        "y": 77158.8,
        "time": "2009/09/01 23:00:00"
      },
      {
        "y": 77117.256,
        "time": "2009/09/01 23:15:00"
      },
      {
        "y": 77158.8,
        "time": "2009/09/01 23:30:00"
      },
      {
        "y": 77075.712,
        "time": "2009/09/01 23:45:00"
      }
    ],
    "cvrmse": 148.154297,
    "nmbe": 88.014192
  }
]