[
  {
    "name": " Simulated",
    "type": "Heating:Electricity",
    "color": "blue",
    "units": "J",
    "displayname": "Heating Consumption",
    "data": [
      {
        "y": 0.0,
        "time": "2009/08/27 00:00:00"
      },
      {
        "y": 0.0,
        "time": "2009/08/27 00:15:00"
      },
      {
        "y": 0.0,
        "time": "2009/08/27 00:30:00"
      },
      {
        "y": 0.0,
        "time": "2009/08/27 00:45:00"
      },
      {
        "y": 0.0,
        "time": "2009/08/27 01:00:00"
      },
      {
        "y": 0.0,
        "time": "2009/08/27 01:15:00"
      },
      {
        "y": 0.0,
        "time": "2009/08/27 01:30:00"
      },
      {
        "y": 0.0,
        "time": "2009/08/27 01:45:00"
      },
      {
        "y": 0.0,
        "time": "2009/08/27 02:00:00"
      },
      {
        "y": 0.0,
        "time": "2009/08/27 02:15:00"
      },
      {
        "y": 0.0,
        "time": "2009/08/27 02:30:00"
      },
      {
        "y": 0.0,
        "time": "2009/08/27 02:45:00"
      },
      {
        "y": 0.0,
        "time": "2009/08/27 03:00:00"
      },
      {
        "y": 0.0,
        "time": "2009/08/27 03:15:00"
      },
      {
        "y": 0.0,
        "time": "2009/08/27 03:30:00"
      },
      {
        "y": 0.0,
        "time": "2009/08/27 03:45:00"
      },
      {
        "y": 0.0,
        "time": "2009/08/27 04:00:00"
      },
      {
        "y": 0.0,
        "time": "2009/08/27 04:15:00"
      },
      {
        "y": 0.0,
        "time": "2009/08/27 04:30:00"
      },
      {
        "y": 0.0,
        "time": "2009/08/27 04:45:00"
      },
      {
        "y": 0.0,
        "time": "2009/08/27 05:00:00"
      },
      {
        "y": 0.0,
        "time": "2009/08/27 05:15:00"
      },
      {
        "y": 0.0,
        "time": "2009/08/27 05:30:00"
      },
      {
        "y": 0.0,
        "time": "2009/08/27 05:45:00"
      },
      {
        "y": 0.0,
        "time": "2009/08/27 06:00:00"
      },
      {
        "y": 0.0,
        "time": "2009/08/27 06:15:00"
      },
      {
        "y": 0.0,
        "time": "2009/08/27 06:30:00"
      },
      {
        "y": 0.0,
        "time": "2009/08/27 06:45:00"
      },
      {
        "y": 381944.976107,
        "time": "2009/08/27 07:00:00"
      },
      {
        "y": 0.0,
        "time": "2009/08/27 07:15:00"
      },
      {
        "y": 0.0,
        "time": "2009/08/27 07:30:00"
      },
      {
        "y": 4037330.828464,
        "time": "2009/08/27 07:45:00"
      },
      {
        "y": 7581035.767855,
        "time": "2009/08/27 08:00:00"
      },
      {
        "y": 6778779.716439,
        "time": "2009/08/27 08:15:00"
      },
      {
        "y": 6899519.112168,
        "time": "2009/08/27 08:30:00"
      },
      {
        "y": 5883984.836826,
        "time": "2009/08/27 08:45:00"
      },
      {
        "y": 5293787.743622,
        "time": "2009/08/27 09:00:00"
      },
      {
        "y": 4793647.079303,
        "time": "2009/08/27 09:15:00"
      },
      {
        "y": 4408554.864783,
        "time": "2009/08/27 09:30:00"
      },
      {
        "y": 4232710.512287,
        "time": "2009/08/27 09:45:00"
      },
      {
        "y": 3597618.246437,
        "time": "2009/08/27 10:00:00"
      },
      {
        "y": 3136142.560333,
        "time": "2009/08/27 10:15:00"
      },
      {
        "y": 2602573.091946,
        "time": "2009/08/27 10:30:00"
      },
      {
        "y": 2275211.63045,
        "time": "2009/08/27 10:45:00"
      },
      {
        "y": 1985383.378502,
        "time": "2009/08/27 11:00:00"
      },
      {
        "y": 1818067.657204,
        "time": "2009/08/27 11:15:00"
      },
      {
        "y": 1566389.624371,
        "time": "2009/08/27 11:30:00"
      },
      {
        "y": 1459322.059866,
        "time": "2009/08/27 11:45:00"
      },
      {
        "y": 1360195.653208,
        "time": "2009/08/27 12:00:00"
      },
      {
        "y": 1319929.440778,
        "time": "2009/08/27 12:15:00"
      },
      {
        "y": 1215057.133052,
        "time": "2009/08/27 12:30:00"
      },
      {
        "y": 1124372.25085,
        "time": "2009/08/27 12:45:00"
      },
      {
        "y": 1168639.89599,
        "time": "2009/08/27 13:00:00"
      },
      {
        "y": 1108422.134328,
        "time": "2009/08/27 13:15:00"
      },
      {
        "y": 1015962.974023,
        "time": "2009/08/27 13:30:00"
      },
      {
        "y": 986726.793427,
        "time": "2009/08/27 13:45:00"
      },
      {
        "y": 919891.800582,
        "time": "2009/08/27 14:00:00"
      },
      {
        "y": 887943.211017,
        "time": "2009/08/27 14:15:00"
      },
      {
        "y": 864803.720044,
        "time": "2009/08/27 14:30:00"
      },
      {
        "y": 872907.190821,
        "time": "2009/08/27 14:45:00"
      },
      {
        "y": 859294.193722,
        "time": "2009/08/27 15:00:00"
      },
      {
        "y": 830205.690113,
        "time": "2009/08/27 15:15:00"
      },
      {
        "y": 814279.141539,
        "time": "2009/08/27 15:30:00"
      },
      {
        "y": 791460.655735,
        "time": "2009/08/27 15:45:00"
      },
      {
        "y": 767549.124583,
        "time": "2009/08/27 16:00:00"
      },
      {
        "y": 764159.507293,
        "time": "2009/08/27 16:15:00"
      },
      {
        "y": 749806.137698,
        "time": "2009/08/27 16:30:00"
      },
      {
        "y": 743299.958429,
        "time": "2009/08/27 16:45:00"
      },
      {
        "y": 739003.979529,
        "time": "2009/08/27 17:00:00"
      },
      {
        "y": 795902.356268,
        "time": "2009/08/27 17:15:00"
      },
      {
        "y": 728785.403293,
        "time": "2009/08/27 17:30:00"
      },
      {
        "y": 785091.57421,
        "time": "2009/08/27 17:45:00"
      },
      {
        "y": 1001576.650027,
        "time": "2009/08/27 18:00:00"
      },
      {
        "y": 1327576.840633,
        "time": "2009/08/27 18:15:00"
      },
      {
        "y": 1590888.192609,
        "time": "2009/08/27 18:30:00"
      },
      {
        "y": 1601653.682375,
        "time": "2009/08/27 18:45:00"
      },
      {
        "y": 1673990.992739,
        "time": "2009/08/27 19:00:00"
      },
      {
        "y": 1911952.820818,
        "time": "2009/08/27 19:15:00"
      },
      {
        "y": 2895661.925147,
        "time": "2009/08/27 19:30:00"
      },
      {
        "y": 3801262.597692,
        "time": "2009/08/27 19:45:00"
      },
      {
        "y": 4440295.367194,
        "time": "2009/08/27 20:00:00"
      },
      {
        "y": 4956350.12673,
        "time": "2009/08/27 20:15:00"
      },
      {
        "y": 5419824.657644,
        "time": "2009/08/27 20:30:00"
      },
      {
        "y": 5472172.552791,
        "time": "2009/08/27 20:45:00"
      },
      {
        "y": 5832089.751198,
        "time": "2009/08/27 21:00:00"
      },
      {
        "y": 6379517.000701,
        "time": "2009/08/27 21:15:00"
      },
      {
        "y": 7021173.241739,
        "time": "2009/08/27 21:30:00"
      },
      {
        "y": 0.0,
        "time": "2009/08/27 21:45:00"
      },
      {
        "y": 0.0,
        "time": "2009/08/27 22:00:00"
      },
      {
        "y": 0.0,
        "time": "2009/08/27 22:15:00"
      },
      {
        "y": 0.0,
        "time": "2009/08/27 22:30:00"
      },
      {
        "y": 0.0,
        "time": "2009/08/27 22:45:00"
      },
      {
        "y": 0.0,
        "time": "2009/08/27 23:00:00"
      },
      {
        "y": 0.0,
        "time": "2009/08/27 23:15:00"
      },
      {
        "y": 0.0,
        "time": "2009/08/27 23:30:00"
      },
      {
        "y": 0.0,
        "time": "2009/08/27 23:45:00"
      }
    ],
    "cvrmse": 80.465476,
    "nmbe": -12.170138
  },
  {
    "name": " Metered",
    "type": "Heating:Electricity",
    "color": "red",
    "units": "J",
    "displayname": "Heating Consumption",
    "data": [
      {
        "y": 77158.836,
        "time": "2009/08/27 00:00:00"
      },
      {
        "y": 76618.656,
        "time": "2009/08/27 00:15:00"
      },
      {
        "y": 77117.292,
        "time": "2009/08/27 00:30:00"
      },
      {
        "y": 77200.38,
        "time": "2009/08/27 00:45:00"
      },
      {
        "y": 77117.292,
        "time": "2009/08/27 01:00:00"
      },
      {
        "y": 77117.292,
        "time": "2009/08/27 01:15:00"
      },
      {
        "y": 76951.08,
        "time": "2009/08/27 01:30:00"
      },
      {
        "y": 76992.624,
        "time": "2009/08/27 01:45:00"
      },
      {
        "y": 77158.836,
        "time": "2009/08/27 02:00:00"
      },
      {
        "y": 76826.412,
        "time": "2009/08/27 02:15:00"
      },
      {
        "y": 77657.472,
        "time": "2009/08/27 02:30:00"
      },
      {
        "y": 77158.836,
        "time": "2009/08/27 02:45:00"
      },
      {
        "y": 77117.292,
        "time": "2009/08/27 03:00:00"
      },
      {
        "y": 77117.292,
        "time": "2009/08/27 03:15:00"
      },
      {
        "y": 76951.08,
        "time": "2009/08/27 03:30:00"
      },
      {
        "y": 77200.38,
        "time": "2009/08/27 03:45:00"
      },
      {
        "y": 77117.292,
        "time": "2009/08/27 04:00:00"
      },
      {
        "y": 77158.836,
        "time": "2009/08/27 04:15:00"
      },
      {
        "y": 77200.416,
        "time": "2009/08/27 04:30:00"
      },
      {
        "y": 77532.804,
        "time": "2009/08/27 04:45:00"
      },
      {
        "y": 76951.08,
        "time": "2009/08/27 05:00:00"
      },
      {
        "y": 77325.048,
        "time": "2009/08/27 05:15:00"
      },
      {
        "y": 77075.748,
        "time": "2009/08/27 05:30:00"
      },
      {
        "y": 77657.472,
        "time": "2009/08/27 05:45:00"
      },
      {
        "y": 76701.78,
        "time": "2009/08/27 06:00:00"
      },
      {
        "y": 76120.056,
        "time": "2009/08/27 06:15:00"
      },
      {
        "y": 76535.568,
        "time": "2009/08/27 06:30:00"
      },
      {
        "y": 89997.66,
        "time": "2009/08/27 06:45:00"
      },
      {
        "y": 115384.5,
        "time": "2009/08/27 07:00:00"
      },
      {
        "y": 115218.324,
        "time": "2009/08/27 07:15:00"
      },
      {
        "y": 120827.988,
        "time": "2009/08/27 07:30:00"
      },
      {
        "y": 813225.636,
        "time": "2009/08/27 07:45:00"
      },
      {
        "y": 1771437.708,
        "time": "2009/08/27 08:00:00"
      },
      {
        "y": 2548852.596,
        "time": "2009/08/27 08:15:00"
      },
      {
        "y": 3734444.628,
        "time": "2009/08/27 08:30:00"
      },
      {
        "y": 3540573.828,
        "time": "2009/08/27 08:45:00"
      },
      {
        "y": 3391013.268,
        "time": "2009/08/27 09:00:00"
      },
      {
        "y": 3895855.02,
        "time": "2009/08/27 09:15:00"
      },
      {
        "y": 3934000.368,
        "time": "2009/08/27 09:30:00"
      },
      {
        "y": 3668768.388,
        "time": "2009/08/27 09:45:00"
      },
      {
        "y": 2599706.268,
        "time": "2009/08/27 10:00:00"
      },
      {
        "y": 2850958.764,
        "time": "2009/08/27 10:15:00"
      },
      {
        "y": 2840189.184,
        "time": "2009/08/27 10:30:00"
      },
      {
        "y": 2587256.028,
        "time": "2009/08/27 10:45:00"
      },
      {
        "y": 2414403.684,
        "time": "2009/08/27 11:00:00"
      },
      {
        "y": 2152877.004,
        "time": "2009/08/27 11:15:00"
      },
      {
        "y": 1924805.088,
        "time": "2009/08/27 11:30:00"
      },
      {
        "y": 1547263.6524,
        "time": "2009/08/27 11:45:00"
      },
      {
        "y": 1338850.728,
        "time": "2009/08/27 12:00:00"
      },
      {
        "y": 1225669.572,
        "time": "2009/08/27 12:15:00"
      },
      {
        "y": 1105218.72,
        "time": "2009/08/27 12:30:00"
      },
      {
        "y": 928676.664,
        "time": "2009/08/27 12:45:00"
      },
      {
        "y": 838800.252,
        "time": "2009/08/27 13:00:00"
      },
      {
        "y": 882874.224,
        "time": "2009/08/27 13:15:00"
      },
      {
        "y": 777749.076,
        "time": "2009/08/27 13:30:00"
      },
      {
        "y": 929446.704,
        "time": "2009/08/27 13:45:00"
      },
      {
        "y": 762960.924,
        "time": "2009/08/27 14:00:00"
      },
      {
        "y": 682984.98,
        "time": "2009/08/27 14:15:00"
      },
      {
        "y": 751992.084,
        "time": "2009/08/27 14:30:00"
      },
      {
        "y": 705916.728,
        "time": "2009/08/27 14:45:00"
      },
      {
        "y": 694733.94,
        "time": "2009/08/27 15:00:00"
      },
      {
        "y": 743050.116,
        "time": "2009/08/27 15:15:00"
      },
      {
        "y": 587443.932,
        "time": "2009/08/27 15:30:00"
      },
      {
        "y": 599985.9,
        "time": "2009/08/27 15:45:00"
      },
      {
        "y": 439731.756,
        "time": "2009/08/27 16:00:00"
      },
      {
        "y": 444207.312,
        "time": "2009/08/27 16:15:00"
      },
      {
        "y": 438013.656,
        "time": "2009/08/27 16:30:00"
      },
      {
        "y": 281490.732,
        "time": "2009/08/27 16:45:00"
      },
      {
        "y": 465714.648,
        "time": "2009/08/27 17:00:00"
      },
      {
        "y": 473977.728,
        "time": "2009/08/27 17:15:00"
      },
      {
        "y": 577255.284,
        "time": "2009/08/27 17:30:00"
      },
      {
        "y": 483810.804,
        "time": "2009/08/27 17:45:00"
      },
      {
        "y": 1017167.76,
        "time": "2009/08/27 18:00:00"
      },
      {
        "y": 1323926.424,
        "time": "2009/08/27 18:15:00"
      },
      {
        "y": 1626996.348,
        "time": "2009/08/27 18:30:00"
      },
      {
        "y": 1652401.656,
        "time": "2009/08/27 18:45:00"
      },
      {
        "y": 1709827.56,
        "time": "2009/08/27 19:00:00"
      },
      {
        "y": 2399850.252,
        "time": "2009/08/27 19:15:00"
      },
      {
        "y": 2595935.7,
        "time": "2009/08/27 19:30:00"
      },
      {
        "y": 3343416.084,
        "time": "2009/08/27 19:45:00"
      },
      {
        "y": 4213099.296,
        "time": "2009/08/27 20:00:00"
      },
      {
        "y": 5008293.54,
        "time": "2009/08/27 20:15:00"
      },
      {
        "y": 5925493.008,
        "time": "2009/08/27 20:30:00"
      },
      {
        "y": 6264808.956,
        "time": "2009/08/27 20:45:00"
      },
      {
        "y": 5968584.288,
        "time": "2009/08/27 21:00:00"
      },
      {
        "y": 6976277.604,
        "time": "2009/08/27 21:15:00"
      },
      {
        "y": 9092775.6,
        "time": "2009/08/27 21:30:00"
      },
      {
        "y": 4766712.768,
        "time": "2009/08/27 21:45:00"
      },
      {
        "y": 77408.1,
        "time": "2009/08/27 22:00:00"
      },
      {
        "y": 78114.492,
        "time": "2009/08/27 22:15:00"
      },
      {
        "y": 77325.012,
        "time": "2009/08/27 22:30:00"
      },
      {
        "y": 77158.836,
        "time": "2009/08/27 22:45:00"
      },
      {
        "y": 76867.956,
        "time": "2009/08/27 23:00:00"
      },
      {
        "y": 76909.5,
        "time": "2009/08/27 23:15:00"
      },
      {
        "y": 76618.656,
        "time": "2009/08/27 23:30:00"
      },
      {
        "y": 77200.38,
        "time": "2009/08/27 23:45:00"
      }
    ],
    "cvrmse": 80.465476,
    "nmbe": -12.170138
  }
]