{
  "Low fault schedules": {
    "csv_name": "../../../lib/resources/Master_Condenser_Fouling_28pct.csv",
    "applicable": true
  },
  "custom run period": {
    "runPeriodName": "custom run period",
    "start_date": "2016-8-10",
    "end_date": "2016-9-3",
    "daylightsavings": false,
    "holiday": false,
    "applicable": true
  },
  "Change Start Day of Week": {
    "run_period_type": "RunPeriod",
    "applicable": true
  },
  "duct leakage": {
    "upstream_fraction": 0.0121705692534106,
    "downstream_fraction": 0.119758221206572,
    "applicable": true
  },
  "OpenStudio Results": {
    "building_summary_section": true,
    "annual_overview_section": true,
    "monthly_overview_section": true,
    "utility_bills_rates_section": true,
    "envelope_section_section": true,
    "space_type_breakdown_section": true,
    "space_type_details_section": true,
    "interior_lighting_section": true,
    "plug_loads_section": true,
    "exterior_light_section": true,
    "water_use_section": true,
    "hvac_load_profile": true,
    "zone_condition_section": true,
    "zone_summary_section": true,
    "zone_equipment_detail_section": true,
    "air_loops_detail_section": true,
    "plant_loops_detail_section": true,
    "outdoor_air_section": true,
    "cost_summary_section": true,
    "source_energy_section": true,
    "schedules_overview_section": true,
    "building_name": "building_name",
    "net_site_energy": 22776.045401129017,
    "total_building_area": 3528.517473701614,
    "eui": 6.45484840896527,
    "unmet_hours_during_heating": 8.25,
    "unmet_hours_during_cooling": 0.0,
    "unmet_hours_during_occupied_heating": 0.0,
    "unmet_hours_during_occupied_cooling": 0.0,
    "unmet_hours_tolerance_heating": 0.36,
    "unmet_hours_tolerance_cooling": 0.36,
    "end_use_heating": 1450.1601940793753,
    "end_use_cooling": 8786.264705304451,
    "end_use_interior_lighting": 3232.056380268412,
    "end_use_exterior_lighting": 0.0,
    "end_use_interior_equipment": 7004.3685191154145,
    "end_use_exterior_equipment": 0.0,
    "end_use_fans": 2303.195602361361,
    "end_use_pumps": 0.0,
    "end_use_heat_rejection": 0.0,
    "end_use_humidification": 0.0,
    "end_use_heat_recovery": 0.0,
    "end_use_water_systems": 0.0,
    "end_use_refrigeration": 0.0,
    "end_use_generators": 0.0,
    "fuel_electricity": 22776.045401129017,
    "fuel_natural_gas": 0.0,
    "fuel_additional_fuel": 0.0,
    "fuel_district_cooling": 0.0,
    "fuel_district_heating": 0.0,
    "end_use_electricity_heating": 425.0,
    "end_use_electricity_cooling": 2575.0,
    "end_use_electricity_interior_lighting": 947.2222222222223,
    "end_use_electricity_exterior_lighting": 0.0,
    "end_use_electricity_interior_equipment": 2052.777777777778,
    "end_use_electricity_exterior_equipment": 0.0,
    "end_use_electricity_fans": 675.0,
    "end_use_electricity_pumps": 0.0,
    "end_use_electricity_heat_rejection": 0.0,
    "end_use_electricity_humidification": 0.0,
    "end_use_electricity_heat_recovery": 0.0,
    "end_use_electricity_water_systems": 0.0,
    "end_use_electricity_refrigeration": 0.0,
    "end_use_electricity_generators": 0.0,
    "end_use_natural_gas_heating": 0.0,
    "end_use_natural_gas_cooling": 0.0,
    "end_use_natural_gas_interior_lighting": 0.0,
    "end_use_natural_gas_exterior_lighting": 0.0,
    "end_use_natural_gas_interior_equipment": 0.0,
    "end_use_natural_gas_exterior_equipment": 0.0,
    "end_use_natural_gas_fans": 0.0,
    "end_use_natural_gas_pumps": 0.0,
    "end_use_natural_gas_heat_rejection": 0.0,
    "end_use_natural_gas_humidification": 0.0,
    "end_use_natural_gas_heat_recovery": 0.0,
    "end_use_natural_gas_water_systems": 0.0,
    "end_use_natural_gas_refrigeration": 0.0,
    "end_use_natural_gas_generators": 0.0,
    "electricity_heating_ip": 425.41194444444443,
    "electricity_cooling_ip": 2574.4744444444445,
    "electricity_interior_lighting_ip": 946.3758333333334,
    "electricity_exterior_lighting_ip": 0.0,
    "electricity_interior_equipment_ip": 2053.6847222222223,
    "electricity_exterior_equipment_ip": 0.0,
    "electricity_fans_ip": 676.2122222222223,
    "electricity_pumps_ip": 0.0,
    "electricity_heat_rejection_ip": 0.0,
    "electricity_humidification_ip": 0.0,
    "electricity_heat_recovery_ip": 0.0,
    "electricity_water_systems_ip": 0.0,
    "electricity_refrigeration_ip": 0.0,
    "electricity_generators_ip": 0.0,
    "electricity_ip": 6676.159166666667,
    "natural_gas_heating_ip": 0.0,
    "natural_gas_cooling_ip": 0.0,
    "natural_gas_interior_lighting_ip": 0.0,
    "natural_gas_exterior_lighting_ip": 0.0,
    "natural_gas_interior_equipment_ip": 0.0,
    "natural_gas_exterior_equipment_ip": 0.0,
    "natural_gas_fans_ip": 0.0,
    "natural_gas_pumps_ip": 0.0,
    "natural_gas_heat_rejection_ip": 0.0,
    "natural_gas_humidification_ip": 0.0,
    "natural_gas_heat_recovery_ip": 0.0,
    "natural_gas_water_systems_ip": 0.0,
    "natural_gas_refrigeration_ip": 0.0,
    "natural_gas_generators_ip": 0.0,
    "natural_gas_ip": 0.0,
    "additional_fuel_heating_ip": 0.0,
    "additional_fuel_cooling_ip": 0.0,
    "additional_fuel_interior_lighting_ip": 0.0,
    "additional_fuel_exterior_lighting_ip": 0.0,
    "additional_fuel_interior_equipment_ip": 0.0,
    "additional_fuel_exterior_equipment_ip": 0.0,
    "additional_fuel_fans_ip": 0.0,
    "additional_fuel_pumps_ip": 0.0,
    "additional_fuel_heat_rejection_ip": 0.0,
    "additional_fuel_humidification_ip": 0.0,
    "additional_fuel_heat_recovery_ip": 0.0,
    "additional_fuel_water_systems_ip": 0.0,
    "additional_fuel_refrigeration_ip": 0.0,
    "additional_fuel_generators_ip": 0.0,
    "additional_fuel_ip": 0.0,
    "district_cooling_heating_ip": 0.0,
    "district_cooling_cooling_ip": 0.0,
    "district_cooling_interior_lighting_ip": 0.0,
    "district_cooling_exterior_lighting_ip": 0.0,
    "district_cooling_interior_equipment_ip": 0.0,
    "district_cooling_exterior_equipment_ip": 0.0,
    "district_cooling_fans_ip": 0.0,
    "district_cooling_pumps_ip": 0.0,
    "district_cooling_heat_rejection_ip": 0.0,
    "district_cooling_humidification_ip": 0.0,
    "district_cooling_heat_recovery_ip": 0.0,
    "district_cooling_water_systems_ip": 0.0,
    "district_cooling_refrigeration_ip": 0.0,
    "district_cooling_generators_ip": 0.0,
    "district_cooling_ip": 0.0,
    "district_heating_heating_ip": 0.0,
    "district_heating_cooling_ip": 0.0,
    "district_heating_interior_lighting_ip": 0.0,
    "district_heating_exterior_lighting_ip": 0.0,
    "district_heating_interior_equipment_ip": 0.0,
    "district_heating_exterior_equipment_ip": 0.0,
    "district_heating_fans_ip": 0.0,
    "district_heating_pumps_ip": 0.0,
    "district_heating_heat_rejection_ip": 0.0,
    "district_heating_humidification_ip": 0.0,
    "district_heating_heat_recovery_ip": 0.0,
    "district_heating_water_systems_ip": 0.0,
    "district_heating_refrigeration_ip": 0.0,
    "district_heating_generators_ip": 0.0,
    "district_heating_ip": 0.0,
    "water_heating_ip": 0.0,
    "water_cooling_ip": 0.0,
    "water_interior_lighting_ip": 0.0,
    "water_exterior_lighting_ip": 0.0,
    "water_interior_equipment_ip": 0.0,
    "water_exterior_equipment_ip": 0.0,
    "water_fans_ip": 0.0,
    "water_pumps_ip": 0.0,
    "water_heat_rejection_ip": 0.0,
    "water_humidification_ip": 0.0,
    "water_heat_recovery_ip": 0.0,
    "water_water_systems_ip": 0.0,
    "water_refrigeration_ip": 0.0,
    "water_generators_ip": 0.0,
    "water_ip": 0.0,
    "_2_frp_ext_wall_adj_exterior_wall_insulation": 2540.3204636920386,
    "_2_frp_roof_adj_exterior_wall_insulation": 1764.0,
    "hybrid_spray_foam_in_adj_exterior_wall_insulation": 408.00000000000006,
    "rigid_foam_board_in_adj_exterior_wall_insulation": 436.00000000000006,
    "door": 68.44444444444441,
    "windows_double": 1140.0006211723537,
    "gross_window_wall_ratio": 26.31,
    "gross_window_wall_ratio_conditioned": 26.34,
    "skylight_roof_ratio": 0.0,
    "space_type_plenum_space_type": 0.0,
    "space_type_primary_entry": 171.63888888888897,
    "space_type_no_space_type": 3356.858705161855,
    "exterior_lighting_total_power": 0.0,
    "exterior_lighting_total_consumption": 6675.0,
    "inflation_approach": "Constant Dollar",
    "analysis_length": 25,
    "annual_peak_electric_demand": 38.13147,
    "first_year_capital_cost": 0.0,
    "annual_utility_cost": 0.0,
    "total_lifecycle_cost": 0.0,
    "applicable": true
  },
  "low fault RTU exit": {
    "csv_name": "../../../lib/resources/Master_Condenser_Fouling_28pct.csv",
    "csv_time_header": "TIMESTAMP",
    "csv_var": "T_Sup_tot_Avg",
    "convert_data": "F to C",
    "csv_var_dn": "T_Sup_tot_Avg",
    "year": true,
    "seconds": false,
    "key_value": "ROOFTOP SUPPLY FAN OUTLET",
    "timeseries_name": "System Node Temperature",
    "reporting_frequency": "Timestep",
    "environment_period": "custom run period",
    "norm": 1.0,
    "scale": 1.0,
    "find_avail": true,
    "algorithm_download": true,
    "plot_flag": true,
    "plot_name": "RTU Exit",
    "verbose_messages": false,
    "warning_messages": true,
    "add_first_zero_for_plots": false,
    "add_last_zero_for_plots": false,
    "diff": 59.22684784352806,
    "simdata": 762.501266776196,
    "csvdata": 813.698424,
    "cvrmse": 10.24243417213577,
    "nmbe": 6.291908121454575,
    "applicable": true
  },
  "low fault RTU enter": {
    "csv_name": "../../../lib/resources/Master_Condenser_Fouling_28pct.csv",
    "csv_time_header": "TIMESTAMP",
    "csv_var": "T_Ret_Avg",
    "convert_data": "F to C",
    "csv_var_dn": "T_Ret_Avg",
    "year": true,
    "seconds": false,
    "key_value": "ROOFTOP MIXED AIR OUTLET",
    "timeseries_name": "System Node Temperature",
    "reporting_frequency": "Timestep",
    "environment_period": "custom run period",
    "norm": 1.0,
    "scale": 1.0,
    "find_avail": true,
    "algorithm_download": true,
    "plot_flag": true,
    "plot_name": "RTU Enter",
    "verbose_messages": false,
    "warning_messages": true,
    "add_first_zero_for_plots": false,
    "add_last_zero_for_plots": false,
    "diff": 38.99432621102748,
    "simdata": 1405.066892984227,
    "csvdata": 1369.5095520000002,
    "cvrmse": 3.464056287867014,
    "nmbe": -2.5963558218560827,
    "applicable": true
  },
  "low fault cooling consumption": {
    "csv_name": "../../../lib/resources/Master_Condenser_Fouling_28pct.csv",
    "csv_time_header": "TIMESTAMP",
    "csv_var": "Cooling_Tot_electric",
    "convert_data": "WH to J",
    "csv_var_dn": "Cooling_Tot_electric",
    "year": true,
    "seconds": false,
    "key_value": "Rooftop Cooling Coil",
    "timeseries_name": "Cooling Coil Electric Energy",
    "reporting_frequency": "Timestep",
    "environment_period": "custom run period",
    "norm": 1.0,
    "scale": 1.0,
    "find_avail": true,
    "algorithm_download": true,
    "plot_flag": true,
    "plot_name": "Cooling Consumption",
    "verbose_messages": false,
    "warning_messages": true,
    "add_first_zero_for_plots": false,
    "add_last_zero_for_plots": false,
    "diff": 87965962.7600022,
    "simdata": 339833102.19679356,
    "csvdata": 405090303.83999985,
    "cvrmse": 33.35455209943817,
    "nmbe": 16.109297365207073,
    "applicable": true
  },
  "low fault heating": {
    "csv_name": "../../../lib/resources/Master_Condenser_Fouling_28pct.csv",
    "csv_time_header": "TIMESTAMP",
    "csv_var": "Heating_Tot_electric",
    "convert_data": "WH to J",
    "csv_var_dn": "Heating_Tot_electric",
    "year": true,
    "seconds": false,
    "key_value": "no_key",
    "timeseries_name": "Heating:Electricity",
    "reporting_frequency": "Timestep",
    "environment_period": "custom run period",
    "norm": 1.0,
    "scale": 1.0,
    "find_avail": true,
    "algorithm_download": false,
    "plot_flag": true,
    "plot_name": "Heating Consumption",
    "verbose_messages": false,
    "warning_messages": true,
    "add_first_zero_for_plots": false,
    "add_last_zero_for_plots": false,
    "diff": 123628411.3246626,
    "simdata": 14128079.958249904,
    "csvdata": 130401622.97640002,
    "cvrmse": 160.4494691520321,
    "nmbe": 89.16571769907587,
    "applicable": true
  },
  "low fault total": {
    "csv_name": "../../../lib/resources/Master_Condenser_Fouling_28pct.csv",
    "csv_time_header": "TIMESTAMP",
    "csv_var": "WH_Total_electric",
    "convert_data": "WH to J",
    "csv_var_dn": "WH_Total_electric",
    "year": true,
    "seconds": false,
    "key_value": "no_key",
    "timeseries_name": "Electricity:Facility",
    "reporting_frequency": "Timestep",
    "environment_period": "custom run period",
    "norm": 1.0,
    "scale": 1.0,
    "find_avail": true,
    "algorithm_download": true,
    "plot_flag": true,
    "plot_name": "Total Consumption",
    "verbose_messages": false,
    "warning_messages": true,
    "add_first_zero_for_plots": false,
    "add_last_zero_for_plots": false,
    "diff": 198950405.6895787,
    "simdata": 861476302.4795259,
    "csvdata": 1040163573.5960398,
    "cvrmse": 27.486928319829115,
    "nmbe": 17.178766460621098,
    "applicable": true
  },
  "Lighting Consumption": {
    "csv_name": "../../../lib/resources/Master_Condenser_Fouling_baseline.csv",
    "csv_time_header": "TIMESTAMP",
    "csv_var": "Lights_Tot",
    "convert_data": "WH to J",
    "csv_var_dn": "Lights_Tot",
    "year": true,
    "seconds": false,
    "key_value": "no_key",
    "timeseries_name": "InteriorLights:Electricity",
    "reporting_frequency": "Timestep",
    "environment_period": "custom run period",
    "norm": 1.0,
    "scale": 1.0,
    "find_avail": true,
    "algorithm_download": false,
    "plot_flag": true,
    "plot_name": "Lighting Consumption",
    "verbose_messages": false,
    "warning_messages": true,
    "add_first_zero_for_plots": false,
    "add_last_zero_for_plots": false,
    "diff": 19902303.26374477,
    "simdata": 136530954.4358086,
    "csvdata": 130970220.51599997,
    "cvrmse": 23.175434505117444,
    "nmbe": -4.245800226876228,
    "applicable": true
  },
  "low fault equip": {
    "csv_name": "../../../lib/resources/Master_Condenser_Fouling_28pct.csv",
    "csv_time_header": "TIMESTAMP",
    "csv_var": "Plugloads_Tot",
    "convert_data": "WH to J",
    "csv_var_dn": "Plugloads_Tot",
    "year": true,
    "seconds": false,
    "key_value": "no_key",
    "timeseries_name": "InteriorEquipment:Electricity",
    "reporting_frequency": "Timestep",
    "environment_period": "custom run period",
    "norm": 1.0,
    "scale": 1.0,
    "find_avail": true,
    "algorithm_download": true,
    "plot_flag": true,
    "plot_name": "Equipment Consumption",
    "verbose_messages": false,
    "warning_messages": true,
    "add_first_zero_for_plots": false,
    "add_last_zero_for_plots": false,
    "diff": 1363167.7930330816,
    "simdata": 279394521.9200362,
    "csvdata": 278605687.9316399,
    "cvrmse": 2.8867284722408417,
    "nmbe": -0.28313635455629743,
    "applicable": true
  },
  "low fault fan": {
    "csv_name": "../../../lib/resources/Master_Condenser_Fouling_28pct.csv",
    "csv_time_header": "TIMESTAMP",
    "csv_var": "WH_RTU_EvapFan_Tot",
    "convert_data": "WH to J",
    "csv_var_dn": "WH_RTU_EvapFan_Tot",
    "year": true,
    "seconds": false,
    "key_value": "ROOFTOP SUPPLY FAN",
    "timeseries_name": "Fan Electric Energy",
    "reporting_frequency": "Timestep",
    "environment_period": "custom run period",
    "norm": 1.0,
    "scale": 1.0,
    "find_avail": true,
    "algorithm_download": true,
    "plot_flag": true,
    "plot_name": "Fan Consumption",
    "verbose_messages": false,
    "warning_messages": true,
    "add_first_zero_for_plots": false,
    "add_last_zero_for_plots": false,
    "diff": 23227405.271999992,
    "simdata": 97374535.70400012,
    "csvdata": 117459853.92,
    "cvrmse": 24.762148412379194,
    "nmbe": 17.09973028714966,
    "applicable": true
  },
  "low fault OA": {
    "csv_name": "../../../lib/resources/Master_Condenser_Fouling_28pct.csv",
    "csv_time_header": "TIMESTAMP",
    "csv_var": "T_out_Avg",
    "convert_data": "F to C",
    "csv_var_dn": "T_out_Avg",
    "year": true,
    "seconds": false,
    "key_value": "Environment",
    "timeseries_name": "Site Outdoor Air Drybulb Temperature",
    "reporting_frequency": "Timestep",
    "environment_period": "custom run period",
    "norm": 1.0,
    "scale": 1.0,
    "find_avail": true,
    "algorithm_download": true,
    "plot_flag": true,
    "plot_name": "Outdoor Air Temperature",
    "verbose_messages": false,
    "warning_messages": true,
    "add_first_zero_for_plots": false,
    "add_last_zero_for_plots": false,
    "diff": 2.8349119999999743,
    "simdata": 2203.3999999999996,
    "csvdata": 2203.5096000000003,
    "cvrmse": 0.152990021555757,
    "nmbe": 0.0049738834811501485,
    "applicable": true
  }
}