[
  {
    "name": " Simulated",
    "type": "Electricity:Facility",
    "color": "blue",
    "units": "J",
    "displayname": "Total Consumption",
    "data": [
      {
        "y": 1591334.46522,
        "time": "2009/09/02 00:00:00"
      },
      {
        "y": 2238438.744,
        "time": "2009/09/02 00:15:00"
      },
      {
        "y": 5268377.736,
        "time": "2009/09/02 00:30:00"
      },
      {
        "y": 2100123.18,
        "time": "2009/09/02 00:45:00"
      },
      {
        "y": 859528.4328,
        "time": "2009/09/02 01:00:00"
      },
      {
        "y": 4019426.928,
        "time": "2009/09/02 01:15:00"
      },
      {
        "y": 4761366.264,
        "time": "2009/09/02 01:30:00"
      },
      {
        "y": 883671.5124,
        "time": "2009/09/02 01:45:00"
      },
      {
        "y": 878874.62004,
        "time": "2009/09/02 02:00:00"
      },
      {
        "y": 876474.35244,
        "time": "2009/09/02 02:15:00"
      },
      {
        "y": 1666036.08,
        "time": "2009/09/02 02:30:00"
      },
      {
        "y": 5303830.644,
        "time": "2009/09/02 02:45:00"
      },
      {
        "y": 2721342.348,
        "time": "2009/09/02 03:00:00"
      },
      {
        "y": 4311445.932,
        "time": "2009/09/02 03:15:00"
      },
      {
        "y": 4481363.196,
        "time": "2009/09/02 03:30:00"
      },
      {
        "y": 858229.0488,
        "time": "2009/09/02 03:45:00"
      },
      {
        "y": 857964.9564,
        "time": "2009/09/02 04:00:00"
      },
      {
        "y": 858539.3688,
        "time": "2009/09/02 04:15:00"
      },
      {
        "y": 858157.0164,
        "time": "2009/09/02 04:30:00"
      },
      {
        "y": 5196945.384,
        "time": "2009/09/02 04:45:00"
      },
      {
        "y": 3609427.932,
        "time": "2009/09/02 05:00:00"
      },
      {
        "y": 3422984.076,
        "time": "2009/09/02 05:15:00"
      },
      {
        "y": 5299349.688,
        "time": "2009/09/02 05:30:00"
      },
      {
        "y": 950287.356,
        "time": "2009/09/02 05:45:00"
      },
      {
        "y": 856773.5328,
        "time": "2009/09/02 06:00:00"
      },
      {
        "y": 1344759.618054,
        "time": "2009/09/02 06:15:00"
      },
      {
        "y": 5228776.152,
        "time": "2009/09/02 06:30:00"
      },
      {
        "y": 3557561.4,
        "time": "2009/09/02 06:45:00"
      },
      {
        "y": 11701652.399538,
        "time": "2009/09/02 07:00:00"
      },
      {
        "y": 12670373.045654,
        "time": "2009/09/02 07:15:00"
      },
      {
        "y": 14419282.60827,
        "time": "2009/09/02 07:30:00"
      },
      {
        "y": 21617282.963244,
        "time": "2009/09/02 07:45:00"
      },
      {
        "y": 24062349.855867,
        "time": "2009/09/02 08:00:00"
      },
      {
        "y": 25280123.053324,
        "time": "2009/09/02 08:15:00"
      },
      {
        "y": 25163407.667517,
        "time": "2009/09/02 08:30:00"
      },
      {
        "y": 24556674.246465,
        "time": "2009/09/02 08:45:00"
      },
      {
        "y": 24000233.591956,
        "time": "2009/09/02 09:00:00"
      },
      {
        "y": 23934304.645148,
        "time": "2009/09/02 09:15:00"
      },
      {
        "y": 24147659.160871,
        "time": "2009/09/02 09:30:00"
      },
      {
        "y": 23833665.445016,
        "time": "2009/09/02 09:45:00"
      },
      {
        "y": 23682010.726781,
        "time": "2009/09/02 10:00:00"
      },
      {
        "y": 23621093.64776,
        "time": "2009/09/02 10:15:00"
      },
      {
        "y": 23519664.458922,
        "time": "2009/09/02 10:30:00"
      },
      {
        "y": 23059864.172536,
        "time": "2009/09/02 10:45:00"
      },
      {
        "y": 23026115.848853,
        "time": "2009/09/02 11:00:00"
      },
      {
        "y": 23140196.37697,
        "time": "2009/09/02 11:15:00"
      },
      {
        "y": 22899277.828823,
        "time": "2009/09/02 11:30:00"
      },
      {
        "y": 22307015.929094,
        "time": "2009/09/02 11:45:00"
      },
      {
        "y": 22036469.659146,
        "time": "2009/09/02 12:00:00"
      },
      {
        "y": 21776182.976634,
        "time": "2009/09/02 12:15:00"
      },
      {
        "y": 22355789.37416,
        "time": "2009/09/02 12:30:00"
      },
      {
        "y": 22066005.909615,
        "time": "2009/09/02 12:45:00"
      },
      {
        "y": 20508775.586041,
        "time": "2009/09/02 13:00:00"
      },
      {
        "y": 22471529.079797,
        "time": "2009/09/02 13:15:00"
      },
      {
        "y": 22575174.285515,
        "time": "2009/09/02 13:30:00"
      },
      {
        "y": 22059045.196821,
        "time": "2009/09/02 13:45:00"
      },
      {
        "y": 22045162.209154,
        "time": "2009/09/02 14:00:00"
      },
      {
        "y": 22134280.466112,
        "time": "2009/09/02 14:15:00"
      },
      {
        "y": 22089269.577684,
        "time": "2009/09/02 14:30:00"
      },
      {
        "y": 21936257.984699,
        "time": "2009/09/02 14:45:00"
      },
      {
        "y": 21939503.298498,
        "time": "2009/09/02 15:00:00"
      },
      {
        "y": 22050411.238547,
        "time": "2009/09/02 15:15:00"
      },
      {
        "y": 22030960.919145,
        "time": "2009/09/02 15:30:00"
      },
      {
        "y": 22287723.861245,
        "time": "2009/09/02 15:45:00"
      },
      {
        "y": 22077287.622904,
        "time": "2009/09/02 16:00:00"
      },
      {
        "y": 21800544.064465,
        "time": "2009/09/02 16:15:00"
      },
      {
        "y": 20904823.832508,
        "time": "2009/09/02 16:30:00"
      },
      {
        "y": 19622034.261687,
        "time": "2009/09/02 16:45:00"
      },
      {
        "y": 19428605.06401,
        "time": "2009/09/02 17:00:00"
      },
      {
        "y": 18056524.475795,
        "time": "2009/09/02 17:15:00"
      },
      {
        "y": 20285412.708443,
        "time": "2009/09/02 17:30:00"
      },
      {
        "y": 18122965.299702,
        "time": "2009/09/02 17:45:00"
      },
      {
        "y": 17059907.531642,
        "time": "2009/09/02 18:00:00"
      },
      {
        "y": 16453194.395213,
        "time": "2009/09/02 18:15:00"
      },
      {
        "y": 15414741.356349,
        "time": "2009/09/02 18:30:00"
      },
      {
        "y": 15043670.200389,
        "time": "2009/09/02 18:45:00"
      },
      {
        "y": 13683993.842962,
        "time": "2009/09/02 19:00:00"
      },
      {
        "y": 18722816.549029,
        "time": "2009/09/02 19:15:00"
      },
      {
        "y": 16593081.906076,
        "time": "2009/09/02 19:30:00"
      },
      {
        "y": 17704577.371825,
        "time": "2009/09/02 19:45:00"
      },
      {
        "y": 18721229.700336,
        "time": "2009/09/02 20:00:00"
      },
      {
        "y": 19395892.693706,
        "time": "2009/09/02 20:15:00"
      },
      {
        "y": 19853969.760244,
        "time": "2009/09/02 20:30:00"
      },
      {
        "y": 22782476.323474,
        "time": "2009/09/02 20:45:00"
      },
      {
        "y": 20226261.902375,
        "time": "2009/09/02 21:00:00"
      },
      {
        "y": 20266050.505905,
        "time": "2009/09/02 21:15:00"
      },
      {
        "y": 20330724.640969,
        "time": "2009/09/02 21:30:00"
      },
      {
        "y": 1261620.396,
        "time": "2009/09/02 21:45:00"
      },
      {
        "y": 3713279.796,
        "time": "2009/09/02 22:00:00"
      },
      {
        "y": 834012.326343,
        "time": "2009/09/02 22:15:00"
      },
      {
        "y": 844092.35604,
        "time": "2009/09/02 22:30:00"
      },
      {
        "y": 3825952.488,
        "time": "2009/09/02 22:45:00"
      },
      {
        "y": 842228.63244,
        "time": "2009/09/02 23:00:00"
      },
      {
        "y": 3765214.292403,
        "time": "2009/09/02 23:15:00"
      },
      {
        "y": 842554.6848,
        "time": "2009/09/02 23:30:00"
      },
      {
        "y": 841608.06444,
        "time": "2009/09/02 23:45:00"
      }
    ],
    "cvrmse": 16.671272,
    "nmbe": -1.044517
  },
  {
    "name": " Metered",
    "type": "Electricity:Facility",
    "color": "red",
    "units": "J",
    "displayname": "Total Consumption",
    "data": [
      {
        "y": 1016794.46844,
        "time": "2009/09/02 00:00:00"
      },
      {
        "y": 2414702.91564,
        "time": "2009/09/02 00:15:00"
      },
      {
        "y": 5444718.948,
        "time": "2009/09/02 00:30:00"
      },
      {
        "y": 2276430.94764,
        "time": "2009/09/02 00:45:00"
      },
      {
        "y": 1036461.48444,
        "time": "2009/09/02 01:00:00"
      },
      {
        "y": 4196229.228,
        "time": "2009/09/02 01:15:00"
      },
      {
        "y": 4938413.832,
        "time": "2009/09/02 01:30:00"
      },
      {
        "y": 1059351.98004,
        "time": "2009/09/02 01:45:00"
      },
      {
        "y": 1054772.92368,
        "time": "2009/09/02 02:00:00"
      },
      {
        "y": 1052416.21608,
        "time": "2009/09/02 02:15:00"
      },
      {
        "y": 1842098.57964,
        "time": "2009/09/02 02:30:00"
      },
      {
        "y": 5481169.056,
        "time": "2009/09/02 02:45:00"
      },
      {
        "y": 2898522.64764,
        "time": "2009/09/02 03:00:00"
      },
      {
        "y": 4489037.748,
        "time": "2009/09/02 03:15:00"
      },
      {
        "y": 4658578.956,
        "time": "2009/09/02 03:30:00"
      },
      {
        "y": 1036535.2488,
        "time": "2009/09/02 03:45:00"
      },
      {
        "y": 1035188.7804,
        "time": "2009/09/02 04:00:00"
      },
      {
        "y": 1037011.78044,
        "time": "2009/09/02 04:15:00"
      },
      {
        "y": 1035839.91204,
        "time": "2009/09/02 04:30:00"
      },
      {
        "y": 5374990.188,
        "time": "2009/09/02 04:45:00"
      },
      {
        "y": 3787061.22,
        "time": "2009/09/02 05:00:00"
      },
      {
        "y": 3601533.528,
        "time": "2009/09/02 05:15:00"
      },
      {
        "y": 5477186.7,
        "time": "2009/09/02 05:30:00"
      },
      {
        "y": 1127679.408,
        "time": "2009/09/02 05:45:00"
      },
      {
        "y": 1033706.5488,
        "time": "2009/09/02 06:00:00"
      },
      {
        "y": 1498183.668,
        "time": "2009/09/02 06:15:00"
      },
      {
        "y": 5403372.264,
        "time": "2009/09/02 06:30:00"
      },
      {
        "y": 5109258.456,
        "time": "2009/09/02 06:45:00"
      },
      {
        "y": 7551597.7728,
        "time": "2009/09/02 07:00:00"
      },
      {
        "y": 14417046.324,
        "time": "2009/09/02 07:15:00"
      },
      {
        "y": 16555083.768,
        "time": "2009/09/02 07:30:00"
      },
      {
        "y": 15644188.404,
        "time": "2009/09/02 07:45:00"
      },
      {
        "y": 14962137.732,
        "time": "2009/09/02 08:00:00"
      },
      {
        "y": 18147052.944,
        "time": "2009/09/02 08:15:00"
      },
      {
        "y": 19873716.336,
        "time": "2009/09/02 08:30:00"
      },
      {
        "y": 20898746.856,
        "time": "2009/09/02 08:45:00"
      },
      {
        "y": 19705223.844,
        "time": "2009/09/02 09:00:00"
      },
      {
        "y": 20302528.68,
        "time": "2009/09/02 09:15:00"
      },
      {
        "y": 22109045.904,
        "time": "2009/09/02 09:30:00"
      },
      {
        "y": 20681868.096,
        "time": "2009/09/02 09:45:00"
      },
      {
        "y": 20851268.328,
        "time": "2009/09/02 10:00:00"
      },
      {
        "y": 21337780.536,
        "time": "2009/09/02 10:15:00"
      },
      {
        "y": 22654788.012,
        "time": "2009/09/02 10:30:00"
      },
      {
        "y": 22141683.216,
        "time": "2009/09/02 10:45:00"
      },
      {
        "y": 21811567.032,
        "time": "2009/09/02 11:00:00"
      },
      {
        "y": 22697977.896,
        "time": "2009/09/02 11:15:00"
      },
      {
        "y": 22756246.956,
        "time": "2009/09/02 11:30:00"
      },
      {
        "y": 21654942.048,
        "time": "2009/09/02 11:45:00"
      },
      {
        "y": 21402283.932,
        "time": "2009/09/02 12:00:00"
      },
      {
        "y": 21418282.872,
        "time": "2009/09/02 12:15:00"
      },
      {
        "y": 21858243.084,
        "time": "2009/09/02 12:30:00"
      },
      {
        "y": 22005084.456,
        "time": "2009/09/02 12:45:00"
      },
      {
        "y": 19737457.632,
        "time": "2009/09/02 13:00:00"
      },
      {
        "y": 22337249.94,
        "time": "2009/09/02 13:15:00"
      },
      {
        "y": 23011443.972,
        "time": "2009/09/02 13:30:00"
      },
      {
        "y": 21964645.908,
        "time": "2009/09/02 13:45:00"
      },
      {
        "y": 21520530.9,
        "time": "2009/09/02 14:00:00"
      },
      {
        "y": 21985646.436,
        "time": "2009/09/02 14:15:00"
      },
      {
        "y": 22348510.704,
        "time": "2009/09/02 14:30:00"
      },
      {
        "y": 21267976.248,
        "time": "2009/09/02 14:45:00"
      },
      {
        "y": 21422090.628,
        "time": "2009/09/02 15:00:00"
      },
      {
        "y": 21684288.168,
        "time": "2009/09/02 15:15:00"
      },
      {
        "y": 21770841.312,
        "time": "2009/09/02 15:30:00"
      },
      {
        "y": 22892512.32,
        "time": "2009/09/02 15:45:00"
      },
      {
        "y": 21983348.232,
        "time": "2009/09/02 16:00:00"
      },
      {
        "y": 21729102.696,
        "time": "2009/09/02 16:15:00"
      },
      {
        "y": 22045496.256,
        "time": "2009/09/02 16:30:00"
      },
      {
        "y": 20588036.04,
        "time": "2009/09/02 16:45:00"
      },
      {
        "y": 18628921.296,
        "time": "2009/09/02 17:00:00"
      },
      {
        "y": 18322838.604,
        "time": "2009/09/02 17:15:00"
      },
      {
        "y": 19536591.276,
        "time": "2009/09/02 17:30:00"
      },
      {
        "y": 17692507.872,
        "time": "2009/09/02 17:45:00"
      },
      {
        "y": 18198778.5252,
        "time": "2009/09/02 18:00:00"
      },
      {
        "y": 19091715.984,
        "time": "2009/09/02 18:15:00"
      },
      {
        "y": 20469017.592,
        "time": "2009/09/02 18:30:00"
      },
      {
        "y": 17526060.216,
        "time": "2009/09/02 18:45:00"
      },
      {
        "y": 18090996.3612,
        "time": "2009/09/02 19:00:00"
      },
      {
        "y": 20827513.008,
        "time": "2009/09/02 19:15:00"
      },
      {
        "y": 18644216.5008,
        "time": "2009/09/02 19:30:00"
      },
      {
        "y": 19841329.4292,
        "time": "2009/09/02 19:45:00"
      },
      {
        "y": 21018789.9,
        "time": "2009/09/02 20:00:00"
      },
      {
        "y": 21866290.4484,
        "time": "2009/09/02 20:15:00"
      },
      {
        "y": 21047692.3128,
        "time": "2009/09/02 20:30:00"
      },
      {
        "y": 23727774.348,
        "time": "2009/09/02 20:45:00"
      },
      {
        "y": 19038877.668,
        "time": "2009/09/02 21:00:00"
      },
      {
        "y": 20101981.6728,
        "time": "2009/09/02 21:15:00"
      },
      {
        "y": 19795665.4848,
        "time": "2009/09/02 21:30:00"
      },
      {
        "y": 11007015.84,
        "time": "2009/09/02 21:45:00"
      },
      {
        "y": 3891120.804,
        "time": "2009/09/02 22:00:00"
      },
      {
        "y": 1022192.0568,
        "time": "2009/09/02 22:15:00"
      },
      {
        "y": 1023017.75604,
        "time": "2009/09/02 22:30:00"
      },
      {
        "y": 4004165.484,
        "time": "2009/09/02 22:45:00"
      },
      {
        "y": 1018744.08444,
        "time": "2009/09/02 23:00:00"
      },
      {
        "y": 3954270.708,
        "time": "2009/09/02 23:15:00"
      },
      {
        "y": 1019734.9488,
        "time": "2009/09/02 23:30:00"
      },
      {
        "y": 1018869.43644,
        "time": "2009/09/02 23:45:00"
      }
    ],
    "cvrmse": 16.671272,
    "nmbe": -1.044517
  }
]