[
  {
    "name": "ROOFTOP SUPPLY FAN OUTLET Simulated",
    "type": "System Node Temperature",
    "color": "blue",
    "units": "C",
    "displayname": "RTU Exit",
    "data": [
      {
        "y": 22.880435,
        "time": "2009/08/29 06:45:00"
      },
      {
        "y": 12.563581,
        "time": "2009/08/29 07:00:00"
      },
      {
        "y": 12.499996,
        "time": "2009/08/29 07:15:00"
      },
      {
        "y": 12.500475,
        "time": "2009/08/29 07:30:00"
      },
      {
        "y": 12.500129,
        "time": "2009/08/29 07:45:00"
      },
      {
        "y": 12.500002,
        "time": "2009/08/29 08:00:00"
      },
      {
        "y": 12.500162,
        "time": "2009/08/29 08:15:00"
      },
      {
        "y": 12.500037,
        "time": "2009/08/29 08:30:00"
      },
      {
        "y": 12.500036,
        "time": "2009/08/29 08:45:00"
      },
      {
        "y": 12.500037,
        "time": "2009/08/29 09:00:00"
      },
      {
        "y": 12.500025,
        "time": "2009/08/29 09:15:00"
      },
      {
        "y": 12.500021,
        "time": "2009/08/29 09:30:00"
      },
      {
        "y": 12.500042,
        "time": "2009/08/29 09:45:00"
      },
      {
        "y": 12.499278,
        "time": "2009/08/29 10:00:00"
      },
      {
        "y": 12.500449,
        "time": "2009/08/29 10:15:00"
      },
      {
        "y": 12.500007,
        "time": "2009/08/29 10:30:00"
      },
      {
        "y": 12.500013,
        "time": "2009/08/29 10:45:00"
      },
      {
        "y": 12.500006,
        "time": "2009/08/29 11:00:00"
      },
      {
        "y": 12.500014,
        "time": "2009/08/29 11:15:00"
      },
      {
        "y": 12.50001,
        "time": "2009/08/29 11:30:00"
      },
      {
        "y": 12.499983,
        "time": "2009/08/29 11:45:00"
      },
      {
        "y": 12.499947,
        "time": "2009/08/29 12:00:00"
      },
      {
        "y": 12.49996,
        "time": "2009/08/29 12:15:00"
      },
      {
        "y": 12.499985,
        "time": "2009/08/29 12:30:00"
      },
      {
        "y": 12.499973,
        "time": "2009/08/29 12:45:00"
      },
      {
        "y": 12.499982,
        "time": "2009/08/29 13:00:00"
      },
      {
        "y": 12.49996,
        "time": "2009/08/29 13:15:00"
      },
      {
        "y": 12.499947,
        "time": "2009/08/29 13:30:00"
      },
      {
        "y": 12.499973,
        "time": "2009/08/29 13:45:00"
      },
      {
        "y": 12.499969,
        "time": "2009/08/29 14:00:00"
      },
      {
        "y": 12.499959,
        "time": "2009/08/29 14:15:00"
      },
      {
        "y": 12.499936,
        "time": "2009/08/29 14:30:00"
      },
      {
        "y": 12.499924,
        "time": "2009/08/29 14:45:00"
      },
      {
        "y": 12.499938,
        "time": "2009/08/29 15:00:00"
      },
      {
        "y": 12.499932,
        "time": "2009/08/29 15:15:00"
      },
      {
        "y": 12.499916,
        "time": "2009/08/29 15:30:00"
      },
      {
        "y": 12.499921,
        "time": "2009/08/29 15:45:00"
      },
      {
        "y": 12.499951,
        "time": "2009/08/29 16:00:00"
      },
      {
        "y": 12.499941,
        "time": "2009/08/29 16:15:00"
      },
      {
        "y": 12.49996,
        "time": "2009/08/29 16:30:00"
      },
      {
        "y": 12.499939,
        "time": "2009/08/29 16:45:00"
      },
      {
        "y": 12.499921,
        "time": "2009/08/29 17:00:00"
      },
      {
        "y": 12.499927,
        "time": "2009/08/29 17:15:00"
      },
      {
        "y": 12.499958,
        "time": "2009/08/29 17:30:00"
      },
      {
        "y": 12.499949,
        "time": "2009/08/29 17:45:00"
      },
      {
        "y": 12.499957,
        "time": "2009/08/29 18:00:00"
      },
      {
        "y": 12.499946,
        "time": "2009/08/29 18:15:00"
      },
      {
        "y": 12.499935,
        "time": "2009/08/29 18:30:00"
      },
      {
        "y": 12.499931,
        "time": "2009/08/29 18:45:00"
      },
      {
        "y": 12.499918,
        "time": "2009/08/29 19:00:00"
      },
      {
        "y": 12.499928,
        "time": "2009/08/29 19:15:00"
      },
      {
        "y": 12.499952,
        "time": "2009/08/29 19:30:00"
      },
      {
        "y": 12.499942,
        "time": "2009/08/29 19:45:00"
      },
      {
        "y": 12.49994,
        "time": "2009/08/29 20:00:00"
      },
      {
        "y": 12.499952,
        "time": "2009/08/29 20:15:00"
      },
      {
        "y": 12.499957,
        "time": "2009/08/29 20:30:00"
      },
      {
        "y": 12.499971,
        "time": "2009/08/29 20:45:00"
      },
      {
        "y": 12.499986,
        "time": "2009/08/29 21:00:00"
      },
      {
        "y": 12.499982,
        "time": "2009/08/29 21:15:00"
      },
      {
        "y": 12.49998,
        "time": "2009/08/29 21:30:00"
      },
      {
        "y": 21.779673,
        "time": "2009/08/29 21:45:00"
      }
    ],
    "cvrmse": 15.131092,
    "nmbe": 4.136631
  },
  {
    "name": "ROOFTOP SUPPLY FAN OUTLET Metered",
    "type": "System Node Temperature",
    "color": "red",
    "units": "C",
    "displayname": "RTU Exit",
    "data": [
      {
        "y": 18.25146,
        "time": "2009/08/29 06:45:00"
      },
      {
        "y": 21.6684,
        "time": "2009/08/29 07:00:00"
      },
      {
        "y": 13.839996,
        "time": "2009/08/29 07:15:00"
      },
      {
        "y": 11.489808,
        "time": "2009/08/29 07:30:00"
      },
      {
        "y": 11.356464,
        "time": "2009/08/29 07:45:00"
      },
      {
        "y": 12.52878,
        "time": "2009/08/29 08:00:00"
      },
      {
        "y": 14.228916,
        "time": "2009/08/29 08:15:00"
      },
      {
        "y": 13.178832,
        "time": "2009/08/29 08:30:00"
      },
      {
        "y": 13.089936,
        "time": "2009/08/29 08:45:00"
      },
      {
        "y": 13.117716,
        "time": "2009/08/29 09:00:00"
      },
      {
        "y": 14.312256,
        "time": "2009/08/29 09:15:00"
      },
      {
        "y": 12.851028,
        "time": "2009/08/29 09:30:00"
      },
      {
        "y": 12.6399,
        "time": "2009/08/29 09:45:00"
      },
      {
        "y": 12.651012,
        "time": "2009/08/29 10:00:00"
      },
      {
        "y": 12.978816,
        "time": "2009/08/29 10:15:00"
      },
      {
        "y": 13.206612,
        "time": "2009/08/29 10:30:00"
      },
      {
        "y": 13.323288,
        "time": "2009/08/29 10:45:00"
      },
      {
        "y": 13.41774,
        "time": "2009/08/29 11:00:00"
      },
      {
        "y": 14.101128,
        "time": "2009/08/29 11:15:00"
      },
      {
        "y": 13.456632,
        "time": "2009/08/29 11:30:00"
      },
      {
        "y": 14.323368,
        "time": "2009/08/29 11:45:00"
      },
      {
        "y": 12.712128,
        "time": "2009/08/29 12:00:00"
      },
      {
        "y": 13.651092,
        "time": "2009/08/29 12:15:00"
      },
      {
        "y": 14.50116,
        "time": "2009/08/29 12:30:00"
      },
      {
        "y": 14.878968,
        "time": "2009/08/29 12:45:00"
      },
      {
        "y": 13.434408,
        "time": "2009/08/29 13:00:00"
      },
      {
        "y": 12.050964,
        "time": "2009/08/29 13:15:00"
      },
      {
        "y": 14.023344,
        "time": "2009/08/29 13:30:00"
      },
      {
        "y": 13.928892,
        "time": "2009/08/29 13:45:00"
      },
      {
        "y": 13.923336,
        "time": "2009/08/29 14:00:00"
      },
      {
        "y": 13.878888,
        "time": "2009/08/29 14:15:00"
      },
      {
        "y": 14.078904,
        "time": "2009/08/29 14:30:00"
      },
      {
        "y": 13.66776,
        "time": "2009/08/29 14:45:00"
      },
      {
        "y": 14.351148,
        "time": "2009/08/29 15:00:00"
      },
      {
        "y": 14.245584,
        "time": "2009/08/29 15:15:00"
      },
      {
        "y": 12.634344,
        "time": "2009/08/29 15:30:00"
      },
      {
        "y": 12.367656,
        "time": "2009/08/29 15:45:00"
      },
      {
        "y": 12.25098,
        "time": "2009/08/29 16:00:00"
      },
      {
        "y": 14.190024,
        "time": "2009/08/29 16:15:00"
      },
      {
        "y": 14.05668,
        "time": "2009/08/29 16:30:00"
      },
      {
        "y": 12.784356,
        "time": "2009/08/29 16:45:00"
      },
      {
        "y": 12.47322,
        "time": "2009/08/29 17:00:00"
      },
      {
        "y": 12.44544,
        "time": "2009/08/29 17:15:00"
      },
      {
        "y": 14.484492,
        "time": "2009/08/29 17:30:00"
      },
      {
        "y": 13.484412,
        "time": "2009/08/29 17:45:00"
      },
      {
        "y": 12.484332,
        "time": "2009/08/29 18:00:00"
      },
      {
        "y": 12.039852,
        "time": "2009/08/29 18:15:00"
      },
      {
        "y": 12.0843,
        "time": "2009/08/29 18:30:00"
      },
      {
        "y": 13.08438,
        "time": "2009/08/29 18:45:00"
      },
      {
        "y": 12.073188,
        "time": "2009/08/29 19:00:00"
      },
      {
        "y": 12.534336,
        "time": "2009/08/29 19:15:00"
      },
      {
        "y": 12.323208,
        "time": "2009/08/29 19:30:00"
      },
      {
        "y": 13.117716,
        "time": "2009/08/29 19:45:00"
      },
      {
        "y": 12.045408,
        "time": "2009/08/29 20:00:00"
      },
      {
        "y": 13.301064,
        "time": "2009/08/29 20:15:00"
      },
      {
        "y": 13.434408,
        "time": "2009/08/29 20:30:00"
      },
      {
        "y": 13.4733,
        "time": "2009/08/29 20:45:00"
      },
      {
        "y": 12.467664,
        "time": "2009/08/29 21:00:00"
      },
      {
        "y": 11.878728,
        "time": "2009/08/29 21:15:00"
      },
      {
        "y": 12.245424,
        "time": "2009/08/29 21:30:00"
      },
      {
        "y": 12.878808,
        "time": "2009/08/29 21:45:00"
      }
    ],
    "cvrmse": 15.131092,
    "nmbe": 4.136631
  }
]