[
  {
    "name": "ROOFTOP MIXED AIR OUTLET Simulated",
    "type": "System Node Temperature",
    "color": "blue",
    "units": "C",
    "displayname": "RTU Enter",
    "data": [
      {
        "y": 22.880435,
        "time": "2009/08/29 06:45:00"
      },
      {
        "y": 22.358546,
        "time": "2009/08/29 07:00:00"
      },
      {
        "y": 20.650692,
        "time": "2009/08/29 07:15:00"
      },
      {
        "y": 20.179935,
        "time": "2009/08/29 07:30:00"
      },
      {
        "y": 20.084143,
        "time": "2009/08/29 07:45:00"
      },
      {
        "y": 20.363388,
        "time": "2009/08/29 08:00:00"
      },
      {
        "y": 20.656194,
        "time": "2009/08/29 08:15:00"
      },
      {
        "y": 20.719121,
        "time": "2009/08/29 08:30:00"
      },
      {
        "y": 20.774038,
        "time": "2009/08/29 08:45:00"
      },
      {
        "y": 20.810924,
        "time": "2009/08/29 09:00:00"
      },
      {
        "y": 20.849158,
        "time": "2009/08/29 09:15:00"
      },
      {
        "y": 20.89307,
        "time": "2009/08/29 09:30:00"
      },
      {
        "y": 20.942237,
        "time": "2009/08/29 09:45:00"
      },
      {
        "y": 20.995809,
        "time": "2009/08/29 10:00:00"
      },
      {
        "y": 21.032985,
        "time": "2009/08/29 10:15:00"
      },
      {
        "y": 21.082296,
        "time": "2009/08/29 10:30:00"
      },
      {
        "y": 21.119882,
        "time": "2009/08/29 10:45:00"
      },
      {
        "y": 21.172669,
        "time": "2009/08/29 11:00:00"
      },
      {
        "y": 21.224306,
        "time": "2009/08/29 11:15:00"
      },
      {
        "y": 21.258698,
        "time": "2009/08/29 11:30:00"
      },
      {
        "y": 21.294245,
        "time": "2009/08/29 11:45:00"
      },
      {
        "y": 21.327691,
        "time": "2009/08/29 12:00:00"
      },
      {
        "y": 21.365515,
        "time": "2009/08/29 12:15:00"
      },
      {
        "y": 21.406049,
        "time": "2009/08/29 12:30:00"
      },
      {
        "y": 21.44812,
        "time": "2009/08/29 12:45:00"
      },
      {
        "y": 21.485857,
        "time": "2009/08/29 13:00:00"
      },
      {
        "y": 21.520492,
        "time": "2009/08/29 13:15:00"
      },
      {
        "y": 21.557954,
        "time": "2009/08/29 13:30:00"
      },
      {
        "y": 21.606183,
        "time": "2009/08/29 13:45:00"
      },
      {
        "y": 21.675562,
        "time": "2009/08/29 14:00:00"
      },
      {
        "y": 21.713211,
        "time": "2009/08/29 14:15:00"
      },
      {
        "y": 21.768497,
        "time": "2009/08/29 14:30:00"
      },
      {
        "y": 21.854375,
        "time": "2009/08/29 14:45:00"
      },
      {
        "y": 21.946302,
        "time": "2009/08/29 15:00:00"
      },
      {
        "y": 22.027677,
        "time": "2009/08/29 15:15:00"
      },
      {
        "y": 22.11288,
        "time": "2009/08/29 15:30:00"
      },
      {
        "y": 22.186243,
        "time": "2009/08/29 15:45:00"
      },
      {
        "y": 22.2476,
        "time": "2009/08/29 16:00:00"
      },
      {
        "y": 22.302878,
        "time": "2009/08/29 16:15:00"
      },
      {
        "y": 22.362559,
        "time": "2009/08/29 16:30:00"
      },
      {
        "y": 22.426642,
        "time": "2009/08/29 16:45:00"
      },
      {
        "y": 22.491653,
        "time": "2009/08/29 17:00:00"
      },
      {
        "y": 22.543966,
        "time": "2009/08/29 17:15:00"
      },
      {
        "y": 22.570165,
        "time": "2009/08/29 17:30:00"
      },
      {
        "y": 22.564336,
        "time": "2009/08/29 17:45:00"
      },
      {
        "y": 22.573201,
        "time": "2009/08/29 18:00:00"
      },
      {
        "y": 22.59105,
        "time": "2009/08/29 18:15:00"
      },
      {
        "y": 22.558382,
        "time": "2009/08/29 18:30:00"
      },
      {
        "y": 22.460175,
        "time": "2009/08/29 18:45:00"
      },
      {
        "y": 22.349537,
        "time": "2009/08/29 19:00:00"
      },
      {
        "y": 22.205827,
        "time": "2009/08/29 19:15:00"
      },
      {
        "y": 22.067343,
        "time": "2009/08/29 19:30:00"
      },
      {
        "y": 21.889516,
        "time": "2009/08/29 19:45:00"
      },
      {
        "y": 21.776848,
        "time": "2009/08/29 20:00:00"
      },
      {
        "y": 21.702199,
        "time": "2009/08/29 20:15:00"
      },
      {
        "y": 21.620131,
        "time": "2009/08/29 20:30:00"
      },
      {
        "y": 21.543536,
        "time": "2009/08/29 20:45:00"
      },
      {
        "y": 21.488793,
        "time": "2009/08/29 21:00:00"
      },
      {
        "y": 21.428315,
        "time": "2009/08/29 21:15:00"
      },
      {
        "y": 21.372175,
        "time": "2009/08/29 21:30:00"
      },
      {
        "y": 21.779673,
        "time": "2009/08/29 21:45:00"
      }
    ],
    "cvrmse": 3.756345,
    "nmbe": 2.962778
  },
  {
    "name": "ROOFTOP MIXED AIR OUTLET Metered",
    "type": "System Node Temperature",
    "color": "red",
    "units": "C",
    "displayname": "RTU Enter",
    "data": [
      {
        "y": 22.901832,
        "time": "2009/08/29 06:45:00"
      },
      {
        "y": 23.096292,
        "time": "2009/08/29 07:00:00"
      },
      {
        "y": 22.768488,
        "time": "2009/08/29 07:15:00"
      },
      {
        "y": 21.746184,
        "time": "2009/08/29 07:30:00"
      },
      {
        "y": 21.173916,
        "time": "2009/08/29 07:45:00"
      },
      {
        "y": 20.907228,
        "time": "2009/08/29 08:00:00"
      },
      {
        "y": 21.040572,
        "time": "2009/08/29 08:15:00"
      },
      {
        "y": 21.14058,
        "time": "2009/08/29 08:30:00"
      },
      {
        "y": 21.073908,
        "time": "2009/08/29 08:45:00"
      },
      {
        "y": 21.096132,
        "time": "2009/08/29 09:00:00"
      },
      {
        "y": 21.257256,
        "time": "2009/08/29 09:15:00"
      },
      {
        "y": 21.235032,
        "time": "2009/08/29 09:30:00"
      },
      {
        "y": 21.268368,
        "time": "2009/08/29 09:45:00"
      },
      {
        "y": 21.329484,
        "time": "2009/08/29 10:00:00"
      },
      {
        "y": 21.423936,
        "time": "2009/08/29 10:15:00"
      },
      {
        "y": 21.551724,
        "time": "2009/08/29 10:30:00"
      },
      {
        "y": 21.69618,
        "time": "2009/08/29 10:45:00"
      },
      {
        "y": 21.86286,
        "time": "2009/08/29 11:00:00"
      },
      {
        "y": 22.040652,
        "time": "2009/08/29 11:15:00"
      },
      {
        "y": 22.146216,
        "time": "2009/08/29 11:30:00"
      },
      {
        "y": 22.274004,
        "time": "2009/08/29 11:45:00"
      },
      {
        "y": 22.374012,
        "time": "2009/08/29 12:00:00"
      },
      {
        "y": 22.301784,
        "time": "2009/08/29 12:15:00"
      },
      {
        "y": 22.579584,
        "time": "2009/08/29 12:30:00"
      },
      {
        "y": 22.757376,
        "time": "2009/08/29 12:45:00"
      },
      {
        "y": 22.812936,
        "time": "2009/08/29 13:00:00"
      },
      {
        "y": 22.574028,
        "time": "2009/08/29 13:15:00"
      },
      {
        "y": 22.662924,
        "time": "2009/08/29 13:30:00"
      },
      {
        "y": 22.929612,
        "time": "2009/08/29 13:45:00"
      },
      {
        "y": 22.924056,
        "time": "2009/08/29 14:00:00"
      },
      {
        "y": 23.11296,
        "time": "2009/08/29 14:15:00"
      },
      {
        "y": 23.035176,
        "time": "2009/08/29 14:30:00"
      },
      {
        "y": 23.235192,
        "time": "2009/08/29 14:45:00"
      },
      {
        "y": 23.218524,
        "time": "2009/08/29 15:00:00"
      },
      {
        "y": 23.41854,
        "time": "2009/08/29 15:15:00"
      },
      {
        "y": 23.257416,
        "time": "2009/08/29 15:30:00"
      },
      {
        "y": 23.090736,
        "time": "2009/08/29 15:45:00"
      },
      {
        "y": 23.024064,
        "time": "2009/08/29 16:00:00"
      },
      {
        "y": 23.135184,
        "time": "2009/08/29 16:15:00"
      },
      {
        "y": 23.374092,
        "time": "2009/08/29 16:30:00"
      },
      {
        "y": 23.274084,
        "time": "2009/08/29 16:45:00"
      },
      {
        "y": 23.190744,
        "time": "2009/08/29 17:00:00"
      },
      {
        "y": 23.068512,
        "time": "2009/08/29 17:15:00"
      },
      {
        "y": 23.218524,
        "time": "2009/08/29 17:30:00"
      },
      {
        "y": 23.329644,
        "time": "2009/08/29 17:45:00"
      },
      {
        "y": 23.046288,
        "time": "2009/08/29 18:00:00"
      },
      {
        "y": 22.812936,
        "time": "2009/08/29 18:15:00"
      },
      {
        "y": 22.601808,
        "time": "2009/08/29 18:30:00"
      },
      {
        "y": 22.690704,
        "time": "2009/08/29 18:45:00"
      },
      {
        "y": 22.351788,
        "time": "2009/08/29 19:00:00"
      },
      {
        "y": 22.357344,
        "time": "2009/08/29 19:15:00"
      },
      {
        "y": 22.062876,
        "time": "2009/08/29 19:30:00"
      },
      {
        "y": 22.012872,
        "time": "2009/08/29 19:45:00"
      },
      {
        "y": 21.768408,
        "time": "2009/08/29 20:00:00"
      },
      {
        "y": 21.77952,
        "time": "2009/08/29 20:15:00"
      },
      {
        "y": 21.773964,
        "time": "2009/08/29 20:30:00"
      },
      {
        "y": 21.768408,
        "time": "2009/08/29 20:45:00"
      },
      {
        "y": 21.707292,
        "time": "2009/08/29 21:00:00"
      },
      {
        "y": 21.36282,
        "time": "2009/08/29 21:15:00"
      },
      {
        "y": 21.240588,
        "time": "2009/08/29 21:30:00"
      },
      {
        "y": 21.273924,
        "time": "2009/08/29 21:45:00"
      }
    ],
    "cvrmse": 3.756345,
    "nmbe": 2.962778
  }
]