[
  {
    "name": "Rooftop Cooling Coil Simulated",
    "type": "Cooling Coil Electric Energy",
    "color": "blue",
    "units": "J",
    "displayname": "Cooling Consumption",
    "data": [
      {
        "y": 0.0,
        "time": "2009/09/02 00:00:00"
      },
      {
        "y": 0.0,
        "time": "2009/09/02 00:15:00"
      },
      {
        "y": 0.0,
        "time": "2009/09/02 00:30:00"
      },
      {
        "y": 0.0,
        "time": "2009/09/02 00:45:00"
      },
      {
        "y": 0.0,
        "time": "2009/09/02 01:00:00"
      },
      {
        "y": 0.0,
        "time": "2009/09/02 01:15:00"
      },
      {
        "y": 0.0,
        "time": "2009/09/02 01:30:00"
      },
      {
        "y": 0.0,
        "time": "2009/09/02 01:45:00"
      },
      {
        "y": 0.0,
        "time": "2009/09/02 02:00:00"
      },
      {
        "y": 0.0,
        "time": "2009/09/02 02:15:00"
      },
      {
        "y": 0.0,
        "time": "2009/09/02 02:30:00"
      },
      {
        "y": 0.0,
        "time": "2009/09/02 02:45:00"
      },
      {
        "y": 0.0,
        "time": "2009/09/02 03:00:00"
      },
      {
        "y": 0.0,
        "time": "2009/09/02 03:15:00"
      },
      {
        "y": 0.0,
        "time": "2009/09/02 03:30:00"
      },
      {
        "y": 0.0,
        "time": "2009/09/02 03:45:00"
      },
      {
        "y": 0.0,
        "time": "2009/09/02 04:00:00"
      },
      {
        "y": 0.0,
        "time": "2009/09/02 04:15:00"
      },
      {
        "y": 0.0,
        "time": "2009/09/02 04:30:00"
      },
      {
        "y": 0.0,
        "time": "2009/09/02 04:45:00"
      },
      {
        "y": 0.0,
        "time": "2009/09/02 05:00:00"
      },
      {
        "y": 0.0,
        "time": "2009/09/02 05:15:00"
      },
      {
        "y": 0.0,
        "time": "2009/09/02 05:30:00"
      },
      {
        "y": 0.0,
        "time": "2009/09/02 05:45:00"
      },
      {
        "y": 0.0,
        "time": "2009/09/02 06:00:00"
      },
      {
        "y": 0.0,
        "time": "2009/09/02 06:15:00"
      },
      {
        "y": 0.0,
        "time": "2009/09/02 06:30:00"
      },
      {
        "y": 0.0,
        "time": "2009/09/02 06:45:00"
      },
      {
        "y": 7780563.375236,
        "time": "2009/09/02 07:00:00"
      },
      {
        "y": 5601753.865714,
        "time": "2009/09/02 07:15:00"
      },
      {
        "y": 4773652.687402,
        "time": "2009/09/02 07:30:00"
      },
      {
        "y": 4634747.642373,
        "time": "2009/09/02 07:45:00"
      },
      {
        "y": 4670750.212471,
        "time": "2009/09/02 08:00:00"
      },
      {
        "y": 4694652.63445,
        "time": "2009/09/02 08:15:00"
      },
      {
        "y": 4697517.090371,
        "time": "2009/09/02 08:30:00"
      },
      {
        "y": 4663901.637012,
        "time": "2009/09/02 08:45:00"
      },
      {
        "y": 4633008.930991,
        "time": "2009/09/02 09:00:00"
      },
      {
        "y": 4606278.997784,
        "time": "2009/09/02 09:15:00"
      },
      {
        "y": 4591514.269842,
        "time": "2009/09/02 09:30:00"
      },
      {
        "y": 4581408.228566,
        "time": "2009/09/02 09:45:00"
      },
      {
        "y": 4577662.553715,
        "time": "2009/09/02 10:00:00"
      },
      {
        "y": 4576031.856524,
        "time": "2009/09/02 10:15:00"
      },
      {
        "y": 4569290.419611,
        "time": "2009/09/02 10:30:00"
      },
      {
        "y": 4570274.997333,
        "time": "2009/09/02 10:45:00"
      },
      {
        "y": 4577278.150127,
        "time": "2009/09/02 11:00:00"
      },
      {
        "y": 4581906.330098,
        "time": "2009/09/02 11:15:00"
      },
      {
        "y": 4585348.9978,
        "time": "2009/09/02 11:30:00"
      },
      {
        "y": 4594701.121668,
        "time": "2009/09/02 11:45:00"
      },
      {
        "y": 4611569.905977,
        "time": "2009/09/02 12:00:00"
      },
      {
        "y": 4624398.161875,
        "time": "2009/09/02 12:15:00"
      },
      {
        "y": 4635344.049399,
        "time": "2009/09/02 12:30:00"
      },
      {
        "y": 4652550.56468,
        "time": "2009/09/02 12:45:00"
      },
      {
        "y": 4675146.832694,
        "time": "2009/09/02 13:00:00"
      },
      {
        "y": 4686712.665435,
        "time": "2009/09/02 13:15:00"
      },
      {
        "y": 4693465.208717,
        "time": "2009/09/02 13:30:00"
      },
      {
        "y": 4700859.572451,
        "time": "2009/09/02 13:45:00"
      },
      {
        "y": 4714235.559806,
        "time": "2009/09/02 14:00:00"
      },
      {
        "y": 4724417.16256,
        "time": "2009/09/02 14:15:00"
      },
      {
        "y": 4735767.597427,
        "time": "2009/09/02 14:30:00"
      },
      {
        "y": 4743221.06934,
        "time": "2009/09/02 14:45:00"
      },
      {
        "y": 4748342.899544,
        "time": "2009/09/02 15:00:00"
      },
      {
        "y": 4755834.436158,
        "time": "2009/09/02 15:15:00"
      },
      {
        "y": 4759399.277863,
        "time": "2009/09/02 15:30:00"
      },
      {
        "y": 4765093.442428,
        "time": "2009/09/02 15:45:00"
      },
      {
        "y": 4772494.121421,
        "time": "2009/09/02 16:00:00"
      },
      {
        "y": 4782585.234446,
        "time": "2009/09/02 16:15:00"
      },
      {
        "y": 4791290.827854,
        "time": "2009/09/02 16:30:00"
      },
      {
        "y": 4826379.796774,
        "time": "2009/09/02 16:45:00"
      },
      {
        "y": 4872262.079675,
        "time": "2009/09/02 17:00:00"
      },
      {
        "y": 4906648.306669,
        "time": "2009/09/02 17:15:00"
      },
      {
        "y": 4924583.525799,
        "time": "2009/09/02 17:30:00"
      },
      {
        "y": 4884208.098803,
        "time": "2009/09/02 17:45:00"
      },
      {
        "y": 4857210.361922,
        "time": "2009/09/02 18:00:00"
      },
      {
        "y": 4834109.212063,
        "time": "2009/09/02 18:15:00"
      },
      {
        "y": 4900510.727918,
        "time": "2009/09/02 18:30:00"
      },
      {
        "y": 4969496.119561,
        "time": "2009/09/02 18:45:00"
      },
      {
        "y": 4917906.732424,
        "time": "2009/09/02 19:00:00"
      },
      {
        "y": 4891303.386688,
        "time": "2009/09/02 19:15:00"
      },
      {
        "y": 4857602.849677,
        "time": "2009/09/02 19:30:00"
      },
      {
        "y": 4807919.122493,
        "time": "2009/09/02 19:45:00"
      },
      {
        "y": 4758164.70434,
        "time": "2009/09/02 20:00:00"
      },
      {
        "y": 4742028.510613,
        "time": "2009/09/02 20:15:00"
      },
      {
        "y": 4728250.295465,
        "time": "2009/09/02 20:30:00"
      },
      {
        "y": 4712402.611133,
        "time": "2009/09/02 20:45:00"
      },
      {
        "y": 4701327.823455,
        "time": "2009/09/02 21:00:00"
      },
      {
        "y": 4693787.53371,
        "time": "2009/09/02 21:15:00"
      },
      {
        "y": 4682954.465863,
        "time": "2009/09/02 21:30:00"
      },
      {
        "y": 0.0,
        "time": "2009/09/02 21:45:00"
      },
      {
        "y": 0.0,
        "time": "2009/09/02 22:00:00"
      },
      {
        "y": 0.0,
        "time": "2009/09/02 22:15:00"
      },
      {
        "y": 0.0,
        "time": "2009/09/02 22:30:00"
      },
      {
        "y": 0.0,
        "time": "2009/09/02 22:45:00"
      },
      {
        "y": 0.0,
        "time": "2009/09/02 23:00:00"
      },
      {
        "y": 0.0,
        "time": "2009/09/02 23:15:00"
      },
      {
        "y": 0.0,
        "time": "2009/09/02 23:30:00"
      },
      {
        "y": 0.0,
        "time": "2009/09/02 23:45:00"
      }
    ],
    "cvrmse": 18.681424,
    "nmbe": -2.658288
  },
  {
    "name": "Rooftop Cooling Coil Metered",
    "type": "Cooling Coil Electric Energy",
    "color": "red",
    "units": "J",
    "displayname": "Cooling Consumption",
    "data": [
      {
        "y": 98719.92,
        "time": "2009/09/02 00:00:00"
      },
      {
        "y": 97888.932,
        "time": "2009/09/02 00:15:00"
      },
      {
        "y": 97888.932,
        "time": "2009/09/02 00:30:00"
      },
      {
        "y": 97888.932,
        "time": "2009/09/02 00:45:00"
      },
      {
        "y": 98719.92,
        "time": "2009/09/02 01:00:00"
      },
      {
        "y": 97888.932,
        "time": "2009/09/02 01:15:00"
      },
      {
        "y": 98719.92,
        "time": "2009/09/02 01:30:00"
      },
      {
        "y": 97057.944,
        "time": "2009/09/02 01:45:00"
      },
      {
        "y": 97888.932,
        "time": "2009/09/02 02:00:00"
      },
      {
        "y": 97888.932,
        "time": "2009/09/02 02:15:00"
      },
      {
        "y": 97888.932,
        "time": "2009/09/02 02:30:00"
      },
      {
        "y": 98719.92,
        "time": "2009/09/02 02:45:00"
      },
      {
        "y": 98719.92,
        "time": "2009/09/02 03:00:00"
      },
      {
        "y": 98553.708,
        "time": "2009/09/02 03:15:00"
      },
      {
        "y": 98719.92,
        "time": "2009/09/02 03:30:00"
      },
      {
        "y": 98553.708,
        "time": "2009/09/02 03:45:00"
      },
      {
        "y": 99550.908,
        "time": "2009/09/02 04:00:00"
      },
      {
        "y": 98553.708,
        "time": "2009/09/02 04:15:00"
      },
      {
        "y": 99384.696,
        "time": "2009/09/02 04:30:00"
      },
      {
        "y": 99550.908,
        "time": "2009/09/02 04:45:00"
      },
      {
        "y": 99384.696,
        "time": "2009/09/02 05:00:00"
      },
      {
        "y": 99384.696,
        "time": "2009/09/02 05:15:00"
      },
      {
        "y": 99384.696,
        "time": "2009/09/02 05:30:00"
      },
      {
        "y": 99550.908,
        "time": "2009/09/02 05:45:00"
      },
      {
        "y": 99384.696,
        "time": "2009/09/02 06:00:00"
      },
      {
        "y": 97888.932,
        "time": "2009/09/02 06:15:00"
      },
      {
        "y": 97888.932,
        "time": "2009/09/02 06:30:00"
      },
      {
        "y": 819294.84,
        "time": "2009/09/02 06:45:00"
      },
      {
        "y": 4867424.28,
        "time": "2009/09/02 07:00:00"
      },
      {
        "y": 6918633.72,
        "time": "2009/09/02 07:15:00"
      },
      {
        "y": 6667676.64,
        "time": "2009/09/02 07:30:00"
      },
      {
        "y": 3722657.76,
        "time": "2009/09/02 07:45:00"
      },
      {
        "y": 3887688.6,
        "time": "2009/09/02 08:00:00"
      },
      {
        "y": 4504116.96,
        "time": "2009/09/02 08:15:00"
      },
      {
        "y": 4816237.32,
        "time": "2009/09/02 08:30:00"
      },
      {
        "y": 4647544.2,
        "time": "2009/09/02 08:45:00"
      },
      {
        "y": 3675790.08,
        "time": "2009/09/02 09:00:00"
      },
      {
        "y": 4731473.88,
        "time": "2009/09/02 09:15:00"
      },
      {
        "y": 4667157.72,
        "time": "2009/09/02 09:30:00"
      },
      {
        "y": 4889529.0,
        "time": "2009/09/02 09:45:00"
      },
      {
        "y": 4438801.44,
        "time": "2009/09/02 10:00:00"
      },
      {
        "y": 4440796.92,
        "time": "2009/09/02 10:15:00"
      },
      {
        "y": 4456253.88,
        "time": "2009/09/02 10:30:00"
      },
      {
        "y": 4475698.56,
        "time": "2009/09/02 10:45:00"
      },
      {
        "y": 4477525.2,
        "time": "2009/09/02 11:00:00"
      },
      {
        "y": 4478690.16,
        "time": "2009/09/02 11:15:00"
      },
      {
        "y": 4489658.64,
        "time": "2009/09/02 11:30:00"
      },
      {
        "y": 4477857.84,
        "time": "2009/09/02 11:45:00"
      },
      {
        "y": 4496138.64,
        "time": "2009/09/02 12:00:00"
      },
      {
        "y": 4517746.92,
        "time": "2009/09/02 12:15:00"
      },
      {
        "y": 4517082.0,
        "time": "2009/09/02 12:30:00"
      },
      {
        "y": 4516414.92,
        "time": "2009/09/02 12:45:00"
      },
      {
        "y": 4510598.04,
        "time": "2009/09/02 13:00:00"
      },
      {
        "y": 4512427.92,
        "time": "2009/09/02 13:15:00"
      },
      {
        "y": 4514090.4,
        "time": "2009/09/02 13:30:00"
      },
      {
        "y": 4504949.64,
        "time": "2009/09/02 13:45:00"
      },
      {
        "y": 4514253.84,
        "time": "2009/09/02 14:00:00"
      },
      {
        "y": 4507108.92,
        "time": "2009/09/02 14:15:00"
      },
      {
        "y": 4518743.04,
        "time": "2009/09/02 14:30:00"
      },
      {
        "y": 4506444.36,
        "time": "2009/09/02 14:45:00"
      },
      {
        "y": 4517579.88,
        "time": "2009/09/02 15:00:00"
      },
      {
        "y": 4524890.4,
        "time": "2009/09/02 15:15:00"
      },
      {
        "y": 4533369.84,
        "time": "2009/09/02 15:30:00"
      },
      {
        "y": 4537689.84,
        "time": "2009/09/02 15:45:00"
      },
      {
        "y": 4543340.76,
        "time": "2009/09/02 16:00:00"
      },
      {
        "y": 4548656.52,
        "time": "2009/09/02 16:15:00"
      },
      {
        "y": 4584056.76,
        "time": "2009/09/02 16:30:00"
      },
      {
        "y": 4640564.88,
        "time": "2009/09/02 16:45:00"
      },
      {
        "y": 4652200.08,
        "time": "2009/09/02 17:00:00"
      },
      {
        "y": 4651701.48,
        "time": "2009/09/02 17:15:00"
      },
      {
        "y": 4661341.56,
        "time": "2009/09/02 17:30:00"
      },
      {
        "y": 4611647.16,
        "time": "2009/09/02 17:45:00"
      },
      {
        "y": 4627436.76,
        "time": "2009/09/02 18:00:00"
      },
      {
        "y": 4625108.64,
        "time": "2009/09/02 18:15:00"
      },
      {
        "y": 4658513.76,
        "time": "2009/09/02 18:30:00"
      },
      {
        "y": 4678291.08,
        "time": "2009/09/02 18:45:00"
      },
      {
        "y": 4617299.16,
        "time": "2009/09/02 19:00:00"
      },
      {
        "y": 4604833.08,
        "time": "2009/09/02 19:15:00"
      },
      {
        "y": 4603339.44,
        "time": "2009/09/02 19:30:00"
      },
      {
        "y": 4575582.0,
        "time": "2009/09/02 19:45:00"
      },
      {
        "y": 4544669.52,
        "time": "2009/09/02 20:00:00"
      },
      {
        "y": 4519573.2,
        "time": "2009/09/02 20:15:00"
      },
      {
        "y": 3613463.64,
        "time": "2009/09/02 20:30:00"
      },
      {
        "y": 4489824.96,
        "time": "2009/09/02 20:45:00"
      },
      {
        "y": 3618284.4,
        "time": "2009/09/02 21:00:00"
      },
      {
        "y": 3614463.36,
        "time": "2009/09/02 21:15:00"
      },
      {
        "y": 4557301.2,
        "time": "2009/09/02 21:30:00"
      },
      {
        "y": 2190900.6,
        "time": "2009/09/02 21:45:00"
      },
      {
        "y": 99550.908,
        "time": "2009/09/02 22:00:00"
      },
      {
        "y": 98553.708,
        "time": "2009/09/02 22:15:00"
      },
      {
        "y": 99384.696,
        "time": "2009/09/02 22:30:00"
      },
      {
        "y": 99384.696,
        "time": "2009/09/02 22:45:00"
      },
      {
        "y": 98719.92,
        "time": "2009/09/02 23:00:00"
      },
      {
        "y": 98553.708,
        "time": "2009/09/02 23:15:00"
      },
      {
        "y": 99384.696,
        "time": "2009/09/02 23:30:00"
      },
      {
        "y": 98553.708,
        "time": "2009/09/02 23:45:00"
      }
    ],
    "cvrmse": 18.681424,
    "nmbe": -2.658288
  }
]