[
  {
    "name": "Rooftop Cooling Coil Simulated",
    "type": "Cooling Coil Electric Energy",
    "color": "blue",
    "units": "J",
    "displayname": "Cooling Consumption",
    "data": [
      {
        "y": 0.0,
        "time": "2009/08/29 00:00:00"
      },
      {
        "y": 0.0,
        "time": "2009/08/29 00:15:00"
      },
      {
        "y": 0.0,
        "time": "2009/08/29 00:30:00"
      },
      {
        "y": 0.0,
        "time": "2009/08/29 00:45:00"
      },
      {
        "y": 0.0,
        "time": "2009/08/29 01:00:00"
      },
      {
        "y": 0.0,
        "time": "2009/08/29 01:15:00"
      },
      {
        "y": 0.0,
        "time": "2009/08/29 01:30:00"
      },
      {
        "y": 0.0,
        "time": "2009/08/29 01:45:00"
      },
      {
        "y": 0.0,
        "time": "2009/08/29 02:00:00"
      },
      {
        "y": 0.0,
        "time": "2009/08/29 02:15:00"
      },
      {
        "y": 0.0,
        "time": "2009/08/29 02:30:00"
      },
      {
        "y": 0.0,
        "time": "2009/08/29 02:45:00"
      },
      {
        "y": 0.0,
        "time": "2009/08/29 03:00:00"
      },
      {
        "y": 0.0,
        "time": "2009/08/29 03:15:00"
      },
      {
        "y": 0.0,
        "time": "2009/08/29 03:30:00"
      },
      {
        "y": 0.0,
        "time": "2009/08/29 03:45:00"
      },
      {
        "y": 0.0,
        "time": "2009/08/29 04:00:00"
      },
      {
        "y": 0.0,
        "time": "2009/08/29 04:15:00"
      },
      {
        "y": 0.0,
        "time": "2009/08/29 04:30:00"
      },
      {
        "y": 0.0,
        "time": "2009/08/29 04:45:00"
      },
      {
        "y": 0.0,
        "time": "2009/08/29 05:00:00"
      },
      {
        "y": 0.0,
        "time": "2009/08/29 05:15:00"
      },
      {
        "y": 0.0,
        "time": "2009/08/29 05:30:00"
      },
      {
        "y": 0.0,
        "time": "2009/08/29 05:45:00"
      },
      {
        "y": 0.0,
        "time": "2009/08/29 06:00:00"
      },
      {
        "y": 0.0,
        "time": "2009/08/29 06:15:00"
      },
      {
        "y": 0.0,
        "time": "2009/08/29 06:30:00"
      },
      {
        "y": 7641531.264138,
        "time": "2009/08/29 06:45:00"
      },
      {
        "y": 6102869.874496,
        "time": "2009/08/29 07:00:00"
      },
      {
        "y": 5101116.629139,
        "time": "2009/08/29 07:15:00"
      },
      {
        "y": 4841868.301901,
        "time": "2009/08/29 07:30:00"
      },
      {
        "y": 4773101.981869,
        "time": "2009/08/29 07:45:00"
      },
      {
        "y": 4732321.776636,
        "time": "2009/08/29 08:00:00"
      },
      {
        "y": 4662356.295618,
        "time": "2009/08/29 08:15:00"
      },
      {
        "y": 4604775.996559,
        "time": "2009/08/29 08:30:00"
      },
      {
        "y": 4639396.252663,
        "time": "2009/08/29 08:45:00"
      },
      {
        "y": 4674489.082813,
        "time": "2009/08/29 09:00:00"
      },
      {
        "y": 4730338.291178,
        "time": "2009/08/29 09:15:00"
      },
      {
        "y": 4777986.109237,
        "time": "2009/08/29 09:30:00"
      },
      {
        "y": 4880769.280127,
        "time": "2009/08/29 09:45:00"
      },
      {
        "y": 4894967.246936,
        "time": "2009/08/29 10:00:00"
      },
      {
        "y": 4996716.956494,
        "time": "2009/08/29 10:15:00"
      },
      {
        "y": 5076802.565983,
        "time": "2009/08/29 10:30:00"
      },
      {
        "y": 5160647.457641,
        "time": "2009/08/29 10:45:00"
      },
      {
        "y": 5267998.231818,
        "time": "2009/08/29 11:00:00"
      },
      {
        "y": 5306395.788411,
        "time": "2009/08/29 11:15:00"
      },
      {
        "y": 5359771.179359,
        "time": "2009/08/29 11:30:00"
      },
      {
        "y": 5408301.973711,
        "time": "2009/08/29 11:45:00"
      },
      {
        "y": 5514956.759936,
        "time": "2009/08/29 12:00:00"
      },
      {
        "y": 5596276.033665,
        "time": "2009/08/29 12:15:00"
      },
      {
        "y": 5648308.909441,
        "time": "2009/08/29 12:30:00"
      },
      {
        "y": 5752161.295476,
        "time": "2009/08/29 12:45:00"
      },
      {
        "y": 5778958.935417,
        "time": "2009/08/29 13:00:00"
      },
      {
        "y": 5834823.819529,
        "time": "2009/08/29 13:15:00"
      },
      {
        "y": 5992347.082272,
        "time": "2009/08/29 13:30:00"
      },
      {
        "y": 6033301.703236,
        "time": "2009/08/29 13:45:00"
      },
      {
        "y": 6008585.318878,
        "time": "2009/08/29 14:00:00"
      },
      {
        "y": 6051873.152856,
        "time": "2009/08/29 14:15:00"
      },
      {
        "y": 6118373.564073,
        "time": "2009/08/29 14:30:00"
      },
      {
        "y": 6257390.304594,
        "time": "2009/08/29 14:45:00"
      },
      {
        "y": 6413243.200071,
        "time": "2009/08/29 15:00:00"
      },
      {
        "y": 6476469.523778,
        "time": "2009/08/29 15:15:00"
      },
      {
        "y": 6579381.180813,
        "time": "2009/08/29 15:30:00"
      },
      {
        "y": 6669656.480085,
        "time": "2009/08/29 15:45:00"
      },
      {
        "y": 6688134.124912,
        "time": "2009/08/29 16:00:00"
      },
      {
        "y": 6856033.354632,
        "time": "2009/08/29 16:15:00"
      },
      {
        "y": 6833958.386855,
        "time": "2009/08/29 16:30:00"
      },
      {
        "y": 6840234.301128,
        "time": "2009/08/29 16:45:00"
      },
      {
        "y": 6977430.495167,
        "time": "2009/08/29 17:00:00"
      },
      {
        "y": 7075546.694504,
        "time": "2009/08/29 17:15:00"
      },
      {
        "y": 7051446.628894,
        "time": "2009/08/29 17:30:00"
      },
      {
        "y": 7130168.478723,
        "time": "2009/08/29 17:45:00"
      },
      {
        "y": 7079978.197266,
        "time": "2009/08/29 18:00:00"
      },
      {
        "y": 6997360.534614,
        "time": "2009/08/29 18:15:00"
      },
      {
        "y": 7005312.054546,
        "time": "2009/08/29 18:30:00"
      },
      {
        "y": 6883588.962965,
        "time": "2009/08/29 18:45:00"
      },
      {
        "y": 6687249.541016,
        "time": "2009/08/29 19:00:00"
      },
      {
        "y": 6506072.051739,
        "time": "2009/08/29 19:15:00"
      },
      {
        "y": 6261201.228858,
        "time": "2009/08/29 19:30:00"
      },
      {
        "y": 6031492.387398,
        "time": "2009/08/29 19:45:00"
      },
      {
        "y": 5830062.102092,
        "time": "2009/08/29 20:00:00"
      },
      {
        "y": 5662876.170934,
        "time": "2009/08/29 20:15:00"
      },
      {
        "y": 5549457.74608,
        "time": "2009/08/29 20:30:00"
      },
      {
        "y": 5448545.378244,
        "time": "2009/08/29 20:45:00"
      },
      {
        "y": 5296815.131409,
        "time": "2009/08/29 21:00:00"
      },
      {
        "y": 5235326.79354,
        "time": "2009/08/29 21:15:00"
      },
      {
        "y": 5130398.636356,
        "time": "2009/08/29 21:30:00"
      },
      {
        "y": 5030282.859447,
        "time": "2009/08/29 21:45:00"
      },
      {
        "y": 0.0,
        "time": "2009/08/29 22:00:00"
      },
      {
        "y": 0.0,
        "time": "2009/08/29 22:15:00"
      },
      {
        "y": 0.0,
        "time": "2009/08/29 22:30:00"
      },
      {
        "y": 0.0,
        "time": "2009/08/29 22:45:00"
      },
      {
        "y": 0.0,
        "time": "2009/08/29 23:00:00"
      },
      {
        "y": 0.0,
        "time": "2009/08/29 23:15:00"
      },
      {
        "y": 0.0,
        "time": "2009/08/29 23:30:00"
      },
      {
        "y": 0.0,
        "time": "2009/08/29 23:45:00"
      }
    ],
    "cvrmse": 57.401333,
    "nmbe": 31.612281
  },
  {
    "name": "Rooftop Cooling Coil Metered",
    "type": "Cooling Coil Electric Energy",
    "color": "red",
    "units": "J",
    "displayname": "Cooling Consumption",
    "data": [
      {
        "y": 97888.932,
        "time": "2009/08/29 00:00:00"
      },
      {
        "y": 97888.932,
        "time": "2009/08/29 00:15:00"
      },
      {
        "y": 97888.932,
        "time": "2009/08/29 00:30:00"
      },
      {
        "y": 98719.92,
        "time": "2009/08/29 00:45:00"
      },
      {
        "y": 97888.932,
        "time": "2009/08/29 01:00:00"
      },
      {
        "y": 98719.92,
        "time": "2009/08/29 01:15:00"
      },
      {
        "y": 97888.932,
        "time": "2009/08/29 01:30:00"
      },
      {
        "y": 98719.92,
        "time": "2009/08/29 01:45:00"
      },
      {
        "y": 98719.92,
        "time": "2009/08/29 02:00:00"
      },
      {
        "y": 97888.932,
        "time": "2009/08/29 02:15:00"
      },
      {
        "y": 98719.92,
        "time": "2009/08/29 02:30:00"
      },
      {
        "y": 97722.72,
        "time": "2009/08/29 02:45:00"
      },
      {
        "y": 98719.92,
        "time": "2009/08/29 03:00:00"
      },
      {
        "y": 97888.932,
        "time": "2009/08/29 03:15:00"
      },
      {
        "y": 98553.708,
        "time": "2009/08/29 03:30:00"
      },
      {
        "y": 98719.92,
        "time": "2009/08/29 03:45:00"
      },
      {
        "y": 97888.932,
        "time": "2009/08/29 04:00:00"
      },
      {
        "y": 98719.92,
        "time": "2009/08/29 04:15:00"
      },
      {
        "y": 98719.92,
        "time": "2009/08/29 04:30:00"
      },
      {
        "y": 98055.144,
        "time": "2009/08/29 04:45:00"
      },
      {
        "y": 98719.92,
        "time": "2009/08/29 05:00:00"
      },
      {
        "y": 97888.932,
        "time": "2009/08/29 05:15:00"
      },
      {
        "y": 97888.932,
        "time": "2009/08/29 05:30:00"
      },
      {
        "y": 98055.144,
        "time": "2009/08/29 05:45:00"
      },
      {
        "y": 97888.932,
        "time": "2009/08/29 06:00:00"
      },
      {
        "y": 98719.92,
        "time": "2009/08/29 06:15:00"
      },
      {
        "y": 97888.932,
        "time": "2009/08/29 06:30:00"
      },
      {
        "y": 1076735.88,
        "time": "2009/08/29 06:45:00"
      },
      {
        "y": 1009318.32,
        "time": "2009/08/29 07:00:00"
      },
      {
        "y": 9301242.6,
        "time": "2009/08/29 07:15:00"
      },
      {
        "y": 8564655.6,
        "time": "2009/08/29 07:30:00"
      },
      {
        "y": 7575115.68,
        "time": "2009/08/29 07:45:00"
      },
      {
        "y": 5407899.12,
        "time": "2009/08/29 08:00:00"
      },
      {
        "y": 3481672.32,
        "time": "2009/08/29 08:15:00"
      },
      {
        "y": 6422369.04,
        "time": "2009/08/29 08:30:00"
      },
      {
        "y": 5530223.16,
        "time": "2009/08/29 08:45:00"
      },
      {
        "y": 5460252.12,
        "time": "2009/08/29 09:00:00"
      },
      {
        "y": 4618959.48,
        "time": "2009/08/29 09:15:00"
      },
      {
        "y": 6935257.44,
        "time": "2009/08/29 09:30:00"
      },
      {
        "y": 7560824.76,
        "time": "2009/08/29 09:45:00"
      },
      {
        "y": 7270145.28,
        "time": "2009/08/29 10:00:00"
      },
      {
        "y": 6705072.72,
        "time": "2009/08/29 10:15:00"
      },
      {
        "y": 6655877.28,
        "time": "2009/08/29 10:30:00"
      },
      {
        "y": 6883238.16,
        "time": "2009/08/29 10:45:00"
      },
      {
        "y": 7343605.44,
        "time": "2009/08/29 11:00:00"
      },
      {
        "y": 5991753.24,
        "time": "2009/08/29 11:15:00"
      },
      {
        "y": 8236583.64,
        "time": "2009/08/29 11:30:00"
      },
      {
        "y": 6080171.4,
        "time": "2009/08/29 11:45:00"
      },
      {
        "y": 11449846.8,
        "time": "2009/08/29 12:00:00"
      },
      {
        "y": 6780861.0,
        "time": "2009/08/29 12:15:00"
      },
      {
        "y": 6171411.96,
        "time": "2009/08/29 12:30:00"
      },
      {
        "y": 6259997.88,
        "time": "2009/08/29 12:45:00"
      },
      {
        "y": 11481924.24,
        "time": "2009/08/29 13:00:00"
      },
      {
        "y": 13608255.24,
        "time": "2009/08/29 13:15:00"
      },
      {
        "y": 6681142.44,
        "time": "2009/08/29 13:30:00"
      },
      {
        "y": 9946924.2,
        "time": "2009/08/29 13:45:00"
      },
      {
        "y": 8498842.92,
        "time": "2009/08/29 14:00:00"
      },
      {
        "y": 10482579.36,
        "time": "2009/08/29 14:15:00"
      },
      {
        "y": 8489036.88,
        "time": "2009/08/29 14:30:00"
      },
      {
        "y": 11700971.64,
        "time": "2009/08/29 14:45:00"
      },
      {
        "y": 7847351.64,
        "time": "2009/08/29 15:00:00"
      },
      {
        "y": 10077057.72,
        "time": "2009/08/29 15:15:00"
      },
      {
        "y": 13985525.16,
        "time": "2009/08/29 15:30:00"
      },
      {
        "y": 13935665.88,
        "time": "2009/08/29 15:45:00"
      },
      {
        "y": 13954279.32,
        "time": "2009/08/29 16:00:00"
      },
      {
        "y": 7098963.48,
        "time": "2009/08/29 16:15:00"
      },
      {
        "y": 10742347.44,
        "time": "2009/08/29 16:30:00"
      },
      {
        "y": 14190112.8,
        "time": "2009/08/29 16:45:00"
      },
      {
        "y": 14132943.0,
        "time": "2009/08/29 17:00:00"
      },
      {
        "y": 13186612.8,
        "time": "2009/08/29 17:15:00"
      },
      {
        "y": 6485358.96,
        "time": "2009/08/29 17:30:00"
      },
      {
        "y": 12424266.72,
        "time": "2009/08/29 17:45:00"
      },
      {
        "y": 14151224.52,
        "time": "2009/08/29 18:00:00"
      },
      {
        "y": 13934167.92,
        "time": "2009/08/29 18:15:00"
      },
      {
        "y": 12281834.16,
        "time": "2009/08/29 18:30:00"
      },
      {
        "y": 9342959.76,
        "time": "2009/08/29 18:45:00"
      },
      {
        "y": 10839404.16,
        "time": "2009/08/29 19:00:00"
      },
      {
        "y": 9910856.88,
        "time": "2009/08/29 19:15:00"
      },
      {
        "y": 8870959.44,
        "time": "2009/08/29 19:30:00"
      },
      {
        "y": 7421383.44,
        "time": "2009/08/29 19:45:00"
      },
      {
        "y": 9157814.28,
        "time": "2009/08/29 20:00:00"
      },
      {
        "y": 5898183.12,
        "time": "2009/08/29 20:15:00"
      },
      {
        "y": 5868432.36,
        "time": "2009/08/29 20:30:00"
      },
      {
        "y": 5843836.44,
        "time": "2009/08/29 20:45:00"
      },
      {
        "y": 8642436.48,
        "time": "2009/08/29 21:00:00"
      },
      {
        "y": 8242565.76,
        "time": "2009/08/29 21:15:00"
      },
      {
        "y": 6842018.52,
        "time": "2009/08/29 21:30:00"
      },
      {
        "y": 2813311.44,
        "time": "2009/08/29 21:45:00"
      },
      {
        "y": 97722.72,
        "time": "2009/08/29 22:00:00"
      },
      {
        "y": 97224.156,
        "time": "2009/08/29 22:15:00"
      },
      {
        "y": 97057.944,
        "time": "2009/08/29 22:30:00"
      },
      {
        "y": 98719.92,
        "time": "2009/08/29 22:45:00"
      },
      {
        "y": 97722.72,
        "time": "2009/08/29 23:00:00"
      },
      {
        "y": 97888.932,
        "time": "2009/08/29 23:15:00"
      },
      {
        "y": 96891.732,
        "time": "2009/08/29 23:30:00"
      },
      {
        "y": 97888.932,
        "time": "2009/08/29 23:45:00"
      }
    ],
    "cvrmse": 57.401333,
    "nmbe": 31.612281
  }
]