[
  {
    "name": " Simulated",
    "type": "Heating:Electricity",
    "color": "blue",
    "units": "J",
    "displayname": "Heating Consumption",
    "data": [
      {
        "y": 0.0,
        "time": "2009/09/01 00:00:00"
      },
      {
        "y": 0.0,
        "time": "2009/09/01 00:15:00"
      },
      {
        "y": 0.0,
        "time": "2009/09/01 00:30:00"
      },
      {
        "y": 0.0,
        "time": "2009/09/01 00:45:00"
      },
      {
        "y": 0.0,
        "time": "2009/09/01 01:00:00"
      },
      {
        "y": 0.0,
        "time": "2009/09/01 01:15:00"
      },
      {
        "y": 0.0,
        "time": "2009/09/01 01:30:00"
      },
      {
        "y": 0.0,
        "time": "2009/09/01 01:45:00"
      },
      {
        "y": 0.0,
        "time": "2009/09/01 02:00:00"
      },
      {
        "y": 0.0,
        "time": "2009/09/01 02:15:00"
      },
      {
        "y": 0.0,
        "time": "2009/09/01 02:30:00"
      },
      {
        "y": 0.0,
        "time": "2009/09/01 02:45:00"
      },
      {
        "y": 0.0,
        "time": "2009/09/01 03:00:00"
      },
      {
        "y": 0.0,
        "time": "2009/09/01 03:15:00"
      },
      {
        "y": 0.0,
        "time": "2009/09/01 03:30:00"
      },
      {
        "y": 0.0,
        "time": "2009/09/01 03:45:00"
      },
      {
        "y": 0.0,
        "time": "2009/09/01 04:00:00"
      },
      {
        "y": 0.0,
        "time": "2009/09/01 04:15:00"
      },
      {
        "y": 0.0,
        "time": "2009/09/01 04:30:00"
      },
      {
        "y": 0.0,
        "time": "2009/09/01 04:45:00"
      },
      {
        "y": 0.0,
        "time": "2009/09/01 05:00:00"
      },
      {
        "y": 0.0,
        "time": "2009/09/01 05:15:00"
      },
      {
        "y": 0.0,
        "time": "2009/09/01 05:30:00"
      },
      {
        "y": 0.0,
        "time": "2009/09/01 05:45:00"
      },
      {
        "y": 0.0,
        "time": "2009/09/01 06:00:00"
      },
      {
        "y": 0.0,
        "time": "2009/09/01 06:15:00"
      },
      {
        "y": 0.0,
        "time": "2009/09/01 06:30:00"
      },
      {
        "y": 0.0,
        "time": "2009/09/01 06:45:00"
      },
      {
        "y": 0.0,
        "time": "2009/09/01 07:00:00"
      },
      {
        "y": 402268.221456,
        "time": "2009/09/01 07:15:00"
      },
      {
        "y": 4433890.647825,
        "time": "2009/09/01 07:30:00"
      },
      {
        "y": 3784355.651066,
        "time": "2009/09/01 07:45:00"
      },
      {
        "y": 4695662.358289,
        "time": "2009/09/01 08:00:00"
      },
      {
        "y": 4319159.33335,
        "time": "2009/09/01 08:15:00"
      },
      {
        "y": 4288296.318881,
        "time": "2009/09/01 08:30:00"
      },
      {
        "y": 4385511.470627,
        "time": "2009/09/01 08:45:00"
      },
      {
        "y": 4413900.010787,
        "time": "2009/09/01 09:00:00"
      },
      {
        "y": 3969647.522128,
        "time": "2009/09/01 09:15:00"
      },
      {
        "y": 3889666.199384,
        "time": "2009/09/01 09:30:00"
      },
      {
        "y": 3627636.134679,
        "time": "2009/09/01 09:45:00"
      },
      {
        "y": 3461896.519796,
        "time": "2009/09/01 10:00:00"
      },
      {
        "y": 1945314.723853,
        "time": "2009/09/01 10:15:00"
      },
      {
        "y": 1129883.272316,
        "time": "2009/09/01 10:30:00"
      },
      {
        "y": 1354905.376522,
        "time": "2009/09/01 10:45:00"
      },
      {
        "y": 613925.773494,
        "time": "2009/09/01 11:00:00"
      },
      {
        "y": 297927.299165,
        "time": "2009/09/01 11:15:00"
      },
      {
        "y": 191791.975867,
        "time": "2009/09/01 11:30:00"
      },
      {
        "y": 168666.440319,
        "time": "2009/09/01 11:45:00"
      },
      {
        "y": 155721.255347,
        "time": "2009/09/01 12:00:00"
      },
      {
        "y": 146178.353401,
        "time": "2009/09/01 12:15:00"
      },
      {
        "y": 136076.746003,
        "time": "2009/09/01 12:30:00"
      },
      {
        "y": 127128.180657,
        "time": "2009/09/01 12:45:00"
      },
      {
        "y": 116765.065362,
        "time": "2009/09/01 13:00:00"
      },
      {
        "y": 111057.312703,
        "time": "2009/09/01 13:15:00"
      },
      {
        "y": 142102.880698,
        "time": "2009/09/01 13:30:00"
      },
      {
        "y": 287719.455796,
        "time": "2009/09/01 13:45:00"
      },
      {
        "y": 322848.717257,
        "time": "2009/09/01 14:00:00"
      },
      {
        "y": 308583.215599,
        "time": "2009/09/01 14:15:00"
      },
      {
        "y": 172269.712524,
        "time": "2009/09/01 14:30:00"
      },
      {
        "y": 149416.477518,
        "time": "2009/09/01 14:45:00"
      },
      {
        "y": 138522.592555,
        "time": "2009/09/01 15:00:00"
      },
      {
        "y": 120638.07944,
        "time": "2009/09/01 15:15:00"
      },
      {
        "y": 103815.001037,
        "time": "2009/09/01 15:30:00"
      },
      {
        "y": 98261.867641,
        "time": "2009/09/01 15:45:00"
      },
      {
        "y": 104264.578971,
        "time": "2009/09/01 16:00:00"
      },
      {
        "y": 310922.613526,
        "time": "2009/09/01 16:15:00"
      },
      {
        "y": 312087.215804,
        "time": "2009/09/01 16:30:00"
      },
      {
        "y": 119987.100318,
        "time": "2009/09/01 16:45:00"
      },
      {
        "y": 114103.795556,
        "time": "2009/09/01 17:00:00"
      },
      {
        "y": 195711.311642,
        "time": "2009/09/01 17:15:00"
      },
      {
        "y": 327017.834363,
        "time": "2009/09/01 17:30:00"
      },
      {
        "y": 541361.661768,
        "time": "2009/09/01 17:45:00"
      },
      {
        "y": 547559.524251,
        "time": "2009/09/01 18:00:00"
      },
      {
        "y": 0.0,
        "time": "2009/09/01 18:15:00"
      },
      {
        "y": 0.0,
        "time": "2009/09/01 18:30:00"
      },
      {
        "y": 0.0,
        "time": "2009/09/01 18:45:00"
      },
      {
        "y": 0.0,
        "time": "2009/09/01 19:00:00"
      },
      {
        "y": 0.0,
        "time": "2009/09/01 19:15:00"
      },
      {
        "y": 0.0,
        "time": "2009/09/01 19:30:00"
      },
      {
        "y": 0.0,
        "time": "2009/09/01 19:45:00"
      },
      {
        "y": 0.0,
        "time": "2009/09/01 20:00:00"
      },
      {
        "y": 0.0,
        "time": "2009/09/01 20:15:00"
      },
      {
        "y": 0.0,
        "time": "2009/09/01 20:30:00"
      },
      {
        "y": 0.0,
        "time": "2009/09/01 20:45:00"
      },
      {
        "y": 0.0,
        "time": "2009/09/01 21:00:00"
      },
      {
        "y": 0.0,
        "time": "2009/09/01 21:15:00"
      },
      {
        "y": 0.0,
        "time": "2009/09/01 21:30:00"
      },
      {
        "y": 0.0,
        "time": "2009/09/01 21:45:00"
      },
      {
        "y": 0.0,
        "time": "2009/09/01 22:00:00"
      },
      {
        "y": 0.0,
        "time": "2009/09/01 22:15:00"
      },
      {
        "y": 0.0,
        "time": "2009/09/01 22:30:00"
      },
      {
        "y": 0.0,
        "time": "2009/09/01 22:45:00"
      },
      {
        "y": 0.0,
        "time": "2009/09/01 23:00:00"
      },
      {
        "y": 0.0,
        "time": "2009/09/01 23:15:00"
      },
      {
        "y": 0.0,
        "time": "2009/09/01 23:30:00"
      },
      {
        "y": 0.0,
        "time": "2009/09/01 23:45:00"
      }
    ],
    "cvrmse": 148.473336,
    "nmbe": 77.550802
  },
  {
    "name": " Metered",
    "type": "Heating:Electricity",
    "color": "red",
    "units": "J",
    "displayname": "Heating Consumption",
    "data": [
      {
        "y": 76951.044,
        "time": "2009/09/01 00:00:00"
      },
      {
        "y": 76951.08,
        "time": "2009/09/01 00:15:00"
      },
      {
        "y": 76577.112,
        "time": "2009/09/01 00:30:00"
      },
      {
        "y": 76743.324,
        "time": "2009/09/01 00:45:00"
      },
      {
        "y": 76784.868,
        "time": "2009/09/01 01:00:00"
      },
      {
        "y": 76701.78,
        "time": "2009/09/01 01:15:00"
      },
      {
        "y": 76577.112,
        "time": "2009/09/01 01:30:00"
      },
      {
        "y": 76909.572,
        "time": "2009/09/01 01:45:00"
      },
      {
        "y": 76494.024,
        "time": "2009/09/01 02:00:00"
      },
      {
        "y": 76535.568,
        "time": "2009/09/01 02:15:00"
      },
      {
        "y": 76909.536,
        "time": "2009/09/01 02:30:00"
      },
      {
        "y": 76494.024,
        "time": "2009/09/01 02:45:00"
      },
      {
        "y": 76161.6,
        "time": "2009/09/01 03:00:00"
      },
      {
        "y": 76867.992,
        "time": "2009/09/01 03:15:00"
      },
      {
        "y": 76577.148,
        "time": "2009/09/01 03:30:00"
      },
      {
        "y": 76494.024,
        "time": "2009/09/01 03:45:00"
      },
      {
        "y": 76618.692,
        "time": "2009/09/01 04:00:00"
      },
      {
        "y": 76161.636,
        "time": "2009/09/01 04:15:00"
      },
      {
        "y": 76452.516,
        "time": "2009/09/01 04:30:00"
      },
      {
        "y": 76369.392,
        "time": "2009/09/01 04:45:00"
      },
      {
        "y": 76286.268,
        "time": "2009/09/01 05:00:00"
      },
      {
        "y": 76410.936,
        "time": "2009/09/01 05:15:00"
      },
      {
        "y": 76203.18,
        "time": "2009/09/01 05:30:00"
      },
      {
        "y": 76161.636,
        "time": "2009/09/01 05:45:00"
      },
      {
        "y": 76452.48,
        "time": "2009/09/01 06:00:00"
      },
      {
        "y": 76286.268,
        "time": "2009/09/01 06:15:00"
      },
      {
        "y": 76535.604,
        "time": "2009/09/01 06:30:00"
      },
      {
        "y": 97850.556,
        "time": "2009/09/01 06:45:00"
      },
      {
        "y": 114179.544,
        "time": "2009/09/01 07:00:00"
      },
      {
        "y": 114553.512,
        "time": "2009/09/01 07:15:00"
      },
      {
        "y": 114138.0,
        "time": "2009/09/01 07:30:00"
      },
      {
        "y": 950391.936,
        "time": "2009/09/01 07:45:00"
      },
      {
        "y": 1426464.612,
        "time": "2009/09/01 08:00:00"
      },
      {
        "y": 1258009.128,
        "time": "2009/09/01 08:15:00"
      },
      {
        "y": 2439568.44,
        "time": "2009/09/01 08:30:00"
      },
      {
        "y": 3408542.568,
        "time": "2009/09/01 08:45:00"
      },
      {
        "y": 3348374.076,
        "time": "2009/09/01 09:00:00"
      },
      {
        "y": 3364371.72,
        "time": "2009/09/01 09:15:00"
      },
      {
        "y": 3455746.848,
        "time": "2009/09/01 09:30:00"
      },
      {
        "y": 3650148.648,
        "time": "2009/09/01 09:45:00"
      },
      {
        "y": 3742124.148,
        "time": "2009/09/01 10:00:00"
      },
      {
        "y": 3461127.408,
        "time": "2009/09/01 10:15:00"
      },
      {
        "y": 3851159.58,
        "time": "2009/09/01 10:30:00"
      },
      {
        "y": 3107205.504,
        "time": "2009/09/01 10:45:00"
      },
      {
        "y": 2730321.324,
        "time": "2009/09/01 11:00:00"
      },
      {
        "y": 2270537.172,
        "time": "2009/09/01 11:15:00"
      },
      {
        "y": 2271233.772,
        "time": "2009/09/01 11:30:00"
      },
      {
        "y": 2215014.624,
        "time": "2009/09/01 11:45:00"
      },
      {
        "y": 2861514.72,
        "time": "2009/09/01 12:00:00"
      },
      {
        "y": 1881464.04,
        "time": "2009/09/01 12:15:00"
      },
      {
        "y": 1644411.384,
        "time": "2009/09/01 12:30:00"
      },
      {
        "y": 1572529.86,
        "time": "2009/09/01 12:45:00"
      },
      {
        "y": 2198633.472,
        "time": "2009/09/01 13:00:00"
      },
      {
        "y": 2648257.416,
        "time": "2009/09/01 13:15:00"
      },
      {
        "y": 3763122.372,
        "time": "2009/09/01 13:30:00"
      },
      {
        "y": 2955726.72,
        "time": "2009/09/01 13:45:00"
      },
      {
        "y": 3238657.488,
        "time": "2009/09/01 14:00:00"
      },
      {
        "y": 3185934.084,
        "time": "2009/09/01 14:15:00"
      },
      {
        "y": 2857543.092,
        "time": "2009/09/01 14:30:00"
      },
      {
        "y": 2408487.984,
        "time": "2009/09/01 14:45:00"
      },
      {
        "y": 1918378.368,
        "time": "2009/09/01 15:00:00"
      },
      {
        "y": 1990623.816,
        "time": "2009/09/01 15:15:00"
      },
      {
        "y": 2372688.324,
        "time": "2009/09/01 15:30:00"
      },
      {
        "y": 3238930.584,
        "time": "2009/09/01 15:45:00"
      },
      {
        "y": 2790578.304,
        "time": "2009/09/01 16:00:00"
      },
      {
        "y": 3172036.14,
        "time": "2009/09/01 16:15:00"
      },
      {
        "y": 3201885.36,
        "time": "2009/09/01 16:30:00"
      },
      {
        "y": 2089441.296,
        "time": "2009/09/01 16:45:00"
      },
      {
        "y": 2933027.424,
        "time": "2009/09/01 17:00:00"
      },
      {
        "y": 4043172.816,
        "time": "2009/09/01 17:15:00"
      },
      {
        "y": 3734849.664,
        "time": "2009/09/01 17:30:00"
      },
      {
        "y": 4266860.724,
        "time": "2009/09/01 17:45:00"
      },
      {
        "y": 5805260.208,
        "time": "2009/09/01 18:00:00"
      },
      {
        "y": 6763789.908,
        "time": "2009/09/01 18:15:00"
      },
      {
        "y": 6526894.644,
        "time": "2009/09/01 18:30:00"
      },
      {
        "y": 5626165.5,
        "time": "2009/09/01 18:45:00"
      },
      {
        "y": 9514964.52,
        "time": "2009/09/01 19:00:00"
      },
      {
        "y": 6798117.744,
        "time": "2009/09/01 19:15:00"
      },
      {
        "y": 7004751.048,
        "time": "2009/09/01 19:30:00"
      },
      {
        "y": 8946256.896,
        "time": "2009/09/01 19:45:00"
      },
      {
        "y": 10124403.84,
        "time": "2009/09/01 20:00:00"
      },
      {
        "y": 10888648.776,
        "time": "2009/09/01 20:15:00"
      },
      {
        "y": 10586270.808,
        "time": "2009/09/01 20:30:00"
      },
      {
        "y": 11099889.576,
        "time": "2009/09/01 20:45:00"
      },
      {
        "y": 9567285.84,
        "time": "2009/09/01 21:00:00"
      },
      {
        "y": 10189502.352,
        "time": "2009/09/01 21:15:00"
      },
      {
        "y": 10723188.456,
        "time": "2009/09/01 21:30:00"
      },
      {
        "y": 4846295.952,
        "time": "2009/09/01 21:45:00"
      },
      {
        "y": 77532.768,
        "time": "2009/09/01 22:00:00"
      },
      {
        "y": 76867.956,
        "time": "2009/09/01 22:15:00"
      },
      {
        "y": 77034.132,
        "time": "2009/09/01 22:30:00"
      },
      {
        "y": 77325.012,
        "time": "2009/09/01 22:45:00"
      },
      {
        "y": 77158.8,
        "time": "2009/09/01 23:00:00"
      },
      {
        "y": 77117.256,
        "time": "2009/09/01 23:15:00"
      },
      {
        "y": 77158.8,
        "time": "2009/09/01 23:30:00"
      },
      {
        "y": 77075.712,
        "time": "2009/09/01 23:45:00"
      }
    ],
    "cvrmse": 148.473336,
    "nmbe": 77.550802
  }
]