[
  {
    "name": "ROOFTOP SUPPLY FAN Simulated",
    "type": "Fan Electric Energy",
    "color": "blue",
    "units": "J",
    "displayname": "Fan Consumption",
    "data": [
      {
        "y": 0.0,
        "time": "2009/09/02 00:00:00"
      },
      {
        "y": 0.0,
        "time": "2009/09/02 00:15:00"
      },
      {
        "y": 0.0,
        "time": "2009/09/02 00:30:00"
      },
      {
        "y": 0.0,
        "time": "2009/09/02 00:45:00"
      },
      {
        "y": 0.0,
        "time": "2009/09/02 01:00:00"
      },
      {
        "y": 0.0,
        "time": "2009/09/02 01:15:00"
      },
      {
        "y": 0.0,
        "time": "2009/09/02 01:30:00"
      },
      {
        "y": 0.0,
        "time": "2009/09/02 01:45:00"
      },
      {
        "y": 0.0,
        "time": "2009/09/02 02:00:00"
      },
      {
        "y": 0.0,
        "time": "2009/09/02 02:15:00"
      },
      {
        "y": 0.0,
        "time": "2009/09/02 02:30:00"
      },
      {
        "y": 0.0,
        "time": "2009/09/02 02:45:00"
      },
      {
        "y": 0.0,
        "time": "2009/09/02 03:00:00"
      },
      {
        "y": 0.0,
        "time": "2009/09/02 03:15:00"
      },
      {
        "y": 0.0,
        "time": "2009/09/02 03:30:00"
      },
      {
        "y": 0.0,
        "time": "2009/09/02 03:45:00"
      },
      {
        "y": 0.0,
        "time": "2009/09/02 04:00:00"
      },
      {
        "y": 0.0,
        "time": "2009/09/02 04:15:00"
      },
      {
        "y": 0.0,
        "time": "2009/09/02 04:30:00"
      },
      {
        "y": 0.0,
        "time": "2009/09/02 04:45:00"
      },
      {
        "y": 0.0,
        "time": "2009/09/02 05:00:00"
      },
      {
        "y": 0.0,
        "time": "2009/09/02 05:15:00"
      },
      {
        "y": 0.0,
        "time": "2009/09/02 05:30:00"
      },
      {
        "y": 0.0,
        "time": "2009/09/02 05:45:00"
      },
      {
        "y": 0.0,
        "time": "2009/09/02 06:00:00"
      },
      {
        "y": 0.0,
        "time": "2009/09/02 06:15:00"
      },
      {
        "y": 0.0,
        "time": "2009/09/02 06:30:00"
      },
      {
        "y": 0.0,
        "time": "2009/09/02 06:45:00"
      },
      {
        "y": 1913352.375,
        "time": "2009/09/02 07:00:00"
      },
      {
        "y": 1913352.375,
        "time": "2009/09/02 07:15:00"
      },
      {
        "y": 1913352.375,
        "time": "2009/09/02 07:30:00"
      },
      {
        "y": 1913352.375,
        "time": "2009/09/02 07:45:00"
      },
      {
        "y": 1913352.375,
        "time": "2009/09/02 08:00:00"
      },
      {
        "y": 1913352.375,
        "time": "2009/09/02 08:15:00"
      },
      {
        "y": 1913352.375,
        "time": "2009/09/02 08:30:00"
      },
      {
        "y": 1913352.375,
        "time": "2009/09/02 08:45:00"
      },
      {
        "y": 1913352.375,
        "time": "2009/09/02 09:00:00"
      },
      {
        "y": 1913352.375,
        "time": "2009/09/02 09:15:00"
      },
      {
        "y": 1913352.375,
        "time": "2009/09/02 09:30:00"
      },
      {
        "y": 1913352.375,
        "time": "2009/09/02 09:45:00"
      },
      {
        "y": 1913352.375,
        "time": "2009/09/02 10:00:00"
      },
      {
        "y": 1913352.375,
        "time": "2009/09/02 10:15:00"
      },
      {
        "y": 1913352.375,
        "time": "2009/09/02 10:30:00"
      },
      {
        "y": 1913352.375,
        "time": "2009/09/02 10:45:00"
      },
      {
        "y": 1913352.375,
        "time": "2009/09/02 11:00:00"
      },
      {
        "y": 1913352.375,
        "time": "2009/09/02 11:15:00"
      },
      {
        "y": 1913352.375,
        "time": "2009/09/02 11:30:00"
      },
      {
        "y": 1913352.375,
        "time": "2009/09/02 11:45:00"
      },
      {
        "y": 1913352.375,
        "time": "2009/09/02 12:00:00"
      },
      {
        "y": 1913352.375,
        "time": "2009/09/02 12:15:00"
      },
      {
        "y": 1913352.375,
        "time": "2009/09/02 12:30:00"
      },
      {
        "y": 1913352.375,
        "time": "2009/09/02 12:45:00"
      },
      {
        "y": 1913352.375,
        "time": "2009/09/02 13:00:00"
      },
      {
        "y": 1913352.375,
        "time": "2009/09/02 13:15:00"
      },
      {
        "y": 1913352.375,
        "time": "2009/09/02 13:30:00"
      },
      {
        "y": 1913352.375,
        "time": "2009/09/02 13:45:00"
      },
      {
        "y": 1913352.375,
        "time": "2009/09/02 14:00:00"
      },
      {
        "y": 1913352.375,
        "time": "2009/09/02 14:15:00"
      },
      {
        "y": 1913352.375,
        "time": "2009/09/02 14:30:00"
      },
      {
        "y": 1913352.375,
        "time": "2009/09/02 14:45:00"
      },
      {
        "y": 1913352.375,
        "time": "2009/09/02 15:00:00"
      },
      {
        "y": 1913352.375,
        "time": "2009/09/02 15:15:00"
      },
      {
        "y": 1913352.375,
        "time": "2009/09/02 15:30:00"
      },
      {
        "y": 1913352.375,
        "time": "2009/09/02 15:45:00"
      },
      {
        "y": 1913352.375,
        "time": "2009/09/02 16:00:00"
      },
      {
        "y": 1913352.375,
        "time": "2009/09/02 16:15:00"
      },
      {
        "y": 1913352.375,
        "time": "2009/09/02 16:30:00"
      },
      {
        "y": 1913352.375,
        "time": "2009/09/02 16:45:00"
      },
      {
        "y": 1913352.375,
        "time": "2009/09/02 17:00:00"
      },
      {
        "y": 1913352.375,
        "time": "2009/09/02 17:15:00"
      },
      {
        "y": 1913352.375,
        "time": "2009/09/02 17:30:00"
      },
      {
        "y": 1913352.375,
        "time": "2009/09/02 17:45:00"
      },
      {
        "y": 1913352.375,
        "time": "2009/09/02 18:00:00"
      },
      {
        "y": 1913352.375,
        "time": "2009/09/02 18:15:00"
      },
      {
        "y": 1913352.375,
        "time": "2009/09/02 18:30:00"
      },
      {
        "y": 1913352.375,
        "time": "2009/09/02 18:45:00"
      },
      {
        "y": 1913352.375,
        "time": "2009/09/02 19:00:00"
      },
      {
        "y": 1913352.375,
        "time": "2009/09/02 19:15:00"
      },
      {
        "y": 1913352.375,
        "time": "2009/09/02 19:30:00"
      },
      {
        "y": 1913352.375,
        "time": "2009/09/02 19:45:00"
      },
      {
        "y": 1913352.375,
        "time": "2009/09/02 20:00:00"
      },
      {
        "y": 1913352.375,
        "time": "2009/09/02 20:15:00"
      },
      {
        "y": 1913352.375,
        "time": "2009/09/02 20:30:00"
      },
      {
        "y": 1913352.375,
        "time": "2009/09/02 20:45:00"
      },
      {
        "y": 1913352.375,
        "time": "2009/09/02 21:00:00"
      },
      {
        "y": 1913352.375,
        "time": "2009/09/02 21:15:00"
      },
      {
        "y": 1913352.375,
        "time": "2009/09/02 21:30:00"
      },
      {
        "y": 0.0,
        "time": "2009/09/02 21:45:00"
      },
      {
        "y": 0.0,
        "time": "2009/09/02 22:00:00"
      },
      {
        "y": 0.0,
        "time": "2009/09/02 22:15:00"
      },
      {
        "y": 0.0,
        "time": "2009/09/02 22:30:00"
      },
      {
        "y": 0.0,
        "time": "2009/09/02 22:45:00"
      },
      {
        "y": 0.0,
        "time": "2009/09/02 23:00:00"
      },
      {
        "y": 0.0,
        "time": "2009/09/02 23:15:00"
      },
      {
        "y": 0.0,
        "time": "2009/09/02 23:30:00"
      },
      {
        "y": 0.0,
        "time": "2009/09/02 23:45:00"
      }
    ],
    "cvrmse": 10.199519,
    "nmbe": 4.203957
  },
  {
    "name": "ROOFTOP SUPPLY FAN Metered",
    "type": "Fan Electric Energy",
    "color": "red",
    "units": "J",
    "displayname": "Fan Consumption",
    "data": [
      {
        "y": 16787.412,
        "time": "2009/09/02 00:00:00"
      },
      {
        "y": 16787.412,
        "time": "2009/09/02 00:15:00"
      },
      {
        "y": 16787.412,
        "time": "2009/09/02 00:30:00"
      },
      {
        "y": 16787.412,
        "time": "2009/09/02 00:45:00"
      },
      {
        "y": 16787.412,
        "time": "2009/09/02 01:00:00"
      },
      {
        "y": 16787.412,
        "time": "2009/09/02 01:15:00"
      },
      {
        "y": 16787.412,
        "time": "2009/09/02 01:30:00"
      },
      {
        "y": 16787.412,
        "time": "2009/09/02 01:45:00"
      },
      {
        "y": 16787.412,
        "time": "2009/09/02 02:00:00"
      },
      {
        "y": 16787.412,
        "time": "2009/09/02 02:15:00"
      },
      {
        "y": 16787.412,
        "time": "2009/09/02 02:30:00"
      },
      {
        "y": 16787.412,
        "time": "2009/09/02 02:45:00"
      },
      {
        "y": 16787.412,
        "time": "2009/09/02 03:00:00"
      },
      {
        "y": 16953.624,
        "time": "2009/09/02 03:15:00"
      },
      {
        "y": 16787.412,
        "time": "2009/09/02 03:30:00"
      },
      {
        "y": 16953.624,
        "time": "2009/09/02 03:45:00"
      },
      {
        "y": 16787.412,
        "time": "2009/09/02 04:00:00"
      },
      {
        "y": 16953.624,
        "time": "2009/09/02 04:15:00"
      },
      {
        "y": 16953.624,
        "time": "2009/09/02 04:30:00"
      },
      {
        "y": 16787.412,
        "time": "2009/09/02 04:45:00"
      },
      {
        "y": 16953.624,
        "time": "2009/09/02 05:00:00"
      },
      {
        "y": 16953.624,
        "time": "2009/09/02 05:15:00"
      },
      {
        "y": 16953.624,
        "time": "2009/09/02 05:30:00"
      },
      {
        "y": 16787.412,
        "time": "2009/09/02 05:45:00"
      },
      {
        "y": 16953.624,
        "time": "2009/09/02 06:00:00"
      },
      {
        "y": 16787.412,
        "time": "2009/09/02 06:15:00"
      },
      {
        "y": 16787.412,
        "time": "2009/09/02 06:30:00"
      },
      {
        "y": 683131.32,
        "time": "2009/09/02 06:45:00"
      },
      {
        "y": 1959140.52,
        "time": "2009/09/02 07:00:00"
      },
      {
        "y": 1970443.08,
        "time": "2009/09/02 07:15:00"
      },
      {
        "y": 1968780.96,
        "time": "2009/09/02 07:30:00"
      },
      {
        "y": 1958808.24,
        "time": "2009/09/02 07:45:00"
      },
      {
        "y": 1960803.0,
        "time": "2009/09/02 08:00:00"
      },
      {
        "y": 1962631.44,
        "time": "2009/09/02 08:15:00"
      },
      {
        "y": 1959639.48,
        "time": "2009/09/02 08:30:00"
      },
      {
        "y": 1963794.6,
        "time": "2009/09/02 08:45:00"
      },
      {
        "y": 1956647.52,
        "time": "2009/09/02 09:00:00"
      },
      {
        "y": 1962963.72,
        "time": "2009/09/02 09:15:00"
      },
      {
        "y": 1961633.88,
        "time": "2009/09/02 09:30:00"
      },
      {
        "y": 1956979.8,
        "time": "2009/09/02 09:45:00"
      },
      {
        "y": 1958974.56,
        "time": "2009/09/02 10:00:00"
      },
      {
        "y": 1958642.28,
        "time": "2009/09/02 10:15:00"
      },
      {
        "y": 1958143.32,
        "time": "2009/09/02 10:30:00"
      },
      {
        "y": 1957811.04,
        "time": "2009/09/02 10:45:00"
      },
      {
        "y": 1959307.2,
        "time": "2009/09/02 11:00:00"
      },
      {
        "y": 1959805.44,
        "time": "2009/09/02 11:15:00"
      },
      {
        "y": 1957977.36,
        "time": "2009/09/02 11:30:00"
      },
      {
        "y": 1958974.56,
        "time": "2009/09/02 11:45:00"
      },
      {
        "y": 1958974.56,
        "time": "2009/09/02 12:00:00"
      },
      {
        "y": 1960636.68,
        "time": "2009/09/02 12:15:00"
      },
      {
        "y": 1961301.6,
        "time": "2009/09/02 12:30:00"
      },
      {
        "y": 1958642.28,
        "time": "2009/09/02 12:45:00"
      },
      {
        "y": 1959473.16,
        "time": "2009/09/02 13:00:00"
      },
      {
        "y": 1960138.08,
        "time": "2009/09/02 13:15:00"
      },
      {
        "y": 1959307.2,
        "time": "2009/09/02 13:30:00"
      },
      {
        "y": 1958475.96,
        "time": "2009/09/02 13:45:00"
      },
      {
        "y": 1959971.76,
        "time": "2009/09/02 14:00:00"
      },
      {
        "y": 1959639.48,
        "time": "2009/09/02 14:15:00"
      },
      {
        "y": 1957977.36,
        "time": "2009/09/02 14:30:00"
      },
      {
        "y": 1960304.04,
        "time": "2009/09/02 14:45:00"
      },
      {
        "y": 1959140.52,
        "time": "2009/09/02 15:00:00"
      },
      {
        "y": 1959307.2,
        "time": "2009/09/02 15:15:00"
      },
      {
        "y": 1959971.76,
        "time": "2009/09/02 15:30:00"
      },
      {
        "y": 1958974.56,
        "time": "2009/09/02 15:45:00"
      },
      {
        "y": 1958309.64,
        "time": "2009/09/02 16:00:00"
      },
      {
        "y": 1959639.48,
        "time": "2009/09/02 16:15:00"
      },
      {
        "y": 1958309.64,
        "time": "2009/09/02 16:30:00"
      },
      {
        "y": 1956647.52,
        "time": "2009/09/02 16:45:00"
      },
      {
        "y": 1956647.52,
        "time": "2009/09/02 17:00:00"
      },
      {
        "y": 1957146.12,
        "time": "2009/09/02 17:15:00"
      },
      {
        "y": 1958309.64,
        "time": "2009/09/02 17:30:00"
      },
      {
        "y": 1957312.44,
        "time": "2009/09/02 17:45:00"
      },
      {
        "y": 1957312.44,
        "time": "2009/09/02 18:00:00"
      },
      {
        "y": 1957977.36,
        "time": "2009/09/02 18:15:00"
      },
      {
        "y": 1957811.04,
        "time": "2009/09/02 18:30:00"
      },
      {
        "y": 1957146.12,
        "time": "2009/09/02 18:45:00"
      },
      {
        "y": 1958309.64,
        "time": "2009/09/02 19:00:00"
      },
      {
        "y": 1959140.52,
        "time": "2009/09/02 19:15:00"
      },
      {
        "y": 1958974.56,
        "time": "2009/09/02 19:30:00"
      },
      {
        "y": 1959307.2,
        "time": "2009/09/02 19:45:00"
      },
      {
        "y": 1961135.28,
        "time": "2009/09/02 20:00:00"
      },
      {
        "y": 1961301.6,
        "time": "2009/09/02 20:15:00"
      },
      {
        "y": 1957478.76,
        "time": "2009/09/02 20:30:00"
      },
      {
        "y": 1963628.64,
        "time": "2009/09/02 20:45:00"
      },
      {
        "y": 1959307.2,
        "time": "2009/09/02 21:00:00"
      },
      {
        "y": 1959805.44,
        "time": "2009/09/02 21:15:00"
      },
      {
        "y": 1964293.2,
        "time": "2009/09/02 21:30:00"
      },
      {
        "y": 949402.8,
        "time": "2009/09/02 21:45:00"
      },
      {
        "y": 16787.412,
        "time": "2009/09/02 22:00:00"
      },
      {
        "y": 16953.624,
        "time": "2009/09/02 22:15:00"
      },
      {
        "y": 16953.624,
        "time": "2009/09/02 22:30:00"
      },
      {
        "y": 16953.624,
        "time": "2009/09/02 22:45:00"
      },
      {
        "y": 16787.412,
        "time": "2009/09/02 23:00:00"
      },
      {
        "y": 16953.624,
        "time": "2009/09/02 23:15:00"
      },
      {
        "y": 16953.624,
        "time": "2009/09/02 23:30:00"
      },
      {
        "y": 16953.624,
        "time": "2009/09/02 23:45:00"
      }
    ],
    "cvrmse": 10.199519,
    "nmbe": 4.203957
  }
]