[
  {
    "name": "ROOFTOP SUPPLY FAN Simulated",
    "type": "Fan Electric Energy",
    "color": "blue",
    "units": "J",
    "displayname": "Fan Consumption",
    "data": [
      {
        "y": 0.0,
        "time": "2009/08/27 00:00:00"
      },
      {
        "y": 0.0,
        "time": "2009/08/27 00:15:00"
      },
      {
        "y": 0.0,
        "time": "2009/08/27 00:30:00"
      },
      {
        "y": 0.0,
        "time": "2009/08/27 00:45:00"
      },
      {
        "y": 0.0,
        "time": "2009/08/27 01:00:00"
      },
      {
        "y": 0.0,
        "time": "2009/08/27 01:15:00"
      },
      {
        "y": 0.0,
        "time": "2009/08/27 01:30:00"
      },
      {
        "y": 0.0,
        "time": "2009/08/27 01:45:00"
      },
      {
        "y": 0.0,
        "time": "2009/08/27 02:00:00"
      },
      {
        "y": 0.0,
        "time": "2009/08/27 02:15:00"
      },
      {
        "y": 0.0,
        "time": "2009/08/27 02:30:00"
      },
      {
        "y": 0.0,
        "time": "2009/08/27 02:45:00"
      },
      {
        "y": 0.0,
        "time": "2009/08/27 03:00:00"
      },
      {
        "y": 0.0,
        "time": "2009/08/27 03:15:00"
      },
      {
        "y": 0.0,
        "time": "2009/08/27 03:30:00"
      },
      {
        "y": 0.0,
        "time": "2009/08/27 03:45:00"
      },
      {
        "y": 0.0,
        "time": "2009/08/27 04:00:00"
      },
      {
        "y": 0.0,
        "time": "2009/08/27 04:15:00"
      },
      {
        "y": 0.0,
        "time": "2009/08/27 04:30:00"
      },
      {
        "y": 0.0,
        "time": "2009/08/27 04:45:00"
      },
      {
        "y": 0.0,
        "time": "2009/08/27 05:00:00"
      },
      {
        "y": 0.0,
        "time": "2009/08/27 05:15:00"
      },
      {
        "y": 0.0,
        "time": "2009/08/27 05:30:00"
      },
      {
        "y": 0.0,
        "time": "2009/08/27 05:45:00"
      },
      {
        "y": 0.0,
        "time": "2009/08/27 06:00:00"
      },
      {
        "y": 0.0,
        "time": "2009/08/27 06:15:00"
      },
      {
        "y": 0.0,
        "time": "2009/08/27 06:30:00"
      },
      {
        "y": 1596303.864,
        "time": "2009/08/27 06:45:00"
      },
      {
        "y": 1596303.864,
        "time": "2009/08/27 07:00:00"
      },
      {
        "y": 1596303.864,
        "time": "2009/08/27 07:15:00"
      },
      {
        "y": 1596303.864,
        "time": "2009/08/27 07:30:00"
      },
      {
        "y": 1596303.864,
        "time": "2009/08/27 07:45:00"
      },
      {
        "y": 1596303.864,
        "time": "2009/08/27 08:00:00"
      },
      {
        "y": 1596303.864,
        "time": "2009/08/27 08:15:00"
      },
      {
        "y": 1596303.864,
        "time": "2009/08/27 08:30:00"
      },
      {
        "y": 1596303.864,
        "time": "2009/08/27 08:45:00"
      },
      {
        "y": 1596303.864,
        "time": "2009/08/27 09:00:00"
      },
      {
        "y": 1596303.864,
        "time": "2009/08/27 09:15:00"
      },
      {
        "y": 1596303.864,
        "time": "2009/08/27 09:30:00"
      },
      {
        "y": 1596303.864,
        "time": "2009/08/27 09:45:00"
      },
      {
        "y": 1596303.864,
        "time": "2009/08/27 10:00:00"
      },
      {
        "y": 1596303.864,
        "time": "2009/08/27 10:15:00"
      },
      {
        "y": 1596303.864,
        "time": "2009/08/27 10:30:00"
      },
      {
        "y": 1596303.864,
        "time": "2009/08/27 10:45:00"
      },
      {
        "y": 1596303.864,
        "time": "2009/08/27 11:00:00"
      },
      {
        "y": 1596303.864,
        "time": "2009/08/27 11:15:00"
      },
      {
        "y": 1596303.864,
        "time": "2009/08/27 11:30:00"
      },
      {
        "y": 1596303.864,
        "time": "2009/08/27 11:45:00"
      },
      {
        "y": 1596303.864,
        "time": "2009/08/27 12:00:00"
      },
      {
        "y": 1596303.864,
        "time": "2009/08/27 12:15:00"
      },
      {
        "y": 1596303.864,
        "time": "2009/08/27 12:30:00"
      },
      {
        "y": 1596303.864,
        "time": "2009/08/27 12:45:00"
      },
      {
        "y": 1596303.864,
        "time": "2009/08/27 13:00:00"
      },
      {
        "y": 1596303.864,
        "time": "2009/08/27 13:15:00"
      },
      {
        "y": 1596303.864,
        "time": "2009/08/27 13:30:00"
      },
      {
        "y": 1596303.864,
        "time": "2009/08/27 13:45:00"
      },
      {
        "y": 1596303.864,
        "time": "2009/08/27 14:00:00"
      },
      {
        "y": 1596303.864,
        "time": "2009/08/27 14:15:00"
      },
      {
        "y": 1596303.864,
        "time": "2009/08/27 14:30:00"
      },
      {
        "y": 1596303.864,
        "time": "2009/08/27 14:45:00"
      },
      {
        "y": 1596303.864,
        "time": "2009/08/27 15:00:00"
      },
      {
        "y": 1596303.864,
        "time": "2009/08/27 15:15:00"
      },
      {
        "y": 1596303.864,
        "time": "2009/08/27 15:30:00"
      },
      {
        "y": 1596303.864,
        "time": "2009/08/27 15:45:00"
      },
      {
        "y": 1596303.864,
        "time": "2009/08/27 16:00:00"
      },
      {
        "y": 1596303.864,
        "time": "2009/08/27 16:15:00"
      },
      {
        "y": 1596303.864,
        "time": "2009/08/27 16:30:00"
      },
      {
        "y": 1596303.864,
        "time": "2009/08/27 16:45:00"
      },
      {
        "y": 1596303.864,
        "time": "2009/08/27 17:00:00"
      },
      {
        "y": 1596303.864,
        "time": "2009/08/27 17:15:00"
      },
      {
        "y": 1596303.864,
        "time": "2009/08/27 17:30:00"
      },
      {
        "y": 1596303.864,
        "time": "2009/08/27 17:45:00"
      },
      {
        "y": 1596303.864,
        "time": "2009/08/27 18:00:00"
      },
      {
        "y": 1596303.864,
        "time": "2009/08/27 18:15:00"
      },
      {
        "y": 1596303.864,
        "time": "2009/08/27 18:30:00"
      },
      {
        "y": 1596303.864,
        "time": "2009/08/27 18:45:00"
      },
      {
        "y": 1596303.864,
        "time": "2009/08/27 19:00:00"
      },
      {
        "y": 1596303.864,
        "time": "2009/08/27 19:15:00"
      },
      {
        "y": 1596303.864,
        "time": "2009/08/27 19:30:00"
      },
      {
        "y": 1596303.864,
        "time": "2009/08/27 19:45:00"
      },
      {
        "y": 1596303.864,
        "time": "2009/08/27 20:00:00"
      },
      {
        "y": 1596303.864,
        "time": "2009/08/27 20:15:00"
      },
      {
        "y": 1596303.864,
        "time": "2009/08/27 20:30:00"
      },
      {
        "y": 1596303.864,
        "time": "2009/08/27 20:45:00"
      },
      {
        "y": 1596303.864,
        "time": "2009/08/27 21:00:00"
      },
      {
        "y": 1596303.864,
        "time": "2009/08/27 21:15:00"
      },
      {
        "y": 1596303.864,
        "time": "2009/08/27 21:30:00"
      },
      {
        "y": 1596303.864,
        "time": "2009/08/27 21:45:00"
      },
      {
        "y": 0.0,
        "time": "2009/08/27 22:00:00"
      },
      {
        "y": 0.0,
        "time": "2009/08/27 22:15:00"
      },
      {
        "y": 0.0,
        "time": "2009/08/27 22:30:00"
      },
      {
        "y": 0.0,
        "time": "2009/08/27 22:45:00"
      },
      {
        "y": 0.0,
        "time": "2009/08/27 23:00:00"
      },
      {
        "y": 0.0,
        "time": "2009/08/27 23:15:00"
      },
      {
        "y": 0.0,
        "time": "2009/08/27 23:30:00"
      },
      {
        "y": 0.0,
        "time": "2009/08/27 23:45:00"
      }
    ],
    "cvrmse": 24.762148,
    "nmbe": 17.09973
  },
  {
    "name": "ROOFTOP SUPPLY FAN Metered",
    "type": "Fan Electric Energy",
    "color": "red",
    "units": "J",
    "displayname": "Fan Consumption",
    "data": [
      {
        "y": 16787.412,
        "time": "2009/08/27 00:00:00"
      },
      {
        "y": 16787.412,
        "time": "2009/08/27 00:15:00"
      },
      {
        "y": 16787.412,
        "time": "2009/08/27 00:30:00"
      },
      {
        "y": 16787.412,
        "time": "2009/08/27 00:45:00"
      },
      {
        "y": 16787.412,
        "time": "2009/08/27 01:00:00"
      },
      {
        "y": 16787.412,
        "time": "2009/08/27 01:15:00"
      },
      {
        "y": 16787.412,
        "time": "2009/08/27 01:30:00"
      },
      {
        "y": 16787.412,
        "time": "2009/08/27 01:45:00"
      },
      {
        "y": 16787.412,
        "time": "2009/08/27 02:00:00"
      },
      {
        "y": 16953.624,
        "time": "2009/08/27 02:15:00"
      },
      {
        "y": 16787.412,
        "time": "2009/08/27 02:30:00"
      },
      {
        "y": 16953.624,
        "time": "2009/08/27 02:45:00"
      },
      {
        "y": 16787.412,
        "time": "2009/08/27 03:00:00"
      },
      {
        "y": 16787.412,
        "time": "2009/08/27 03:15:00"
      },
      {
        "y": 16953.624,
        "time": "2009/08/27 03:30:00"
      },
      {
        "y": 16787.412,
        "time": "2009/08/27 03:45:00"
      },
      {
        "y": 16953.624,
        "time": "2009/08/27 04:00:00"
      },
      {
        "y": 16787.412,
        "time": "2009/08/27 04:15:00"
      },
      {
        "y": 16953.624,
        "time": "2009/08/27 04:30:00"
      },
      {
        "y": 16787.412,
        "time": "2009/08/27 04:45:00"
      },
      {
        "y": 16953.624,
        "time": "2009/08/27 05:00:00"
      },
      {
        "y": 16953.624,
        "time": "2009/08/27 05:15:00"
      },
      {
        "y": 16787.412,
        "time": "2009/08/27 05:30:00"
      },
      {
        "y": 16953.624,
        "time": "2009/08/27 05:45:00"
      },
      {
        "y": 16787.412,
        "time": "2009/08/27 06:00:00"
      },
      {
        "y": 16787.412,
        "time": "2009/08/27 06:15:00"
      },
      {
        "y": 16621.2,
        "time": "2009/08/27 06:30:00"
      },
      {
        "y": 666842.4,
        "time": "2009/08/27 06:45:00"
      },
      {
        "y": 1962132.48,
        "time": "2009/08/27 07:00:00"
      },
      {
        "y": 1974432.24,
        "time": "2009/08/27 07:15:00"
      },
      {
        "y": 1973933.64,
        "time": "2009/08/27 07:30:00"
      },
      {
        "y": 1954985.4,
        "time": "2009/08/27 07:45:00"
      },
      {
        "y": 1968116.4,
        "time": "2009/08/27 08:00:00"
      },
      {
        "y": 1964459.52,
        "time": "2009/08/27 08:15:00"
      },
      {
        "y": 1962963.72,
        "time": "2009/08/27 08:30:00"
      },
      {
        "y": 1960803.0,
        "time": "2009/08/27 08:45:00"
      },
      {
        "y": 1963628.64,
        "time": "2009/08/27 09:00:00"
      },
      {
        "y": 1966287.96,
        "time": "2009/08/27 09:15:00"
      },
      {
        "y": 1961800.2,
        "time": "2009/08/27 09:30:00"
      },
      {
        "y": 1960803.0,
        "time": "2009/08/27 09:45:00"
      },
      {
        "y": 1959473.16,
        "time": "2009/08/27 10:00:00"
      },
      {
        "y": 1965623.04,
        "time": "2009/08/27 10:15:00"
      },
      {
        "y": 1960968.96,
        "time": "2009/08/27 10:30:00"
      },
      {
        "y": 1958143.68,
        "time": "2009/08/27 10:45:00"
      },
      {
        "y": 1956148.92,
        "time": "2009/08/27 11:00:00"
      },
      {
        "y": 1953988.2,
        "time": "2009/08/27 11:15:00"
      },
      {
        "y": 1954653.12,
        "time": "2009/08/27 11:30:00"
      },
      {
        "y": 1953655.56,
        "time": "2009/08/27 11:45:00"
      },
      {
        "y": 1953323.28,
        "time": "2009/08/27 12:00:00"
      },
      {
        "y": 1952658.72,
        "time": "2009/08/27 12:15:00"
      },
      {
        "y": 1947339.72,
        "time": "2009/08/27 12:30:00"
      },
      {
        "y": 1949334.48,
        "time": "2009/08/27 12:45:00"
      },
      {
        "y": 1944846.72,
        "time": "2009/08/27 13:00:00"
      },
      {
        "y": 1949500.44,
        "time": "2009/08/27 13:15:00"
      },
      {
        "y": 1945012.68,
        "time": "2009/08/27 13:30:00"
      },
      {
        "y": 1950331.32,
        "time": "2009/08/27 13:45:00"
      },
      {
        "y": 1942187.04,
        "time": "2009/08/27 14:00:00"
      },
      {
        "y": 1952326.08,
        "time": "2009/08/27 14:15:00"
      },
      {
        "y": 1941189.84,
        "time": "2009/08/27 14:30:00"
      },
      {
        "y": 1951328.88,
        "time": "2009/08/27 14:45:00"
      },
      {
        "y": 1942685.64,
        "time": "2009/08/27 15:00:00"
      },
      {
        "y": 1947672.0,
        "time": "2009/08/27 15:15:00"
      },
      {
        "y": 1948004.64,
        "time": "2009/08/27 15:30:00"
      },
      {
        "y": 1937034.36,
        "time": "2009/08/27 15:45:00"
      },
      {
        "y": 1951661.16,
        "time": "2009/08/27 16:00:00"
      },
      {
        "y": 1940524.92,
        "time": "2009/08/27 16:15:00"
      },
      {
        "y": 1949167.8,
        "time": "2009/08/27 16:30:00"
      },
      {
        "y": 1943350.56,
        "time": "2009/08/27 16:45:00"
      },
      {
        "y": 1945345.32,
        "time": "2009/08/27 17:00:00"
      },
      {
        "y": 1948004.64,
        "time": "2009/08/27 17:15:00"
      },
      {
        "y": 1942685.64,
        "time": "2009/08/27 17:30:00"
      },
      {
        "y": 1952159.76,
        "time": "2009/08/27 17:45:00"
      },
      {
        "y": 1942851.96,
        "time": "2009/08/27 18:00:00"
      },
      {
        "y": 1953323.28,
        "time": "2009/08/27 18:15:00"
      },
      {
        "y": 1952658.72,
        "time": "2009/08/27 18:30:00"
      },
      {
        "y": 1947672.0,
        "time": "2009/08/27 18:45:00"
      },
      {
        "y": 1951993.8,
        "time": "2009/08/27 19:00:00"
      },
      {
        "y": 1951827.48,
        "time": "2009/08/27 19:15:00"
      },
      {
        "y": 1952159.76,
        "time": "2009/08/27 19:30:00"
      },
      {
        "y": 1952658.36,
        "time": "2009/08/27 19:45:00"
      },
      {
        "y": 1953821.88,
        "time": "2009/08/27 20:00:00"
      },
      {
        "y": 1953988.2,
        "time": "2009/08/27 20:15:00"
      },
      {
        "y": 1953655.56,
        "time": "2009/08/27 20:30:00"
      },
      {
        "y": 1951162.56,
        "time": "2009/08/27 20:45:00"
      },
      {
        "y": 1954985.4,
        "time": "2009/08/27 21:00:00"
      },
      {
        "y": 1952990.64,
        "time": "2009/08/27 21:15:00"
      },
      {
        "y": 1959473.16,
        "time": "2009/08/27 21:30:00"
      },
      {
        "y": 954721.8,
        "time": "2009/08/27 21:45:00"
      },
      {
        "y": 16787.412,
        "time": "2009/08/27 22:00:00"
      },
      {
        "y": 16787.412,
        "time": "2009/08/27 22:15:00"
      },
      {
        "y": 16787.412,
        "time": "2009/08/27 22:30:00"
      },
      {
        "y": 16787.412,
        "time": "2009/08/27 22:45:00"
      },
      {
        "y": 16621.2,
        "time": "2009/08/27 23:00:00"
      },
      {
        "y": 16787.412,
        "time": "2009/08/27 23:15:00"
      },
      {
        "y": 16787.412,
        "time": "2009/08/27 23:30:00"
      },
      {
        "y": 16621.2,
        "time": "2009/08/27 23:45:00"
      }
    ],
    "cvrmse": 24.762148,
    "nmbe": 17.09973
  }
]