[
  {
    "name": "Rooftop Cooling Coil Simulated",
    "type": "Cooling Coil Total Cooling Rate",
    "color": "blue",
    "units": "W",
    "displayname": "Cooling Capacity",
    "data": [
      {
        "y": 0.0,
        "time": "2009/08/29 00:00:00"
      },
      {
        "y": 0.0,
        "time": "2009/08/29 00:15:00"
      },
      {
        "y": 0.0,
        "time": "2009/08/29 00:30:00"
      },
      {
        "y": 0.0,
        "time": "2009/08/29 00:45:00"
      },
      {
        "y": 0.0,
        "time": "2009/08/29 01:00:00"
      },
      {
        "y": 0.0,
        "time": "2009/08/29 01:15:00"
      },
      {
        "y": 0.0,
        "time": "2009/08/29 01:30:00"
      },
      {
        "y": 0.0,
        "time": "2009/08/29 01:45:00"
      },
      {
        "y": 0.0,
        "time": "2009/08/29 02:00:00"
      },
      {
        "y": 0.0,
        "time": "2009/08/29 02:15:00"
      },
      {
        "y": 0.0,
        "time": "2009/08/29 02:30:00"
      },
      {
        "y": 0.0,
        "time": "2009/08/29 02:45:00"
      },
      {
        "y": 0.0,
        "time": "2009/08/29 03:00:00"
      },
      {
        "y": 0.0,
        "time": "2009/08/29 03:15:00"
      },
      {
        "y": 0.0,
        "time": "2009/08/29 03:30:00"
      },
      {
        "y": 0.0,
        "time": "2009/08/29 03:45:00"
      },
      {
        "y": 0.0,
        "time": "2009/08/29 04:00:00"
      },
      {
        "y": 0.0,
        "time": "2009/08/29 04:15:00"
      },
      {
        "y": 0.0,
        "time": "2009/08/29 04:30:00"
      },
      {
        "y": 0.0,
        "time": "2009/08/29 04:45:00"
      },
      {
        "y": 0.0,
        "time": "2009/08/29 05:00:00"
      },
      {
        "y": 0.0,
        "time": "2009/08/29 05:15:00"
      },
      {
        "y": 0.0,
        "time": "2009/08/29 05:30:00"
      },
      {
        "y": 0.0,
        "time": "2009/08/29 05:45:00"
      },
      {
        "y": 0.0,
        "time": "2009/08/29 06:00:00"
      },
      {
        "y": 0.0,
        "time": "2009/08/29 06:15:00"
      },
      {
        "y": 0.0,
        "time": "2009/08/29 06:30:00"
      },
      {
        "y": 0.0,
        "time": "2009/08/29 06:45:00"
      },
      {
        "y": 44723.616857,
        "time": "2009/08/29 07:00:00"
      },
      {
        "y": 35277.091492,
        "time": "2009/08/29 07:15:00"
      },
      {
        "y": 30339.900358,
        "time": "2009/08/29 07:30:00"
      },
      {
        "y": 28497.108349,
        "time": "2009/08/29 07:45:00"
      },
      {
        "y": 28204.562081,
        "time": "2009/08/29 08:00:00"
      },
      {
        "y": 28192.646308,
        "time": "2009/08/29 08:15:00"
      },
      {
        "y": 27988.363035,
        "time": "2009/08/29 08:30:00"
      },
      {
        "y": 27833.985991,
        "time": "2009/08/29 08:45:00"
      },
      {
        "y": 27651.063044,
        "time": "2009/08/29 09:00:00"
      },
      {
        "y": 27538.214125,
        "time": "2009/08/29 09:15:00"
      },
      {
        "y": 27536.139507,
        "time": "2009/08/29 09:30:00"
      },
      {
        "y": 27532.212722,
        "time": "2009/08/29 09:45:00"
      },
      {
        "y": 27655.01078,
        "time": "2009/08/29 10:00:00"
      },
      {
        "y": 27705.507619,
        "time": "2009/08/29 10:15:00"
      },
      {
        "y": 27738.802198,
        "time": "2009/08/29 10:30:00"
      },
      {
        "y": 27724.622957,
        "time": "2009/08/29 10:45:00"
      },
      {
        "y": 27743.684367,
        "time": "2009/08/29 11:00:00"
      },
      {
        "y": 27833.801514,
        "time": "2009/08/29 11:15:00"
      },
      {
        "y": 27857.219623,
        "time": "2009/08/29 11:30:00"
      },
      {
        "y": 27940.020814,
        "time": "2009/08/29 11:45:00"
      },
      {
        "y": 28027.864755,
        "time": "2009/08/29 12:00:00"
      },
      {
        "y": 28111.997488,
        "time": "2009/08/29 12:15:00"
      },
      {
        "y": 28187.822141,
        "time": "2009/08/29 12:30:00"
      },
      {
        "y": 28229.477873,
        "time": "2009/08/29 12:45:00"
      },
      {
        "y": 28318.935496,
        "time": "2009/08/29 13:00:00"
      },
      {
        "y": 28413.076714,
        "time": "2009/08/29 13:15:00"
      },
      {
        "y": 28425.441982,
        "time": "2009/08/29 13:30:00"
      },
      {
        "y": 28519.184548,
        "time": "2009/08/29 13:45:00"
      },
      {
        "y": 28744.045228,
        "time": "2009/08/29 14:00:00"
      },
      {
        "y": 28840.448027,
        "time": "2009/08/29 14:15:00"
      },
      {
        "y": 28991.129106,
        "time": "2009/08/29 14:30:00"
      },
      {
        "y": 29192.828045,
        "time": "2009/08/29 14:45:00"
      },
      {
        "y": 29373.353192,
        "time": "2009/08/29 15:00:00"
      },
      {
        "y": 29582.170238,
        "time": "2009/08/29 15:15:00"
      },
      {
        "y": 29827.578305,
        "time": "2009/08/29 15:30:00"
      },
      {
        "y": 30035.020897,
        "time": "2009/08/29 15:45:00"
      },
      {
        "y": 30189.744441,
        "time": "2009/08/29 16:00:00"
      },
      {
        "y": 30201.561589,
        "time": "2009/08/29 16:15:00"
      },
      {
        "y": 30350.807783,
        "time": "2009/08/29 16:30:00"
      },
      {
        "y": 30542.551692,
        "time": "2009/08/29 16:45:00"
      },
      {
        "y": 30668.876314,
        "time": "2009/08/29 17:00:00"
      },
      {
        "y": 30780.015735,
        "time": "2009/08/29 17:15:00"
      },
      {
        "y": 30857.524164,
        "time": "2009/08/29 17:30:00"
      },
      {
        "y": 30786.869943,
        "time": "2009/08/29 17:45:00"
      },
      {
        "y": 30841.002544,
        "time": "2009/08/29 18:00:00"
      },
      {
        "y": 30963.111842,
        "time": "2009/08/29 18:15:00"
      },
      {
        "y": 30889.684378,
        "time": "2009/08/29 18:30:00"
      },
      {
        "y": 30797.761108,
        "time": "2009/08/29 18:45:00"
      },
      {
        "y": 30815.588382,
        "time": "2009/08/29 19:00:00"
      },
      {
        "y": 30770.688092,
        "time": "2009/08/29 19:15:00"
      },
      {
        "y": 30626.044731,
        "time": "2009/08/29 19:30:00"
      },
      {
        "y": 30422.072628,
        "time": "2009/08/29 19:45:00"
      },
      {
        "y": 30301.275091,
        "time": "2009/08/29 20:00:00"
      },
      {
        "y": 30217.423192,
        "time": "2009/08/29 20:15:00"
      },
      {
        "y": 30081.525324,
        "time": "2009/08/29 20:30:00"
      },
      {
        "y": 29909.664438,
        "time": "2009/08/29 20:45:00"
      },
      {
        "y": 29827.239466,
        "time": "2009/08/29 21:00:00"
      },
      {
        "y": 29660.5626,
        "time": "2009/08/29 21:15:00"
      },
      {
        "y": 29538.652027,
        "time": "2009/08/29 21:30:00"
      },
      {
        "y": 0.0,
        "time": "2009/08/29 21:45:00"
      },
      {
        "y": 0.0,
        "time": "2009/08/29 22:00:00"
      },
      {
        "y": 0.0,
        "time": "2009/08/29 22:15:00"
      },
      {
        "y": 0.0,
        "time": "2009/08/29 22:30:00"
      },
      {
        "y": 0.0,
        "time": "2009/08/29 22:45:00"
      },
      {
        "y": 0.0,
        "time": "2009/08/29 23:00:00"
      },
      {
        "y": 0.0,
        "time": "2009/08/29 23:15:00"
      },
      {
        "y": 0.0,
        "time": "2009/08/29 23:30:00"
      },
      {
        "y": 0.0,
        "time": "2009/08/29 23:45:00"
      }
    ],
    "cvrmse": 37.122473,
    "nmbe": -10.691302
  },
  {
    "name": "Rooftop Cooling Coil Metered",
    "type": "Cooling Coil Total Cooling Rate",
    "color": "red",
    "units": "W",
    "displayname": "Cooling Capacity",
    "data": [
      {
        "y": 0.0,
        "time": "2009/08/29 00:00:00"
      },
      {
        "y": 0.0,
        "time": "2009/08/29 00:15:00"
      },
      {
        "y": 0.0,
        "time": "2009/08/29 00:30:00"
      },
      {
        "y": 0.0,
        "time": "2009/08/29 00:45:00"
      },
      {
        "y": 0.0,
        "time": "2009/08/29 01:00:00"
      },
      {
        "y": 0.0,
        "time": "2009/08/29 01:15:00"
      },
      {
        "y": 0.0,
        "time": "2009/08/29 01:30:00"
      },
      {
        "y": 0.0,
        "time": "2009/08/29 01:45:00"
      },
      {
        "y": 0.0,
        "time": "2009/08/29 02:00:00"
      },
      {
        "y": 0.0,
        "time": "2009/08/29 02:15:00"
      },
      {
        "y": 0.0,
        "time": "2009/08/29 02:30:00"
      },
      {
        "y": 0.0,
        "time": "2009/08/29 02:45:00"
      },
      {
        "y": 0.0,
        "time": "2009/08/29 03:00:00"
      },
      {
        "y": 0.0,
        "time": "2009/08/29 03:15:00"
      },
      {
        "y": 0.0,
        "time": "2009/08/29 03:30:00"
      },
      {
        "y": 0.0,
        "time": "2009/08/29 03:45:00"
      },
      {
        "y": 0.0,
        "time": "2009/08/29 04:00:00"
      },
      {
        "y": 0.0,
        "time": "2009/08/29 04:15:00"
      },
      {
        "y": 0.0,
        "time": "2009/08/29 04:30:00"
      },
      {
        "y": 0.0,
        "time": "2009/08/29 04:45:00"
      },
      {
        "y": 0.0,
        "time": "2009/08/29 05:00:00"
      },
      {
        "y": 0.0,
        "time": "2009/08/29 05:15:00"
      },
      {
        "y": 0.0,
        "time": "2009/08/29 05:30:00"
      },
      {
        "y": 0.0,
        "time": "2009/08/29 05:45:00"
      },
      {
        "y": 0.0,
        "time": "2009/08/29 06:00:00"
      },
      {
        "y": 0.0,
        "time": "2009/08/29 06:15:00"
      },
      {
        "y": 0.0,
        "time": "2009/08/29 06:30:00"
      },
      {
        "y": 5815.752046,
        "time": "2009/08/29 06:45:00"
      },
      {
        "y": 1241.676878,
        "time": "2009/08/29 07:00:00"
      },
      {
        "y": 32866.04416,
        "time": "2009/08/29 07:15:00"
      },
      {
        "y": 32574.54987,
        "time": "2009/08/29 07:30:00"
      },
      {
        "y": 29371.50274,
        "time": "2009/08/29 07:45:00"
      },
      {
        "y": 21772.82656,
        "time": "2009/08/29 08:00:00"
      },
      {
        "y": 15803.47162,
        "time": "2009/08/29 08:15:00"
      },
      {
        "y": 24817.57798,
        "time": "2009/08/29 08:30:00"
      },
      {
        "y": 23744.37804,
        "time": "2009/08/29 08:45:00"
      },
      {
        "y": 23184.18992,
        "time": "2009/08/29 09:00:00"
      },
      {
        "y": 18684.91643,
        "time": "2009/08/29 09:15:00"
      },
      {
        "y": 25635.31095,
        "time": "2009/08/29 09:30:00"
      },
      {
        "y": 26632.72307,
        "time": "2009/08/29 09:45:00"
      },
      {
        "y": 25920.65417,
        "time": "2009/08/29 10:00:00"
      },
      {
        "y": 24276.17414,
        "time": "2009/08/29 10:15:00"
      },
      {
        "y": 23966.96612,
        "time": "2009/08/29 10:30:00"
      },
      {
        "y": 24091.66261,
        "time": "2009/08/29 10:45:00"
      },
      {
        "y": 24581.71072,
        "time": "2009/08/29 11:00:00"
      },
      {
        "y": 22402.80671,
        "time": "2009/08/29 11:15:00"
      },
      {
        "y": 26180.35409,
        "time": "2009/08/29 11:30:00"
      },
      {
        "y": 22208.87347,
        "time": "2009/08/29 11:45:00"
      },
      {
        "y": 31633.68157,
        "time": "2009/08/29 12:00:00"
      },
      {
        "y": 22893.13676,
        "time": "2009/08/29 12:15:00"
      },
      {
        "y": 22128.65491,
        "time": "2009/08/29 12:30:00"
      },
      {
        "y": 22071.8852,
        "time": "2009/08/29 12:45:00"
      },
      {
        "y": 30334.52059,
        "time": "2009/08/29 13:00:00"
      },
      {
        "y": 33336.49766,
        "time": "2009/08/29 13:15:00"
      },
      {
        "y": 21879.90876,
        "time": "2009/08/29 13:30:00"
      },
      {
        "y": 27496.65269,
        "time": "2009/08/29 13:45:00"
      },
      {
        "y": 24536.96828,
        "time": "2009/08/29 14:00:00"
      },
      {
        "y": 28423.69225,
        "time": "2009/08/29 14:15:00"
      },
      {
        "y": 24702.75715,
        "time": "2009/08/29 14:30:00"
      },
      {
        "y": 30074.13815,
        "time": "2009/08/29 14:45:00"
      },
      {
        "y": 23307.89447,
        "time": "2009/08/29 15:00:00"
      },
      {
        "y": 27853.66351,
        "time": "2009/08/29 15:15:00"
      },
      {
        "y": 33382.10896,
        "time": "2009/08/29 15:30:00"
      },
      {
        "y": 33051.97902,
        "time": "2009/08/29 15:45:00"
      },
      {
        "y": 32704.93766,
        "time": "2009/08/29 16:00:00"
      },
      {
        "y": 21666.69279,
        "time": "2009/08/29 16:15:00"
      },
      {
        "y": 27766.91443,
        "time": "2009/08/29 16:30:00"
      },
      {
        "y": 32912.15611,
        "time": "2009/08/29 16:45:00"
      },
      {
        "y": 32545.8149,
        "time": "2009/08/29 17:00:00"
      },
      {
        "y": 30807.82121,
        "time": "2009/08/29 17:15:00"
      },
      {
        "y": 21269.74934,
        "time": "2009/08/29 17:30:00"
      },
      {
        "y": 30330.00578,
        "time": "2009/08/29 17:45:00"
      },
      {
        "y": 32464.47924,
        "time": "2009/08/29 18:00:00"
      },
      {
        "y": 32541.14164,
        "time": "2009/08/29 18:15:00"
      },
      {
        "y": 30255.22248,
        "time": "2009/08/29 18:30:00"
      },
      {
        "y": 27051.75641,
        "time": "2009/08/29 18:45:00"
      },
      {
        "y": 29689.08594,
        "time": "2009/08/29 19:00:00"
      },
      {
        "y": 29091.88021,
        "time": "2009/08/29 19:15:00"
      },
      {
        "y": 26779.59644,
        "time": "2009/08/29 19:30:00"
      },
      {
        "y": 25132.32236,
        "time": "2009/08/29 19:45:00"
      },
      {
        "y": 28033.26,
        "time": "2009/08/29 20:00:00"
      },
      {
        "y": 22790.16736,
        "time": "2009/08/29 20:15:00"
      },
      {
        "y": 23018.98327,
        "time": "2009/08/29 20:30:00"
      },
      {
        "y": 23092.9846,
        "time": "2009/08/29 20:45:00"
      },
      {
        "y": 28904.16955,
        "time": "2009/08/29 21:00:00"
      },
      {
        "y": 27305.14076,
        "time": "2009/08/29 21:15:00"
      },
      {
        "y": 25253.9825,
        "time": "2009/08/29 21:30:00"
      },
      {
        "y": 21600.40444,
        "time": "2009/08/29 21:45:00"
      },
      {
        "y": 0.0,
        "time": "2009/08/29 22:00:00"
      },
      {
        "y": 0.0,
        "time": "2009/08/29 22:15:00"
      },
      {
        "y": 0.0,
        "time": "2009/08/29 22:30:00"
      },
      {
        "y": 0.0,
        "time": "2009/08/29 22:45:00"
      },
      {
        "y": 0.0,
        "time": "2009/08/29 23:00:00"
      },
      {
        "y": 0.0,
        "time": "2009/08/29 23:15:00"
      },
      {
        "y": 0.0,
        "time": "2009/08/29 23:30:00"
      },
      {
        "y": 0.0,
        "time": "2009/08/29 23:45:00"
      }
    ],
    "cvrmse": 37.122473,
    "nmbe": -10.691302
  }
]