[
  {
    "name": " Simulated",
    "type": "Heating:Electricity",
    "color": "blue",
    "units": "J",
    "displayname": "Heating Consumption",
    "data": [
      {
        "y": 0.0,
        "time": "2009/09/02 00:00:00"
      },
      {
        "y": 0.0,
        "time": "2009/09/02 00:15:00"
      },
      {
        "y": 0.0,
        "time": "2009/09/02 00:30:00"
      },
      {
        "y": 0.0,
        "time": "2009/09/02 00:45:00"
      },
      {
        "y": 0.0,
        "time": "2009/09/02 01:00:00"
      },
      {
        "y": 0.0,
        "time": "2009/09/02 01:15:00"
      },
      {
        "y": 0.0,
        "time": "2009/09/02 01:30:00"
      },
      {
        "y": 0.0,
        "time": "2009/09/02 01:45:00"
      },
      {
        "y": 0.0,
        "time": "2009/09/02 02:00:00"
      },
      {
        "y": 0.0,
        "time": "2009/09/02 02:15:00"
      },
      {
        "y": 0.0,
        "time": "2009/09/02 02:30:00"
      },
      {
        "y": 0.0,
        "time": "2009/09/02 02:45:00"
      },
      {
        "y": 0.0,
        "time": "2009/09/02 03:00:00"
      },
      {
        "y": 0.0,
        "time": "2009/09/02 03:15:00"
      },
      {
        "y": 0.0,
        "time": "2009/09/02 03:30:00"
      },
      {
        "y": 0.0,
        "time": "2009/09/02 03:45:00"
      },
      {
        "y": 0.0,
        "time": "2009/09/02 04:00:00"
      },
      {
        "y": 0.0,
        "time": "2009/09/02 04:15:00"
      },
      {
        "y": 0.0,
        "time": "2009/09/02 04:30:00"
      },
      {
        "y": 0.0,
        "time": "2009/09/02 04:45:00"
      },
      {
        "y": 0.0,
        "time": "2009/09/02 05:00:00"
      },
      {
        "y": 0.0,
        "time": "2009/09/02 05:15:00"
      },
      {
        "y": 0.0,
        "time": "2009/09/02 05:30:00"
      },
      {
        "y": 0.0,
        "time": "2009/09/02 05:45:00"
      },
      {
        "y": 0.0,
        "time": "2009/09/02 06:00:00"
      },
      {
        "y": 0.0,
        "time": "2009/09/02 06:15:00"
      },
      {
        "y": 0.0,
        "time": "2009/09/02 06:30:00"
      },
      {
        "y": 0.0,
        "time": "2009/09/02 06:45:00"
      },
      {
        "y": 1222633.104862,
        "time": "2009/09/02 07:00:00"
      },
      {
        "y": 732899.688406,
        "time": "2009/09/02 07:15:00"
      },
      {
        "y": 1778571.337868,
        "time": "2009/09/02 07:30:00"
      },
      {
        "y": 9142292.561872,
        "time": "2009/09/02 07:45:00"
      },
      {
        "y": 12946667.132396,
        "time": "2009/09/02 08:00:00"
      },
      {
        "y": 12562271.113118,
        "time": "2009/09/02 08:15:00"
      },
      {
        "y": 12170775.290146,
        "time": "2009/09/02 08:30:00"
      },
      {
        "y": 11745350.886453,
        "time": "2009/09/02 08:45:00"
      },
      {
        "y": 11335370.137965,
        "time": "2009/09/02 09:00:00"
      },
      {
        "y": 10731905.432364,
        "time": "2009/09/02 09:15:00"
      },
      {
        "y": 10436538.596029,
        "time": "2009/09/02 09:30:00"
      },
      {
        "y": 10408361.27745,
        "time": "2009/09/02 09:45:00"
      },
      {
        "y": 10265338.946067,
        "time": "2009/09/02 10:00:00"
      },
      {
        "y": 10158570.220235,
        "time": "2009/09/02 10:15:00"
      },
      {
        "y": 9828047.656311,
        "time": "2009/09/02 10:30:00"
      },
      {
        "y": 9605930.336203,
        "time": "2009/09/02 10:45:00"
      },
      {
        "y": 9623439.675726,
        "time": "2009/09/02 11:00:00"
      },
      {
        "y": 9475441.911872,
        "time": "2009/09/02 11:15:00"
      },
      {
        "y": 9349325.864024,
        "time": "2009/09/02 11:30:00"
      },
      {
        "y": 8887000.592426,
        "time": "2009/09/02 11:45:00"
      },
      {
        "y": 8778398.18617,
        "time": "2009/09/02 12:00:00"
      },
      {
        "y": 8853898.508733,
        "time": "2009/09/02 12:15:00"
      },
      {
        "y": 8747855.685761,
        "time": "2009/09/02 12:30:00"
      },
      {
        "y": 8512577.237936,
        "time": "2009/09/02 12:45:00"
      },
      {
        "y": 8786738.190347,
        "time": "2009/09/02 13:00:00"
      },
      {
        "y": 8801674.158387,
        "time": "2009/09/02 13:15:00"
      },
      {
        "y": 8774345.193798,
        "time": "2009/09/02 13:30:00"
      },
      {
        "y": 8489894.465371,
        "time": "2009/09/02 13:45:00"
      },
      {
        "y": 8514942.770348,
        "time": "2009/09/02 14:00:00"
      },
      {
        "y": 8394662.012552,
        "time": "2009/09/02 14:15:00"
      },
      {
        "y": 8346023.301258,
        "time": "2009/09/02 14:30:00"
      },
      {
        "y": 8386923.084358,
        "time": "2009/09/02 14:45:00"
      },
      {
        "y": 8382081.715955,
        "time": "2009/09/02 15:00:00"
      },
      {
        "y": 8476256.739389,
        "time": "2009/09/02 15:15:00"
      },
      {
        "y": 8354310.986282,
        "time": "2009/09/02 15:30:00"
      },
      {
        "y": 8425762.227817,
        "time": "2009/09/02 15:45:00"
      },
      {
        "y": 8485525.522483,
        "time": "2009/09/02 16:00:00"
      },
      {
        "y": 8210827.81902,
        "time": "2009/09/02 16:15:00"
      },
      {
        "y": 7029429.153654,
        "time": "2009/09/02 16:30:00"
      },
      {
        "y": 5879732.821914,
        "time": "2009/09/02 16:45:00"
      },
      {
        "y": 5887654.617334,
        "time": "2009/09/02 17:00:00"
      },
      {
        "y": 6408581.869688,
        "time": "2009/09/02 17:15:00"
      },
      {
        "y": 6532491.399644,
        "time": "2009/09/02 17:30:00"
      },
      {
        "y": 7362645.4619,
        "time": "2009/09/02 17:45:00"
      },
      {
        "y": 7808571.162791,
        "time": "2009/09/02 18:00:00"
      },
      {
        "y": 7468562.783877,
        "time": "2009/09/02 18:15:00"
      },
      {
        "y": 5057086.133431,
        "time": "2009/09/02 18:30:00"
      },
      {
        "y": 4548677.393829,
        "time": "2009/09/02 18:45:00"
      },
      {
        "y": 4880126.878699,
        "time": "2009/09/02 19:00:00"
      },
      {
        "y": 6901946.09534,
        "time": "2009/09/02 19:15:00"
      },
      {
        "y": 8151668.296959,
        "time": "2009/09/02 19:30:00"
      },
      {
        "y": 9300696.305132,
        "time": "2009/09/02 19:45:00"
      },
      {
        "y": 10335299.884996,
        "time": "2009/09/02 20:00:00"
      },
      {
        "y": 10985822.887693,
        "time": "2009/09/02 20:15:00"
      },
      {
        "y": 11463142.469339,
        "time": "2009/09/02 20:30:00"
      },
      {
        "y": 11386051.269341,
        "time": "2009/09/02 20:45:00"
      },
      {
        "y": 11668074.93992,
        "time": "2009/09/02 21:00:00"
      },
      {
        "y": 12178004.020755,
        "time": "2009/09/02 21:15:00"
      },
      {
        "y": 12891413.367667,
        "time": "2009/09/02 21:30:00"
      },
      {
        "y": 0.0,
        "time": "2009/09/02 21:45:00"
      },
      {
        "y": 0.0,
        "time": "2009/09/02 22:00:00"
      },
      {
        "y": 0.0,
        "time": "2009/09/02 22:15:00"
      },
      {
        "y": 0.0,
        "time": "2009/09/02 22:30:00"
      },
      {
        "y": 0.0,
        "time": "2009/09/02 22:45:00"
      },
      {
        "y": 0.0,
        "time": "2009/09/02 23:00:00"
      },
      {
        "y": 0.0,
        "time": "2009/09/02 23:15:00"
      },
      {
        "y": 0.0,
        "time": "2009/09/02 23:30:00"
      },
      {
        "y": 0.0,
        "time": "2009/09/02 23:45:00"
      }
    ],
    "cvrmse": 38.24749,
    "nmbe": 1.558603
  },
  {
    "name": " Metered",
    "type": "Heating:Electricity",
    "color": "red",
    "units": "J",
    "displayname": "Heating Consumption",
    "data": [
      {
        "y": 77283.468,
        "time": "2009/09/02 00:00:00"
      },
      {
        "y": 76909.5,
        "time": "2009/09/02 00:15:00"
      },
      {
        "y": 76867.956,
        "time": "2009/09/02 00:30:00"
      },
      {
        "y": 76743.324,
        "time": "2009/09/02 00:45:00"
      },
      {
        "y": 77325.048,
        "time": "2009/09/02 01:00:00"
      },
      {
        "y": 77034.168,
        "time": "2009/09/02 01:15:00"
      },
      {
        "y": 77117.256,
        "time": "2009/09/02 01:30:00"
      },
      {
        "y": 76493.988,
        "time": "2009/09/02 01:45:00"
      },
      {
        "y": 76826.412,
        "time": "2009/09/02 02:00:00"
      },
      {
        "y": 76660.2,
        "time": "2009/09/02 02:15:00"
      },
      {
        "y": 76951.08,
        "time": "2009/09/02 02:30:00"
      },
      {
        "y": 77283.468,
        "time": "2009/09/02 02:45:00"
      },
      {
        "y": 77117.292,
        "time": "2009/09/02 03:00:00"
      },
      {
        "y": 77366.628,
        "time": "2009/09/02 03:15:00"
      },
      {
        "y": 77075.712,
        "time": "2009/09/02 03:30:00"
      },
      {
        "y": 77699.016,
        "time": "2009/09/02 03:45:00"
      },
      {
        "y": 77034.168,
        "time": "2009/09/02 04:00:00"
      },
      {
        "y": 77699.016,
        "time": "2009/09/02 04:15:00"
      },
      {
        "y": 76867.956,
        "time": "2009/09/02 04:30:00"
      },
      {
        "y": 77615.928,
        "time": "2009/09/02 04:45:00"
      },
      {
        "y": 77200.38,
        "time": "2009/09/02 05:00:00"
      },
      {
        "y": 77657.472,
        "time": "2009/09/02 05:15:00"
      },
      {
        "y": 77408.136,
        "time": "2009/09/02 05:30:00"
      },
      {
        "y": 77325.048,
        "time": "2009/09/02 05:45:00"
      },
      {
        "y": 76909.536,
        "time": "2009/09/02 06:00:00"
      },
      {
        "y": 76909.536,
        "time": "2009/09/02 06:15:00"
      },
      {
        "y": 76535.568,
        "time": "2009/09/02 06:30:00"
      },
      {
        "y": 89623.692,
        "time": "2009/09/02 06:45:00"
      },
      {
        "y": 114678.18,
        "time": "2009/09/02 07:00:00"
      },
      {
        "y": 1317512.844,
        "time": "2009/09/02 07:15:00"
      },
      {
        "y": 2199558.384,
        "time": "2009/09/02 07:30:00"
      },
      {
        "y": 4176400.608,
        "time": "2009/09/02 07:45:00"
      },
      {
        "y": 4727517.768,
        "time": "2009/09/02 08:00:00"
      },
      {
        "y": 5873864.472,
        "time": "2009/09/02 08:15:00"
      },
      {
        "y": 6879372.048,
        "time": "2009/09/02 08:30:00"
      },
      {
        "y": 8215522.632,
        "time": "2009/09/02 08:45:00"
      },
      {
        "y": 8121086.712,
        "time": "2009/09/02 09:00:00"
      },
      {
        "y": 7076610.936,
        "time": "2009/09/02 09:15:00"
      },
      {
        "y": 8416152.576,
        "time": "2009/09/02 09:30:00"
      },
      {
        "y": 7114123.152,
        "time": "2009/09/02 09:45:00"
      },
      {
        "y": 7882934.616,
        "time": "2009/09/02 10:00:00"
      },
      {
        "y": 8314153.56,
        "time": "2009/09/02 10:15:00"
      },
      {
        "y": 9375838.704,
        "time": "2009/09/02 10:30:00"
      },
      {
        "y": 9081954.864,
        "time": "2009/09/02 10:45:00"
      },
      {
        "y": 8808686.856,
        "time": "2009/09/02 11:00:00"
      },
      {
        "y": 9434863.728,
        "time": "2009/09/02 11:15:00"
      },
      {
        "y": 9602859.636,
        "time": "2009/09/02 11:30:00"
      },
      {
        "y": 8649819.0,
        "time": "2009/09/02 11:45:00"
      },
      {
        "y": 8558520.984,
        "time": "2009/09/02 12:00:00"
      },
      {
        "y": 8810458.488,
        "time": "2009/09/02 12:15:00"
      },
      {
        "y": 8664789.744,
        "time": "2009/09/02 12:30:00"
      },
      {
        "y": 8886916.728,
        "time": "2009/09/02 12:45:00"
      },
      {
        "y": 8479712.16,
        "time": "2009/09/02 13:00:00"
      },
      {
        "y": 9229840.2,
        "time": "2009/09/02 13:15:00"
      },
      {
        "y": 9689449.428,
        "time": "2009/09/02 13:30:00"
      },
      {
        "y": 8891364.888,
        "time": "2009/09/02 13:45:00"
      },
      {
        "y": 8490831.12,
        "time": "2009/09/02 14:00:00"
      },
      {
        "y": 8762587.776,
        "time": "2009/09/02 14:15:00"
      },
      {
        "y": 9122661.576,
        "time": "2009/09/02 14:30:00"
      },
      {
        "y": 8253465.048,
        "time": "2009/09/02 14:45:00"
      },
      {
        "y": 8393810.616,
        "time": "2009/09/02 15:00:00"
      },
      {
        "y": 8638995.816,
        "time": "2009/09/02 15:15:00"
      },
      {
        "y": 8618266.368,
        "time": "2009/09/02 15:30:00"
      },
      {
        "y": 9556206.48,
        "time": "2009/09/02 15:45:00"
      },
      {
        "y": 8919988.416,
        "time": "2009/09/02 16:00:00"
      },
      {
        "y": 8669568.996,
        "time": "2009/09/02 16:15:00"
      },
      {
        "y": 8675290.368,
        "time": "2009/09/02 16:30:00"
      },
      {
        "y": 7329915.72,
        "time": "2009/09/02 16:45:00"
      },
      {
        "y": 5605236.36,
        "time": "2009/09/02 17:00:00"
      },
      {
        "y": 7094011.608,
        "time": "2009/09/02 17:15:00"
      },
      {
        "y": 6341539.248,
        "time": "2009/09/02 17:30:00"
      },
      {
        "y": 7499293.2,
        "time": "2009/09/02 17:45:00"
      },
      {
        "y": 9475582.932,
        "time": "2009/09/02 18:00:00"
      },
      {
        "y": 10563957.36,
        "time": "2009/09/02 18:15:00"
      },
      {
        "y": 10645192.8,
        "time": "2009/09/02 18:30:00"
      },
      {
        "y": 7615145.34,
        "time": "2009/09/02 18:45:00"
      },
      {
        "y": 9883395.72,
        "time": "2009/09/02 19:00:00"
      },
      {
        "y": 9587450.304,
        "time": "2009/09/02 19:15:00"
      },
      {
        "y": 10753101.72,
        "time": "2009/09/02 19:30:00"
      },
      {
        "y": 11966280.12,
        "time": "2009/09/02 19:45:00"
      },
      {
        "y": 13141816.2,
        "time": "2009/09/02 20:00:00"
      },
      {
        "y": 13974676.56,
        "time": "2009/09/02 20:15:00"
      },
      {
        "y": 13964832.0,
        "time": "2009/09/02 20:30:00"
      },
      {
        "y": 12849687.36,
        "time": "2009/09/02 20:45:00"
      },
      {
        "y": 11757165.696,
        "time": "2009/09/02 21:00:00"
      },
      {
        "y": 13323985.92,
        "time": "2009/09/02 21:15:00"
      },
      {
        "y": 12692321.64,
        "time": "2009/09/02 21:30:00"
      },
      {
        "y": 6779754.288,
        "time": "2009/09/02 21:45:00"
      },
      {
        "y": 77906.7,
        "time": "2009/09/02 22:00:00"
      },
      {
        "y": 77657.4,
        "time": "2009/09/02 22:15:00"
      },
      {
        "y": 78239.16,
        "time": "2009/09/02 22:30:00"
      },
      {
        "y": 78114.492,
        "time": "2009/09/02 22:45:00"
      },
      {
        "y": 77408.1,
        "time": "2009/09/02 23:00:00"
      },
      {
        "y": 77491.224,
        "time": "2009/09/02 23:15:00"
      },
      {
        "y": 77532.768,
        "time": "2009/09/02 23:30:00"
      },
      {
        "y": 77408.136,
        "time": "2009/09/02 23:45:00"
      }
    ],
    "cvrmse": 38.24749,
    "nmbe": 1.558603
  }
]