[
  {
    "name": " Simulated",
    "type": "Heating:Electricity",
    "color": "blue",
    "units": "J",
    "displayname": "Heating Consumption",
    "data": [
      {
        "y": 0.0,
        "time": "2009/08/27 00:00:00"
      },
      {
        "y": 0.0,
        "time": "2009/08/27 00:15:00"
      },
      {
        "y": 0.0,
        "time": "2009/08/27 00:30:00"
      },
      {
        "y": 0.0,
        "time": "2009/08/27 00:45:00"
      },
      {
        "y": 0.0,
        "time": "2009/08/27 01:00:00"
      },
      {
        "y": 0.0,
        "time": "2009/08/27 01:15:00"
      },
      {
        "y": 0.0,
        "time": "2009/08/27 01:30:00"
      },
      {
        "y": 0.0,
        "time": "2009/08/27 01:45:00"
      },
      {
        "y": 0.0,
        "time": "2009/08/27 02:00:00"
      },
      {
        "y": 0.0,
        "time": "2009/08/27 02:15:00"
      },
      {
        "y": 0.0,
        "time": "2009/08/27 02:30:00"
      },
      {
        "y": 0.0,
        "time": "2009/08/27 02:45:00"
      },
      {
        "y": 0.0,
        "time": "2009/08/27 03:00:00"
      },
      {
        "y": 0.0,
        "time": "2009/08/27 03:15:00"
      },
      {
        "y": 0.0,
        "time": "2009/08/27 03:30:00"
      },
      {
        "y": 0.0,
        "time": "2009/08/27 03:45:00"
      },
      {
        "y": 0.0,
        "time": "2009/08/27 04:00:00"
      },
      {
        "y": 0.0,
        "time": "2009/08/27 04:15:00"
      },
      {
        "y": 0.0,
        "time": "2009/08/27 04:30:00"
      },
      {
        "y": 0.0,
        "time": "2009/08/27 04:45:00"
      },
      {
        "y": 0.0,
        "time": "2009/08/27 05:00:00"
      },
      {
        "y": 0.0,
        "time": "2009/08/27 05:15:00"
      },
      {
        "y": 0.0,
        "time": "2009/08/27 05:30:00"
      },
      {
        "y": 0.0,
        "time": "2009/08/27 05:45:00"
      },
      {
        "y": 0.0,
        "time": "2009/08/27 06:00:00"
      },
      {
        "y": 0.0,
        "time": "2009/08/27 06:15:00"
      },
      {
        "y": 0.0,
        "time": "2009/08/27 06:30:00"
      },
      {
        "y": 0.0,
        "time": "2009/08/27 06:45:00"
      },
      {
        "y": 347769.161167,
        "time": "2009/08/27 07:00:00"
      },
      {
        "y": 0.0,
        "time": "2009/08/27 07:15:00"
      },
      {
        "y": 0.0,
        "time": "2009/08/27 07:30:00"
      },
      {
        "y": 4028457.079918,
        "time": "2009/08/27 07:45:00"
      },
      {
        "y": 7571766.793484,
        "time": "2009/08/27 08:00:00"
      },
      {
        "y": 6773846.746556,
        "time": "2009/08/27 08:15:00"
      },
      {
        "y": 6894059.336723,
        "time": "2009/08/27 08:30:00"
      },
      {
        "y": 5879690.120838,
        "time": "2009/08/27 08:45:00"
      },
      {
        "y": 5291524.653764,
        "time": "2009/08/27 09:00:00"
      },
      {
        "y": 4791746.071747,
        "time": "2009/08/27 09:15:00"
      },
      {
        "y": 4407095.152407,
        "time": "2009/08/27 09:30:00"
      },
      {
        "y": 4232223.754503,
        "time": "2009/08/27 09:45:00"
      },
      {
        "y": 3596217.822433,
        "time": "2009/08/27 10:00:00"
      },
      {
        "y": 3134727.054087,
        "time": "2009/08/27 10:15:00"
      },
      {
        "y": 2601062.811922,
        "time": "2009/08/27 10:30:00"
      },
      {
        "y": 2273612.630161,
        "time": "2009/08/27 10:45:00"
      },
      {
        "y": 1983953.718055,
        "time": "2009/08/27 11:00:00"
      },
      {
        "y": 1816567.184149,
        "time": "2009/08/27 11:15:00"
      },
      {
        "y": 1565078.579889,
        "time": "2009/08/27 11:30:00"
      },
      {
        "y": 1458138.951938,
        "time": "2009/08/27 11:45:00"
      },
      {
        "y": 1358948.960166,
        "time": "2009/08/27 12:00:00"
      },
      {
        "y": 1318618.014823,
        "time": "2009/08/27 12:15:00"
      },
      {
        "y": 1214041.100512,
        "time": "2009/08/27 12:30:00"
      },
      {
        "y": 1123304.113915,
        "time": "2009/08/27 12:45:00"
      },
      {
        "y": 1167525.084701,
        "time": "2009/08/27 13:00:00"
      },
      {
        "y": 1107252.915352,
        "time": "2009/08/27 13:15:00"
      },
      {
        "y": 1015025.564631,
        "time": "2009/08/27 13:30:00"
      },
      {
        "y": 985741.644378,
        "time": "2009/08/27 13:45:00"
      },
      {
        "y": 918869.713886,
        "time": "2009/08/27 14:00:00"
      },
      {
        "y": 887321.005906,
        "time": "2009/08/27 14:15:00"
      },
      {
        "y": 864156.291906,
        "time": "2009/08/27 14:30:00"
      },
      {
        "y": 872236.685188,
        "time": "2009/08/27 14:45:00"
      },
      {
        "y": 858603.568054,
        "time": "2009/08/27 15:00:00"
      },
      {
        "y": 829485.900167,
        "time": "2009/08/27 15:15:00"
      },
      {
        "y": 813524.94391,
        "time": "2009/08/27 15:30:00"
      },
      {
        "y": 790678.839026,
        "time": "2009/08/27 15:45:00"
      },
      {
        "y": 766745.721335,
        "time": "2009/08/27 16:00:00"
      },
      {
        "y": 763327.47426,
        "time": "2009/08/27 16:15:00"
      },
      {
        "y": 748953.049102,
        "time": "2009/08/27 16:30:00"
      },
      {
        "y": 742437.686491,
        "time": "2009/08/27 16:45:00"
      },
      {
        "y": 738123.27709,
        "time": "2009/08/27 17:00:00"
      },
      {
        "y": 795006.540018,
        "time": "2009/08/27 17:15:00"
      },
      {
        "y": 727865.356778,
        "time": "2009/08/27 17:30:00"
      },
      {
        "y": 784157.848948,
        "time": "2009/08/27 17:45:00"
      },
      {
        "y": 1000145.459417,
        "time": "2009/08/27 18:00:00"
      },
      {
        "y": 1326031.658979,
        "time": "2009/08/27 18:15:00"
      },
      {
        "y": 1588640.148254,
        "time": "2009/08/27 18:30:00"
      },
      {
        "y": 1599976.649133,
        "time": "2009/08/27 18:45:00"
      },
      {
        "y": 1672345.949854,
        "time": "2009/08/27 19:00:00"
      },
      {
        "y": 1909074.695802,
        "time": "2009/08/27 19:15:00"
      },
      {
        "y": 2892206.126042,
        "time": "2009/08/27 19:30:00"
      },
      {
        "y": 3797535.364426,
        "time": "2009/08/27 19:45:00"
      },
      {
        "y": 4436820.946858,
        "time": "2009/08/27 20:00:00"
      },
      {
        "y": 4953121.890887,
        "time": "2009/08/27 20:15:00"
      },
      {
        "y": 5416933.777439,
        "time": "2009/08/27 20:30:00"
      },
      {
        "y": 5469551.240305,
        "time": "2009/08/27 20:45:00"
      },
      {
        "y": 5829714.088837,
        "time": "2009/08/27 21:00:00"
      },
      {
        "y": 6377373.513666,
        "time": "2009/08/27 21:15:00"
      },
      {
        "y": 7019234.47378,
        "time": "2009/08/27 21:30:00"
      },
      {
        "y": 0.0,
        "time": "2009/08/27 21:45:00"
      },
      {
        "y": 0.0,
        "time": "2009/08/27 22:00:00"
      },
      {
        "y": 0.0,
        "time": "2009/08/27 22:15:00"
      },
      {
        "y": 0.0,
        "time": "2009/08/27 22:30:00"
      },
      {
        "y": 0.0,
        "time": "2009/08/27 22:45:00"
      },
      {
        "y": 0.0,
        "time": "2009/08/27 23:00:00"
      },
      {
        "y": 0.0,
        "time": "2009/08/27 23:15:00"
      },
      {
        "y": 0.0,
        "time": "2009/08/27 23:30:00"
      },
      {
        "y": 0.0,
        "time": "2009/08/27 23:45:00"
      }
    ],
    "cvrmse": 80.365582,
    "nmbe": -12.060104
  },
  {
    "name": " Metered",
    "type": "Heating:Electricity",
    "color": "red",
    "units": "J",
    "displayname": "Heating Consumption",
    "data": [
      {
        "y": 77158.836,
        "time": "2009/08/27 00:00:00"
      },
      {
        "y": 76618.656,
        "time": "2009/08/27 00:15:00"
      },
      {
        "y": 77117.292,
        "time": "2009/08/27 00:30:00"
      },
      {
        "y": 77200.38,
        "time": "2009/08/27 00:45:00"
      },
      {
        "y": 77117.292,
        "time": "2009/08/27 01:00:00"
      },
      {
        "y": 77117.292,
        "time": "2009/08/27 01:15:00"
      },
      {
        "y": 76951.08,
        "time": "2009/08/27 01:30:00"
      },
      {
        "y": 76992.624,
        "time": "2009/08/27 01:45:00"
      },
      {
        "y": 77158.836,
        "time": "2009/08/27 02:00:00"
      },
      {
        "y": 76826.412,
        "time": "2009/08/27 02:15:00"
      },
      {
        "y": 77657.472,
        "time": "2009/08/27 02:30:00"
      },
      {
        "y": 77158.836,
        "time": "2009/08/27 02:45:00"
      },
      {
        "y": 77117.292,
        "time": "2009/08/27 03:00:00"
      },
      {
        "y": 77117.292,
        "time": "2009/08/27 03:15:00"
      },
      {
        "y": 76951.08,
        "time": "2009/08/27 03:30:00"
      },
      {
        "y": 77200.38,
        "time": "2009/08/27 03:45:00"
      },
      {
        "y": 77117.292,
        "time": "2009/08/27 04:00:00"
      },
      {
        "y": 77158.836,
        "time": "2009/08/27 04:15:00"
      },
      {
        "y": 77200.416,
        "time": "2009/08/27 04:30:00"
      },
      {
        "y": 77532.804,
        "time": "2009/08/27 04:45:00"
      },
      {
        "y": 76951.08,
        "time": "2009/08/27 05:00:00"
      },
      {
        "y": 77325.048,
        "time": "2009/08/27 05:15:00"
      },
      {
        "y": 77075.748,
        "time": "2009/08/27 05:30:00"
      },
      {
        "y": 77657.472,
        "time": "2009/08/27 05:45:00"
      },
      {
        "y": 76701.78,
        "time": "2009/08/27 06:00:00"
      },
      {
        "y": 76120.056,
        "time": "2009/08/27 06:15:00"
      },
      {
        "y": 76535.568,
        "time": "2009/08/27 06:30:00"
      },
      {
        "y": 89997.66,
        "time": "2009/08/27 06:45:00"
      },
      {
        "y": 115384.5,
        "time": "2009/08/27 07:00:00"
      },
      {
        "y": 115218.324,
        "time": "2009/08/27 07:15:00"
      },
      {
        "y": 120827.988,
        "time": "2009/08/27 07:30:00"
      },
      {
        "y": 813225.636,
        "time": "2009/08/27 07:45:00"
      },
      {
        "y": 1771437.708,
        "time": "2009/08/27 08:00:00"
      },
      {
        "y": 2548852.596,
        "time": "2009/08/27 08:15:00"
      },
      {
        "y": 3734444.628,
        "time": "2009/08/27 08:30:00"
      },
      {
        "y": 3540573.828,
        "time": "2009/08/27 08:45:00"
      },
      {
        "y": 3391013.268,
        "time": "2009/08/27 09:00:00"
      },
      {
        "y": 3895855.02,
        "time": "2009/08/27 09:15:00"
      },
      {
        "y": 3934000.368,
        "time": "2009/08/27 09:30:00"
      },
      {
        "y": 3668768.388,
        "time": "2009/08/27 09:45:00"
      },
      {
        "y": 2599706.268,
        "time": "2009/08/27 10:00:00"
      },
      {
        "y": 2850958.764,
        "time": "2009/08/27 10:15:00"
      },
      {
        "y": 2840189.184,
        "time": "2009/08/27 10:30:00"
      },
      {
        "y": 2587256.028,
        "time": "2009/08/27 10:45:00"
      },
      {
        "y": 2414403.684,
        "time": "2009/08/27 11:00:00"
      },
      {
        "y": 2152877.004,
        "time": "2009/08/27 11:15:00"
      },
      {
        "y": 1924805.088,
        "time": "2009/08/27 11:30:00"
      },
      {
        "y": 1547263.6524,
        "time": "2009/08/27 11:45:00"
      },
      {
        "y": 1338850.728,
        "time": "2009/08/27 12:00:00"
      },
      {
        "y": 1225669.572,
        "time": "2009/08/27 12:15:00"
      },
      {
        "y": 1105218.72,
        "time": "2009/08/27 12:30:00"
      },
      {
        "y": 928676.664,
        "time": "2009/08/27 12:45:00"
      },
      {
        "y": 838800.252,
        "time": "2009/08/27 13:00:00"
      },
      {
        "y": 882874.224,
        "time": "2009/08/27 13:15:00"
      },
      {
        "y": 777749.076,
        "time": "2009/08/27 13:30:00"
      },
      {
        "y": 929446.704,
        "time": "2009/08/27 13:45:00"
      },
      {
        "y": 762960.924,
        "time": "2009/08/27 14:00:00"
      },
      {
        "y": 682984.98,
        "time": "2009/08/27 14:15:00"
      },
      {
        "y": 751992.084,
        "time": "2009/08/27 14:30:00"
      },
      {
        "y": 705916.728,
        "time": "2009/08/27 14:45:00"
      },
      {
        "y": 694733.94,
        "time": "2009/08/27 15:00:00"
      },
      {
        "y": 743050.116,
        "time": "2009/08/27 15:15:00"
      },
      {
        "y": 587443.932,
        "time": "2009/08/27 15:30:00"
      },
      {
        "y": 599985.9,
        "time": "2009/08/27 15:45:00"
      },
      {
        "y": 439731.756,
        "time": "2009/08/27 16:00:00"
      },
      {
        "y": 444207.312,
        "time": "2009/08/27 16:15:00"
      },
      {
        "y": 438013.656,
        "time": "2009/08/27 16:30:00"
      },
      {
        "y": 281490.732,
        "time": "2009/08/27 16:45:00"
      },
      {
        "y": 465714.648,
        "time": "2009/08/27 17:00:00"
      },
      {
        "y": 473977.728,
        "time": "2009/08/27 17:15:00"
      },
      {
        "y": 577255.284,
        "time": "2009/08/27 17:30:00"
      },
      {
        "y": 483810.804,
        "time": "2009/08/27 17:45:00"
      },
      {
        "y": 1017167.76,
        "time": "2009/08/27 18:00:00"
      },
      {
        "y": 1323926.424,
        "time": "2009/08/27 18:15:00"
      },
      {
        "y": 1626996.348,
        "time": "2009/08/27 18:30:00"
      },
      {
        "y": 1652401.656,
        "time": "2009/08/27 18:45:00"
      },
      {
        "y": 1709827.56,
        "time": "2009/08/27 19:00:00"
      },
      {
        "y": 2399850.252,
        "time": "2009/08/27 19:15:00"
      },
      {
        "y": 2595935.7,
        "time": "2009/08/27 19:30:00"
      },
      {
        "y": 3343416.084,
        "time": "2009/08/27 19:45:00"
      },
      {
        "y": 4213099.296,
        "time": "2009/08/27 20:00:00"
      },
      {
        "y": 5008293.54,
        "time": "2009/08/27 20:15:00"
      },
      {
        "y": 5925493.008,
        "time": "2009/08/27 20:30:00"
      },
      {
        "y": 6264808.956,
        "time": "2009/08/27 20:45:00"
      },
      {
        "y": 5968584.288,
        "time": "2009/08/27 21:00:00"
      },
      {
        "y": 6976277.604,
        "time": "2009/08/27 21:15:00"
      },
      {
        "y": 9092775.6,
        "time": "2009/08/27 21:30:00"
      },
      {
        "y": 4766712.768,
        "time": "2009/08/27 21:45:00"
      },
      {
        "y": 77408.1,
        "time": "2009/08/27 22:00:00"
      },
      {
        "y": 78114.492,
        "time": "2009/08/27 22:15:00"
      },
      {
        "y": 77325.012,
        "time": "2009/08/27 22:30:00"
      },
      {
        "y": 77158.836,
        "time": "2009/08/27 22:45:00"
      },
      {
        "y": 76867.956,
        "time": "2009/08/27 23:00:00"
      },
      {
        "y": 76909.5,
        "time": "2009/08/27 23:15:00"
      },
      {
        "y": 76618.656,
        "time": "2009/08/27 23:30:00"
      },
      {
        "y": 77200.38,
        "time": "2009/08/27 23:45:00"
      }
    ],
    "cvrmse": 80.365582,
    "nmbe": -12.060104
  }
]