[
  {
    "name": " Simulated",
    "type": "InteriorEquipment:Electricity",
    "color": "blue",
    "units": "J",
    "displayname": "Equipment Consumption",
    "data": [
      {
        "y": 1057648.252774,
        "time": "2009/09/02 00:00:00"
      },
      {
        "y": 1667249.1,
        "time": "2009/09/02 00:15:00"
      },
      {
        "y": 4697354.304,
        "time": "2009/09/02 00:30:00"
      },
      {
        "y": 1529307.54,
        "time": "2009/09/02 00:45:00"
      },
      {
        "y": 288879.0048,
        "time": "2009/09/02 01:00:00"
      },
      {
        "y": 3448625.112,
        "time": "2009/09/02 01:15:00"
      },
      {
        "y": 4190605.992,
        "time": "2009/09/02 01:30:00"
      },
      {
        "y": 313659.3924,
        "time": "2009/09/02 01:45:00"
      },
      {
        "y": 309001.06404,
        "time": "2009/09/02 02:00:00"
      },
      {
        "y": 306448.40844,
        "time": "2009/09/02 02:15:00"
      },
      {
        "y": 1096051.644,
        "time": "2009/09/02 02:30:00"
      },
      {
        "y": 4733195.076,
        "time": "2009/09/02 02:45:00"
      },
      {
        "y": 2150817.588,
        "time": "2009/09/02 03:00:00"
      },
      {
        "y": 3741004.296,
        "time": "2009/09/02 03:15:00"
      },
      {
        "y": 3910921.56,
        "time": "2009/09/02 03:30:00"
      },
      {
        "y": 287870.5008,
        "time": "2009/09/02 03:45:00"
      },
      {
        "y": 287550.9684,
        "time": "2009/09/02 04:00:00"
      },
      {
        "y": 288014.5728,
        "time": "2009/09/02 04:15:00"
      },
      {
        "y": 287382.8844,
        "time": "2009/09/02 04:30:00"
      },
      {
        "y": 4626101.988,
        "time": "2009/09/02 04:45:00"
      },
      {
        "y": 3038820.048,
        "time": "2009/09/02 05:00:00"
      },
      {
        "y": 2852486.964,
        "time": "2009/09/02 05:15:00"
      },
      {
        "y": 4728935.736,
        "time": "2009/09/02 05:30:00"
      },
      {
        "y": 380122.74,
        "time": "2009/09/02 05:45:00"
      },
      {
        "y": 286747.4448,
        "time": "2009/09/02 06:00:00"
      },
      {
        "y": 775301.574054,
        "time": "2009/09/02 06:15:00"
      },
      {
        "y": 4677199.776,
        "time": "2009/09/02 06:30:00"
      },
      {
        "y": 3065114.916,
        "time": "2009/09/02 06:45:00"
      },
      {
        "y": 287240.68044,
        "time": "2009/09/02 07:00:00"
      },
      {
        "y": 3718318.212534,
        "time": "2009/09/02 07:15:00"
      },
      {
        "y": 4707293.688,
        "time": "2009/09/02 07:30:00"
      },
      {
        "y": 4675948.74,
        "time": "2009/09/02 07:45:00"
      },
      {
        "y": 3281067.828,
        "time": "2009/09/02 08:00:00"
      },
      {
        "y": 4818363.382756,
        "time": "2009/09/02 08:15:00"
      },
      {
        "y": 4980869.928,
        "time": "2009/09/02 08:30:00"
      },
      {
        "y": 4832026.812,
        "time": "2009/09/02 08:45:00"
      },
      {
        "y": 4716528.948,
        "time": "2009/09/02 09:00:00"
      },
      {
        "y": 4850610.48,
        "time": "2009/09/02 09:15:00"
      },
      {
        "y": 4997432.52,
        "time": "2009/09/02 09:30:00"
      },
      {
        "y": 4720821.984,
        "time": "2009/09/02 09:45:00"
      },
      {
        "y": 4716572.112,
        "time": "2009/09/02 10:00:00"
      },
      {
        "y": 4764234.996,
        "time": "2009/09/02 10:15:00"
      },
      {
        "y": 5000249.268,
        "time": "2009/09/02 10:30:00"
      },
      {
        "y": 4761402.264,
        "time": "2009/09/02 10:45:00"
      },
      {
        "y": 4703196.888,
        "time": "2009/09/02 11:00:00"
      },
      {
        "y": 4960702.08,
        "time": "2009/09/02 11:15:00"
      },
      {
        "y": 4842346.032,
        "time": "2009/09/02 11:30:00"
      },
      {
        "y": 4703237.82,
        "time": "2009/09/02 11:45:00"
      },
      {
        "y": 4524715.872,
        "time": "2009/09/02 12:00:00"
      },
      {
        "y": 4175879.211025,
        "time": "2009/09/02 12:15:00"
      },
      {
        "y": 4850983.764,
        "time": "2009/09/02 12:30:00"
      },
      {
        "y": 4778995.392,
        "time": "2009/09/02 12:45:00"
      },
      {
        "y": 2925132.588,
        "time": "2009/09/02 13:00:00"
      },
      {
        "y": 4861675.340975,
        "time": "2009/09/02 13:15:00"
      },
      {
        "y": 4985578.188,
        "time": "2009/09/02 13:30:00"
      },
      {
        "y": 4746339.144,
        "time": "2009/09/02 13:45:00"
      },
      {
        "y": 4693824.324,
        "time": "2009/09/02 14:00:00"
      },
      {
        "y": 4893540.336,
        "time": "2009/09/02 14:15:00"
      },
      {
        "y": 4885512.804,
        "time": "2009/09/02 14:30:00"
      },
      {
        "y": 4684507.956,
        "time": "2009/09/02 14:45:00"
      },
      {
        "y": 4687390.008,
        "time": "2009/09/02 15:00:00"
      },
      {
        "y": 4696617.528,
        "time": "2009/09/02 15:15:00"
      },
      {
        "y": 4795395.66,
        "time": "2009/09/02 15:30:00"
      },
      {
        "y": 4975013.196,
        "time": "2009/09/02 15:45:00"
      },
      {
        "y": 4697066.844,
        "time": "2009/09/02 16:00:00"
      },
      {
        "y": 4685068.116,
        "time": "2009/09/02 16:15:00"
      },
      {
        "y": 4962207.276,
        "time": "2009/09/02 16:30:00"
      },
      {
        "y": 4794579.108,
        "time": "2009/09/02 16:45:00"
      },
      {
        "y": 4547207.232,
        "time": "2009/09/02 17:00:00"
      },
      {
        "y": 2619508.604437,
        "time": "2009/09/02 17:15:00"
      },
      {
        "y": 4706455.068,
        "time": "2009/09/02 17:30:00"
      },
      {
        "y": 1754852.364,
        "time": "2009/09/02 17:45:00"
      },
      {
        "y": 273309.791929,
        "time": "2009/09/02 18:00:00"
      },
      {
        "y": 312419.044272,
        "time": "2009/09/02 18:15:00"
      },
      {
        "y": 1839535.2,
        "time": "2009/09/02 18:30:00"
      },
      {
        "y": 1907402.292,
        "time": "2009/09/02 18:45:00"
      },
      {
        "y": 267685.65684,
        "time": "2009/09/02 19:00:00"
      },
      {
        "y": 3481161.336,
        "time": "2009/09/02 19:15:00"
      },
      {
        "y": 267986.69244,
        "time": "2009/09/02 19:30:00"
      },
      {
        "y": 275317.7292,
        "time": "2009/09/02 19:45:00"
      },
      {
        "y": 308173.536,
        "time": "2009/09/02 20:00:00"
      },
      {
        "y": 315705.9204,
        "time": "2009/09/02 20:15:00"
      },
      {
        "y": 267801.97644,
        "time": "2009/09/02 20:30:00"
      },
      {
        "y": 3289704.588,
        "time": "2009/09/02 20:45:00"
      },
      {
        "y": 462707.388,
        "time": "2009/09/02 21:00:00"
      },
      {
        "y": 268913.90844,
        "time": "2009/09/02 21:15:00"
      },
      {
        "y": 269168.78844,
        "time": "2009/09/02 21:30:00"
      },
      {
        "y": 687092.148,
        "time": "2009/09/02 21:45:00"
      },
      {
        "y": 3138128.244,
        "time": "2009/09/02 22:00:00"
      },
      {
        "y": 259899.734343,
        "time": "2009/09/02 22:15:00"
      },
      {
        "y": 270423.03204,
        "time": "2009/09/02 22:30:00"
      },
      {
        "y": 3252865.032,
        "time": "2009/09/02 22:45:00"
      },
      {
        "y": 269806.09644,
        "time": "2009/09/02 23:00:00"
      },
      {
        "y": 3192667.052403,
        "time": "2009/09/02 23:15:00"
      },
      {
        "y": 270173.6568,
        "time": "2009/09/02 23:30:00"
      },
      {
        "y": 269268.58044,
        "time": "2009/09/02 23:45:00"
      }
    ],
    "cvrmse": 3.809013,
    "nmbe": -0.380691
  },
  {
    "name": " Metered",
    "type": "InteriorEquipment:Electricity",
    "color": "red",
    "units": "J",
    "displayname": "Equipment Consumption",
    "data": [
      {
        "y": 0.0,
        "time": "2009/09/02 00:00:00"
      },
      {
        "y": 1667249.1,
        "time": "2009/09/02 00:15:00"
      },
      {
        "y": 4697354.304,
        "time": "2009/09/02 00:30:00"
      },
      {
        "y": 1529307.54,
        "time": "2009/09/02 00:45:00"
      },
      {
        "y": 288879.0048,
        "time": "2009/09/02 01:00:00"
      },
      {
        "y": 3448625.112,
        "time": "2009/09/02 01:15:00"
      },
      {
        "y": 4190605.992,
        "time": "2009/09/02 01:30:00"
      },
      {
        "y": 313659.3924,
        "time": "2009/09/02 01:45:00"
      },
      {
        "y": 309001.06404,
        "time": "2009/09/02 02:00:00"
      },
      {
        "y": 306448.40844,
        "time": "2009/09/02 02:15:00"
      },
      {
        "y": 1096051.644,
        "time": "2009/09/02 02:30:00"
      },
      {
        "y": 4733195.076,
        "time": "2009/09/02 02:45:00"
      },
      {
        "y": 2150817.588,
        "time": "2009/09/02 03:00:00"
      },
      {
        "y": 3741004.296,
        "time": "2009/09/02 03:15:00"
      },
      {
        "y": 3910921.56,
        "time": "2009/09/02 03:30:00"
      },
      {
        "y": 287870.5008,
        "time": "2009/09/02 03:45:00"
      },
      {
        "y": 287550.9684,
        "time": "2009/09/02 04:00:00"
      },
      {
        "y": 288014.5728,
        "time": "2009/09/02 04:15:00"
      },
      {
        "y": 287382.8844,
        "time": "2009/09/02 04:30:00"
      },
      {
        "y": 4626101.988,
        "time": "2009/09/02 04:45:00"
      },
      {
        "y": 3038820.048,
        "time": "2009/09/02 05:00:00"
      },
      {
        "y": 2852486.964,
        "time": "2009/09/02 05:15:00"
      },
      {
        "y": 4728935.736,
        "time": "2009/09/02 05:30:00"
      },
      {
        "y": 380122.74,
        "time": "2009/09/02 05:45:00"
      },
      {
        "y": 286747.4448,
        "time": "2009/09/02 06:00:00"
      },
      {
        "y": 753165.792,
        "time": "2009/09/02 06:15:00"
      },
      {
        "y": 4677199.776,
        "time": "2009/09/02 06:30:00"
      },
      {
        "y": 3065114.916,
        "time": "2009/09/02 06:45:00"
      },
      {
        "y": 287240.68044,
        "time": "2009/09/02 07:00:00"
      },
      {
        "y": 3698575.488,
        "time": "2009/09/02 07:15:00"
      },
      {
        "y": 4707293.688,
        "time": "2009/09/02 07:30:00"
      },
      {
        "y": 4675948.74,
        "time": "2009/09/02 07:45:00"
      },
      {
        "y": 3281067.828,
        "time": "2009/09/02 08:00:00"
      },
      {
        "y": 4662814.644,
        "time": "2009/09/02 08:15:00"
      },
      {
        "y": 4980869.928,
        "time": "2009/09/02 08:30:00"
      },
      {
        "y": 4832026.812,
        "time": "2009/09/02 08:45:00"
      },
      {
        "y": 4716528.948,
        "time": "2009/09/02 09:00:00"
      },
      {
        "y": 4850610.48,
        "time": "2009/09/02 09:15:00"
      },
      {
        "y": 4997432.52,
        "time": "2009/09/02 09:30:00"
      },
      {
        "y": 4720821.984,
        "time": "2009/09/02 09:45:00"
      },
      {
        "y": 4716572.112,
        "time": "2009/09/02 10:00:00"
      },
      {
        "y": 4764234.996,
        "time": "2009/09/02 10:15:00"
      },
      {
        "y": 5000249.268,
        "time": "2009/09/02 10:30:00"
      },
      {
        "y": 4761402.264,
        "time": "2009/09/02 10:45:00"
      },
      {
        "y": 4703196.888,
        "time": "2009/09/02 11:00:00"
      },
      {
        "y": 4960702.08,
        "time": "2009/09/02 11:15:00"
      },
      {
        "y": 4842346.032,
        "time": "2009/09/02 11:30:00"
      },
      {
        "y": 4703237.82,
        "time": "2009/09/02 11:45:00"
      },
      {
        "y": 4524715.872,
        "time": "2009/09/02 12:00:00"
      },
      {
        "y": 4265618.868,
        "time": "2009/09/02 12:15:00"
      },
      {
        "y": 4850983.764,
        "time": "2009/09/02 12:30:00"
      },
      {
        "y": 4778995.392,
        "time": "2009/09/02 12:45:00"
      },
      {
        "y": 2925132.588,
        "time": "2009/09/02 13:00:00"
      },
      {
        "y": 4771935.684,
        "time": "2009/09/02 13:15:00"
      },
      {
        "y": 4985578.188,
        "time": "2009/09/02 13:30:00"
      },
      {
        "y": 4746339.144,
        "time": "2009/09/02 13:45:00"
      },
      {
        "y": 4693824.324,
        "time": "2009/09/02 14:00:00"
      },
      {
        "y": 4893540.336,
        "time": "2009/09/02 14:15:00"
      },
      {
        "y": 4885512.804,
        "time": "2009/09/02 14:30:00"
      },
      {
        "y": 4684507.956,
        "time": "2009/09/02 14:45:00"
      },
      {
        "y": 4687390.008,
        "time": "2009/09/02 15:00:00"
      },
      {
        "y": 4696617.528,
        "time": "2009/09/02 15:15:00"
      },
      {
        "y": 4795395.66,
        "time": "2009/09/02 15:30:00"
      },
      {
        "y": 4975013.196,
        "time": "2009/09/02 15:45:00"
      },
      {
        "y": 4697066.844,
        "time": "2009/09/02 16:00:00"
      },
      {
        "y": 4685068.116,
        "time": "2009/09/02 16:15:00"
      },
      {
        "y": 4962207.276,
        "time": "2009/09/02 16:30:00"
      },
      {
        "y": 4794579.108,
        "time": "2009/09/02 16:45:00"
      },
      {
        "y": 4547207.232,
        "time": "2009/09/02 17:00:00"
      },
      {
        "y": 2751126.768,
        "time": "2009/09/02 17:15:00"
      },
      {
        "y": 4706455.068,
        "time": "2009/09/02 17:30:00"
      },
      {
        "y": 1754852.364,
        "time": "2009/09/02 17:45:00"
      },
      {
        "y": 267525.06084,
        "time": "2009/09/02 18:00:00"
      },
      {
        "y": 356092.344,
        "time": "2009/09/02 18:15:00"
      },
      {
        "y": 1839535.2,
        "time": "2009/09/02 18:30:00"
      },
      {
        "y": 1907402.292,
        "time": "2009/09/02 18:45:00"
      },
      {
        "y": 267685.65684,
        "time": "2009/09/02 19:00:00"
      },
      {
        "y": 3481161.336,
        "time": "2009/09/02 19:15:00"
      },
      {
        "y": 267986.69244,
        "time": "2009/09/02 19:30:00"
      },
      {
        "y": 275317.7292,
        "time": "2009/09/02 19:45:00"
      },
      {
        "y": 308173.536,
        "time": "2009/09/02 20:00:00"
      },
      {
        "y": 315705.9204,
        "time": "2009/09/02 20:15:00"
      },
      {
        "y": 267801.97644,
        "time": "2009/09/02 20:30:00"
      },
      {
        "y": 3289704.588,
        "time": "2009/09/02 20:45:00"
      },
      {
        "y": 462707.388,
        "time": "2009/09/02 21:00:00"
      },
      {
        "y": 268913.90844,
        "time": "2009/09/02 21:15:00"
      },
      {
        "y": 269168.78844,
        "time": "2009/09/02 21:30:00"
      },
      {
        "y": 687092.148,
        "time": "2009/09/02 21:45:00"
      },
      {
        "y": 3138128.244,
        "time": "2009/09/02 22:00:00"
      },
      {
        "y": 270070.2288,
        "time": "2009/09/02 22:15:00"
      },
      {
        "y": 270423.03204,
        "time": "2009/09/02 22:30:00"
      },
      {
        "y": 3252865.032,
        "time": "2009/09/02 22:45:00"
      },
      {
        "y": 269806.09644,
        "time": "2009/09/02 23:00:00"
      },
      {
        "y": 3204632.34,
        "time": "2009/09/02 23:15:00"
      },
      {
        "y": 270173.6568,
        "time": "2009/09/02 23:30:00"
      },
      {
        "y": 269268.58044,
        "time": "2009/09/02 23:45:00"
      }
    ],
    "cvrmse": 3.809013,
    "nmbe": -0.380691
  }
]