[
  {
    "name": "RoofTop Supply Fan Outlet Simulated",
    "type": "System Node Standard Density Volume Flow Rate",
    "color": "blue",
    "units": "m3/s",
    "displayname": "Standard Airflow Volume",
    "data": [
      {
        "y": 0.0,
        "time": "2009/09/02 06:45:00"
      },
      {
        "y": 1.955962,
        "time": "2009/09/02 07:00:00"
      },
      {
        "y": 1.955962,
        "time": "2009/09/02 07:15:00"
      },
      {
        "y": 1.955962,
        "time": "2009/09/02 07:30:00"
      },
      {
        "y": 1.955962,
        "time": "2009/09/02 07:45:00"
      },
      {
        "y": 1.955962,
        "time": "2009/09/02 08:00:00"
      },
      {
        "y": 1.955962,
        "time": "2009/09/02 08:15:00"
      },
      {
        "y": 1.955962,
        "time": "2009/09/02 08:30:00"
      },
      {
        "y": 1.955962,
        "time": "2009/09/02 08:45:00"
      },
      {
        "y": 1.955962,
        "time": "2009/09/02 09:00:00"
      },
      {
        "y": 1.955962,
        "time": "2009/09/02 09:15:00"
      },
      {
        "y": 1.955962,
        "time": "2009/09/02 09:30:00"
      },
      {
        "y": 1.955962,
        "time": "2009/09/02 09:45:00"
      },
      {
        "y": 1.955962,
        "time": "2009/09/02 10:00:00"
      },
      {
        "y": 1.955962,
        "time": "2009/09/02 10:15:00"
      },
      {
        "y": 1.955962,
        "time": "2009/09/02 10:30:00"
      },
      {
        "y": 1.955962,
        "time": "2009/09/02 10:45:00"
      },
      {
        "y": 1.955962,
        "time": "2009/09/02 11:00:00"
      },
      {
        "y": 1.955962,
        "time": "2009/09/02 11:15:00"
      },
      {
        "y": 1.955962,
        "time": "2009/09/02 11:30:00"
      },
      {
        "y": 1.955962,
        "time": "2009/09/02 11:45:00"
      },
      {
        "y": 1.955962,
        "time": "2009/09/02 12:00:00"
      },
      {
        "y": 1.955962,
        "time": "2009/09/02 12:15:00"
      },
      {
        "y": 1.955962,
        "time": "2009/09/02 12:30:00"
      },
      {
        "y": 1.955962,
        "time": "2009/09/02 12:45:00"
      },
      {
        "y": 1.955962,
        "time": "2009/09/02 13:00:00"
      },
      {
        "y": 1.955962,
        "time": "2009/09/02 13:15:00"
      },
      {
        "y": 1.955962,
        "time": "2009/09/02 13:30:00"
      },
      {
        "y": 1.955962,
        "time": "2009/09/02 13:45:00"
      },
      {
        "y": 1.955962,
        "time": "2009/09/02 14:00:00"
      },
      {
        "y": 1.955962,
        "time": "2009/09/02 14:15:00"
      },
      {
        "y": 1.955962,
        "time": "2009/09/02 14:30:00"
      },
      {
        "y": 1.955962,
        "time": "2009/09/02 14:45:00"
      },
      {
        "y": 1.955962,
        "time": "2009/09/02 15:00:00"
      },
      {
        "y": 1.955962,
        "time": "2009/09/02 15:15:00"
      },
      {
        "y": 1.955962,
        "time": "2009/09/02 15:30:00"
      },
      {
        "y": 1.955962,
        "time": "2009/09/02 15:45:00"
      },
      {
        "y": 1.955962,
        "time": "2009/09/02 16:00:00"
      },
      {
        "y": 1.955962,
        "time": "2009/09/02 16:15:00"
      },
      {
        "y": 1.955962,
        "time": "2009/09/02 16:30:00"
      },
      {
        "y": 1.955962,
        "time": "2009/09/02 16:45:00"
      },
      {
        "y": 1.955962,
        "time": "2009/09/02 17:00:00"
      },
      {
        "y": 1.955962,
        "time": "2009/09/02 17:15:00"
      },
      {
        "y": 1.955962,
        "time": "2009/09/02 17:30:00"
      },
      {
        "y": 1.955962,
        "time": "2009/09/02 17:45:00"
      },
      {
        "y": 1.955962,
        "time": "2009/09/02 18:00:00"
      },
      {
        "y": 1.955962,
        "time": "2009/09/02 18:15:00"
      },
      {
        "y": 1.955962,
        "time": "2009/09/02 18:30:00"
      },
      {
        "y": 1.955962,
        "time": "2009/09/02 18:45:00"
      },
      {
        "y": 1.955962,
        "time": "2009/09/02 19:00:00"
      },
      {
        "y": 1.955962,
        "time": "2009/09/02 19:15:00"
      },
      {
        "y": 1.955962,
        "time": "2009/09/02 19:30:00"
      },
      {
        "y": 1.955962,
        "time": "2009/09/02 19:45:00"
      },
      {
        "y": 1.955962,
        "time": "2009/09/02 20:00:00"
      },
      {
        "y": 1.955962,
        "time": "2009/09/02 20:15:00"
      },
      {
        "y": 1.955962,
        "time": "2009/09/02 20:30:00"
      },
      {
        "y": 1.955962,
        "time": "2009/09/02 20:45:00"
      },
      {
        "y": 1.955962,
        "time": "2009/09/02 21:00:00"
      },
      {
        "y": 1.955962,
        "time": "2009/09/02 21:15:00"
      },
      {
        "y": 1.955962,
        "time": "2009/09/02 21:30:00"
      },
      {
        "y": 0.0,
        "time": "2009/09/02 21:45:00"
      }
    ],
    "cvrmse": 16.470324,
    "nmbe": 8.024633
  },
  {
    "name": "RoofTop Supply Fan Outlet Metered",
    "type": "System Node Standard Density Volume Flow Rate",
    "color": "red",
    "units": "m3/s",
    "displayname": "Standard Airflow Volume",
    "data": [
      {
        "y": 1.4852,
        "time": "2009/09/02 06:45:00"
      },
      {
        "y": 2.05437,
        "time": "2009/09/02 07:00:00"
      },
      {
        "y": 2.06706,
        "time": "2009/09/02 07:15:00"
      },
      {
        "y": 2.06894,
        "time": "2009/09/02 07:30:00"
      },
      {
        "y": 2.06377,
        "time": "2009/09/02 07:45:00"
      },
      {
        "y": 2.06518,
        "time": "2009/09/02 08:00:00"
      },
      {
        "y": 2.06706,
        "time": "2009/09/02 08:15:00"
      },
      {
        "y": 2.06518,
        "time": "2009/09/02 08:30:00"
      },
      {
        "y": 2.06847,
        "time": "2009/09/02 08:45:00"
      },
      {
        "y": 2.06189,
        "time": "2009/09/02 09:00:00"
      },
      {
        "y": 2.06753,
        "time": "2009/09/02 09:15:00"
      },
      {
        "y": 2.06753,
        "time": "2009/09/02 09:30:00"
      },
      {
        "y": 2.06236,
        "time": "2009/09/02 09:45:00"
      },
      {
        "y": 2.06424,
        "time": "2009/09/02 10:00:00"
      },
      {
        "y": 2.06847,
        "time": "2009/09/02 10:15:00"
      },
      {
        "y": 2.06706,
        "time": "2009/09/02 10:30:00"
      },
      {
        "y": 2.06847,
        "time": "2009/09/02 10:45:00"
      },
      {
        "y": 2.06894,
        "time": "2009/09/02 11:00:00"
      },
      {
        "y": 2.06894,
        "time": "2009/09/02 11:15:00"
      },
      {
        "y": 2.06894,
        "time": "2009/09/02 11:30:00"
      },
      {
        "y": 2.06847,
        "time": "2009/09/02 11:45:00"
      },
      {
        "y": 2.06941,
        "time": "2009/09/02 12:00:00"
      },
      {
        "y": 2.06941,
        "time": "2009/09/02 12:15:00"
      },
      {
        "y": 2.06847,
        "time": "2009/09/02 12:30:00"
      },
      {
        "y": 2.06753,
        "time": "2009/09/02 12:45:00"
      },
      {
        "y": 2.068,
        "time": "2009/09/02 13:00:00"
      },
      {
        "y": 2.06847,
        "time": "2009/09/02 13:15:00"
      },
      {
        "y": 2.06941,
        "time": "2009/09/02 13:30:00"
      },
      {
        "y": 2.068,
        "time": "2009/09/02 13:45:00"
      },
      {
        "y": 2.06894,
        "time": "2009/09/02 14:00:00"
      },
      {
        "y": 2.06612,
        "time": "2009/09/02 14:15:00"
      },
      {
        "y": 2.0633,
        "time": "2009/09/02 14:30:00"
      },
      {
        "y": 2.06518,
        "time": "2009/09/02 14:45:00"
      },
      {
        "y": 2.06565,
        "time": "2009/09/02 15:00:00"
      },
      {
        "y": 2.06565,
        "time": "2009/09/02 15:15:00"
      },
      {
        "y": 2.06471,
        "time": "2009/09/02 15:30:00"
      },
      {
        "y": 2.06518,
        "time": "2009/09/02 15:45:00"
      },
      {
        "y": 2.06518,
        "time": "2009/09/02 16:00:00"
      },
      {
        "y": 2.06753,
        "time": "2009/09/02 16:15:00"
      },
      {
        "y": 2.06659,
        "time": "2009/09/02 16:30:00"
      },
      {
        "y": 2.06424,
        "time": "2009/09/02 16:45:00"
      },
      {
        "y": 2.06659,
        "time": "2009/09/02 17:00:00"
      },
      {
        "y": 2.06518,
        "time": "2009/09/02 17:15:00"
      },
      {
        "y": 2.06659,
        "time": "2009/09/02 17:30:00"
      },
      {
        "y": 2.06847,
        "time": "2009/09/02 17:45:00"
      },
      {
        "y": 2.06706,
        "time": "2009/09/02 18:00:00"
      },
      {
        "y": 2.06941,
        "time": "2009/09/02 18:15:00"
      },
      {
        "y": 2.06988,
        "time": "2009/09/02 18:30:00"
      },
      {
        "y": 2.06847,
        "time": "2009/09/02 18:45:00"
      },
      {
        "y": 2.07082,
        "time": "2009/09/02 19:00:00"
      },
      {
        "y": 2.07129,
        "time": "2009/09/02 19:15:00"
      },
      {
        "y": 2.07035,
        "time": "2009/09/02 19:30:00"
      },
      {
        "y": 2.07176,
        "time": "2009/09/02 19:45:00"
      },
      {
        "y": 2.07223,
        "time": "2009/09/02 20:00:00"
      },
      {
        "y": 2.07082,
        "time": "2009/09/02 20:15:00"
      },
      {
        "y": 2.06518,
        "time": "2009/09/02 20:30:00"
      },
      {
        "y": 2.07082,
        "time": "2009/09/02 20:45:00"
      },
      {
        "y": 2.06565,
        "time": "2009/09/02 21:00:00"
      },
      {
        "y": 2.06706,
        "time": "2009/09/02 21:15:00"
      },
      {
        "y": 2.07176,
        "time": "2009/09/02 21:30:00"
      },
      {
        "y": 2.01583,
        "time": "2009/09/02 21:45:00"
      }
    ],
    "cvrmse": 16.470324,
    "nmbe": 8.024633
  }
]