[
  {
    "name": "ROOFTOP MIXED AIR OUTLET Simulated",
    "type": "System Node Temperature",
    "color": "blue",
    "units": "C",
    "displayname": "RTU Enter",
    "data": [
      {
        "y": 22.841041,
        "time": "2009/08/29 06:45:00"
      },
      {
        "y": 21.656516,
        "time": "2009/08/29 07:00:00"
      },
      {
        "y": 21.13267,
        "time": "2009/08/29 07:15:00"
      },
      {
        "y": 21.056792,
        "time": "2009/08/29 07:30:00"
      },
      {
        "y": 21.254686,
        "time": "2009/08/29 07:45:00"
      },
      {
        "y": 21.240792,
        "time": "2009/08/29 08:00:00"
      },
      {
        "y": 21.219509,
        "time": "2009/08/29 08:15:00"
      },
      {
        "y": 21.206397,
        "time": "2009/08/29 08:30:00"
      },
      {
        "y": 21.262225,
        "time": "2009/08/29 08:45:00"
      },
      {
        "y": 21.309367,
        "time": "2009/08/29 09:00:00"
      },
      {
        "y": 21.356146,
        "time": "2009/08/29 09:15:00"
      },
      {
        "y": 21.406765,
        "time": "2009/08/29 09:30:00"
      },
      {
        "y": 21.473542,
        "time": "2009/08/29 09:45:00"
      },
      {
        "y": 21.555533,
        "time": "2009/08/29 10:00:00"
      },
      {
        "y": 21.611961,
        "time": "2009/08/29 10:15:00"
      },
      {
        "y": 21.695796,
        "time": "2009/08/29 10:30:00"
      },
      {
        "y": 21.759156,
        "time": "2009/08/29 10:45:00"
      },
      {
        "y": 21.850552,
        "time": "2009/08/29 11:00:00"
      },
      {
        "y": 21.942651,
        "time": "2009/08/29 11:15:00"
      },
      {
        "y": 22.012547,
        "time": "2009/08/29 11:30:00"
      },
      {
        "y": 22.077318,
        "time": "2009/08/29 11:45:00"
      },
      {
        "y": 22.140873,
        "time": "2009/08/29 12:00:00"
      },
      {
        "y": 22.212948,
        "time": "2009/08/29 12:15:00"
      },
      {
        "y": 22.28921,
        "time": "2009/08/29 12:30:00"
      },
      {
        "y": 22.365656,
        "time": "2009/08/29 12:45:00"
      },
      {
        "y": 22.446072,
        "time": "2009/08/29 13:00:00"
      },
      {
        "y": 22.518323,
        "time": "2009/08/29 13:15:00"
      },
      {
        "y": 22.576566,
        "time": "2009/08/29 13:30:00"
      },
      {
        "y": 22.65838,
        "time": "2009/08/29 13:45:00"
      },
      {
        "y": 22.771106,
        "time": "2009/08/29 14:00:00"
      },
      {
        "y": 22.847808,
        "time": "2009/08/29 14:15:00"
      },
      {
        "y": 22.934995,
        "time": "2009/08/29 14:30:00"
      },
      {
        "y": 23.062604,
        "time": "2009/08/29 14:45:00"
      },
      {
        "y": 23.205378,
        "time": "2009/08/29 15:00:00"
      },
      {
        "y": 23.329223,
        "time": "2009/08/29 15:15:00"
      },
      {
        "y": 23.441884,
        "time": "2009/08/29 15:30:00"
      },
      {
        "y": 23.541046,
        "time": "2009/08/29 15:45:00"
      },
      {
        "y": 23.631946,
        "time": "2009/08/29 16:00:00"
      },
      {
        "y": 23.71383,
        "time": "2009/08/29 16:15:00"
      },
      {
        "y": 23.803247,
        "time": "2009/08/29 16:30:00"
      },
      {
        "y": 23.890072,
        "time": "2009/08/29 16:45:00"
      },
      {
        "y": 23.973478,
        "time": "2009/08/29 17:00:00"
      },
      {
        "y": 24.050001,
        "time": "2009/08/29 17:15:00"
      },
      {
        "y": 24.100021,
        "time": "2009/08/29 17:30:00"
      },
      {
        "y": 24.110526,
        "time": "2009/08/29 17:45:00"
      },
      {
        "y": 24.138786,
        "time": "2009/08/29 18:00:00"
      },
      {
        "y": 24.144071,
        "time": "2009/08/29 18:15:00"
      },
      {
        "y": 24.064298,
        "time": "2009/08/29 18:30:00"
      },
      {
        "y": 23.991956,
        "time": "2009/08/29 18:45:00"
      },
      {
        "y": 23.887457,
        "time": "2009/08/29 19:00:00"
      },
      {
        "y": 23.712408,
        "time": "2009/08/29 19:15:00"
      },
      {
        "y": 23.430425,
        "time": "2009/08/29 19:30:00"
      },
      {
        "y": 23.24286,
        "time": "2009/08/29 19:45:00"
      },
      {
        "y": 22.990774,
        "time": "2009/08/29 20:00:00"
      },
      {
        "y": 22.756584,
        "time": "2009/08/29 20:15:00"
      },
      {
        "y": 22.602631,
        "time": "2009/08/29 20:30:00"
      },
      {
        "y": 22.421475,
        "time": "2009/08/29 20:45:00"
      },
      {
        "y": 22.268709,
        "time": "2009/08/29 21:00:00"
      },
      {
        "y": 22.137059,
        "time": "2009/08/29 21:15:00"
      },
      {
        "y": 21.940087,
        "time": "2009/08/29 21:30:00"
      },
      {
        "y": 21.752771,
        "time": "2009/08/29 21:45:00"
      }
    ],
    "cvrmse": 3.168492,
    "nmbe": -1.359092
  },
  {
    "name": "ROOFTOP MIXED AIR OUTLET Metered",
    "type": "System Node Temperature",
    "color": "red",
    "units": "C",
    "displayname": "RTU Enter",
    "data": [
      {
        "y": 22.901832,
        "time": "2009/08/29 06:45:00"
      },
      {
        "y": 23.096292,
        "time": "2009/08/29 07:00:00"
      },
      {
        "y": 22.768488,
        "time": "2009/08/29 07:15:00"
      },
      {
        "y": 21.746184,
        "time": "2009/08/29 07:30:00"
      },
      {
        "y": 21.173916,
        "time": "2009/08/29 07:45:00"
      },
      {
        "y": 20.907228,
        "time": "2009/08/29 08:00:00"
      },
      {
        "y": 21.040572,
        "time": "2009/08/29 08:15:00"
      },
      {
        "y": 21.14058,
        "time": "2009/08/29 08:30:00"
      },
      {
        "y": 21.073908,
        "time": "2009/08/29 08:45:00"
      },
      {
        "y": 21.096132,
        "time": "2009/08/29 09:00:00"
      },
      {
        "y": 21.257256,
        "time": "2009/08/29 09:15:00"
      },
      {
        "y": 21.235032,
        "time": "2009/08/29 09:30:00"
      },
      {
        "y": 21.268368,
        "time": "2009/08/29 09:45:00"
      },
      {
        "y": 21.329484,
        "time": "2009/08/29 10:00:00"
      },
      {
        "y": 21.423936,
        "time": "2009/08/29 10:15:00"
      },
      {
        "y": 21.551724,
        "time": "2009/08/29 10:30:00"
      },
      {
        "y": 21.69618,
        "time": "2009/08/29 10:45:00"
      },
      {
        "y": 21.86286,
        "time": "2009/08/29 11:00:00"
      },
      {
        "y": 22.040652,
        "time": "2009/08/29 11:15:00"
      },
      {
        "y": 22.146216,
        "time": "2009/08/29 11:30:00"
      },
      {
        "y": 22.274004,
        "time": "2009/08/29 11:45:00"
      },
      {
        "y": 22.374012,
        "time": "2009/08/29 12:00:00"
      },
      {
        "y": 22.301784,
        "time": "2009/08/29 12:15:00"
      },
      {
        "y": 22.579584,
        "time": "2009/08/29 12:30:00"
      },
      {
        "y": 22.757376,
        "time": "2009/08/29 12:45:00"
      },
      {
        "y": 22.812936,
        "time": "2009/08/29 13:00:00"
      },
      {
        "y": 22.574028,
        "time": "2009/08/29 13:15:00"
      },
      {
        "y": 22.662924,
        "time": "2009/08/29 13:30:00"
      },
      {
        "y": 22.929612,
        "time": "2009/08/29 13:45:00"
      },
      {
        "y": 22.924056,
        "time": "2009/08/29 14:00:00"
      },
      {
        "y": 23.11296,
        "time": "2009/08/29 14:15:00"
      },
      {
        "y": 23.035176,
        "time": "2009/08/29 14:30:00"
      },
      {
        "y": 23.235192,
        "time": "2009/08/29 14:45:00"
      },
      {
        "y": 23.218524,
        "time": "2009/08/29 15:00:00"
      },
      {
        "y": 23.41854,
        "time": "2009/08/29 15:15:00"
      },
      {
        "y": 23.257416,
        "time": "2009/08/29 15:30:00"
      },
      {
        "y": 23.090736,
        "time": "2009/08/29 15:45:00"
      },
      {
        "y": 23.024064,
        "time": "2009/08/29 16:00:00"
      },
      {
        "y": 23.135184,
        "time": "2009/08/29 16:15:00"
      },
      {
        "y": 23.374092,
        "time": "2009/08/29 16:30:00"
      },
      {
        "y": 23.274084,
        "time": "2009/08/29 16:45:00"
      },
      {
        "y": 23.190744,
        "time": "2009/08/29 17:00:00"
      },
      {
        "y": 23.068512,
        "time": "2009/08/29 17:15:00"
      },
      {
        "y": 23.218524,
        "time": "2009/08/29 17:30:00"
      },
      {
        "y": 23.329644,
        "time": "2009/08/29 17:45:00"
      },
      {
        "y": 23.046288,
        "time": "2009/08/29 18:00:00"
      },
      {
        "y": 22.812936,
        "time": "2009/08/29 18:15:00"
      },
      {
        "y": 22.601808,
        "time": "2009/08/29 18:30:00"
      },
      {
        "y": 22.690704,
        "time": "2009/08/29 18:45:00"
      },
      {
        "y": 22.351788,
        "time": "2009/08/29 19:00:00"
      },
      {
        "y": 22.357344,
        "time": "2009/08/29 19:15:00"
      },
      {
        "y": 22.062876,
        "time": "2009/08/29 19:30:00"
      },
      {
        "y": 22.012872,
        "time": "2009/08/29 19:45:00"
      },
      {
        "y": 21.768408,
        "time": "2009/08/29 20:00:00"
      },
      {
        "y": 21.77952,
        "time": "2009/08/29 20:15:00"
      },
      {
        "y": 21.773964,
        "time": "2009/08/29 20:30:00"
      },
      {
        "y": 21.768408,
        "time": "2009/08/29 20:45:00"
      },
      {
        "y": 21.707292,
        "time": "2009/08/29 21:00:00"
      },
      {
        "y": 21.36282,
        "time": "2009/08/29 21:15:00"
      },
      {
        "y": 21.240588,
        "time": "2009/08/29 21:30:00"
      },
      {
        "y": 21.273924,
        "time": "2009/08/29 21:45:00"
      }
    ],
    "cvrmse": 3.168492,
    "nmbe": -1.359092
  }
]