[
  {
    "name": "ROOFTOP SUPPLY FAN OUTLET Simulated",
    "type": "System Node Temperature",
    "color": "blue",
    "units": "C",
    "displayname": "RTU Exit",
    "data": [
      {
        "y": 23.436927,
        "time": "2009/09/01 06:45:00"
      },
      {
        "y": 14.638246,
        "time": "2009/09/01 07:00:00"
      },
      {
        "y": 13.032606,
        "time": "2009/09/01 07:15:00"
      },
      {
        "y": 12.499075,
        "time": "2009/09/01 07:30:00"
      },
      {
        "y": 12.499881,
        "time": "2009/09/01 07:45:00"
      },
      {
        "y": 12.500217,
        "time": "2009/09/01 08:00:00"
      },
      {
        "y": 12.500186,
        "time": "2009/09/01 08:15:00"
      },
      {
        "y": 12.500121,
        "time": "2009/09/01 08:30:00"
      },
      {
        "y": 12.500116,
        "time": "2009/09/01 08:45:00"
      },
      {
        "y": 12.500101,
        "time": "2009/09/01 09:00:00"
      },
      {
        "y": 12.500123,
        "time": "2009/09/01 09:15:00"
      },
      {
        "y": 12.500091,
        "time": "2009/09/01 09:30:00"
      },
      {
        "y": 12.500025,
        "time": "2009/09/01 09:45:00"
      },
      {
        "y": 12.499971,
        "time": "2009/09/01 10:00:00"
      },
      {
        "y": 12.499962,
        "time": "2009/09/01 10:15:00"
      },
      {
        "y": 12.499956,
        "time": "2009/09/01 10:30:00"
      },
      {
        "y": 12.499952,
        "time": "2009/09/01 10:45:00"
      },
      {
        "y": 12.499925,
        "time": "2009/09/01 11:00:00"
      },
      {
        "y": 12.499936,
        "time": "2009/09/01 11:15:00"
      },
      {
        "y": 12.499917,
        "time": "2009/09/01 11:30:00"
      },
      {
        "y": 12.499925,
        "time": "2009/09/01 11:45:00"
      },
      {
        "y": 12.499948,
        "time": "2009/09/01 12:00:00"
      },
      {
        "y": 12.500001,
        "time": "2009/09/01 12:15:00"
      },
      {
        "y": 12.500024,
        "time": "2009/09/01 12:30:00"
      },
      {
        "y": 12.500026,
        "time": "2009/09/01 12:45:00"
      },
      {
        "y": 12.500014,
        "time": "2009/09/01 13:00:00"
      },
      {
        "y": 12.500016,
        "time": "2009/09/01 13:15:00"
      },
      {
        "y": 12.500022,
        "time": "2009/09/01 13:30:00"
      },
      {
        "y": 12.500026,
        "time": "2009/09/01 13:45:00"
      },
      {
        "y": 12.500027,
        "time": "2009/09/01 14:00:00"
      },
      {
        "y": 12.500026,
        "time": "2009/09/01 14:15:00"
      },
      {
        "y": 12.500021,
        "time": "2009/09/01 14:30:00"
      },
      {
        "y": 12.499987,
        "time": "2009/09/01 14:45:00"
      },
      {
        "y": 12.499923,
        "time": "2009/09/01 15:00:00"
      },
      {
        "y": 12.499946,
        "time": "2009/09/01 15:15:00"
      },
      {
        "y": 12.499934,
        "time": "2009/09/01 15:30:00"
      },
      {
        "y": 12.499972,
        "time": "2009/09/01 15:45:00"
      },
      {
        "y": 12.500007,
        "time": "2009/09/01 16:00:00"
      },
      {
        "y": 12.499905,
        "time": "2009/09/01 16:15:00"
      },
      {
        "y": 12.499833,
        "time": "2009/09/01 16:30:00"
      },
      {
        "y": 12.499886,
        "time": "2009/09/01 16:45:00"
      },
      {
        "y": 12.499957,
        "time": "2009/09/01 17:00:00"
      },
      {
        "y": 12.500003,
        "time": "2009/09/01 17:15:00"
      },
      {
        "y": 12.500016,
        "time": "2009/09/01 17:30:00"
      },
      {
        "y": 12.500006,
        "time": "2009/09/01 17:45:00"
      },
      {
        "y": 12.499948,
        "time": "2009/09/01 18:00:00"
      },
      {
        "y": 12.499913,
        "time": "2009/09/01 18:15:00"
      },
      {
        "y": 12.499941,
        "time": "2009/09/01 18:30:00"
      },
      {
        "y": 12.499973,
        "time": "2009/09/01 18:45:00"
      },
      {
        "y": 12.500005,
        "time": "2009/09/01 19:00:00"
      },
      {
        "y": 12.500037,
        "time": "2009/09/01 19:15:00"
      },
      {
        "y": 12.499986,
        "time": "2009/09/01 19:30:00"
      },
      {
        "y": 12.499998,
        "time": "2009/09/01 19:45:00"
      },
      {
        "y": 12.50001,
        "time": "2009/09/01 20:00:00"
      },
      {
        "y": 12.500036,
        "time": "2009/09/01 20:15:00"
      },
      {
        "y": 12.500063,
        "time": "2009/09/01 20:30:00"
      },
      {
        "y": 12.499993,
        "time": "2009/09/01 20:45:00"
      },
      {
        "y": 12.500016,
        "time": "2009/09/01 21:00:00"
      },
      {
        "y": 12.500049,
        "time": "2009/09/01 21:15:00"
      },
      {
        "y": 12.500076,
        "time": "2009/09/01 21:30:00"
      },
      {
        "y": 21.023846,
        "time": "2009/09/01 21:45:00"
      }
    ],
    "cvrmse": 11.981519,
    "nmbe": 1.040437
  },
  {
    "name": "ROOFTOP SUPPLY FAN OUTLET Metered",
    "type": "System Node Temperature",
    "color": "red",
    "units": "C",
    "displayname": "RTU Exit",
    "data": [
      {
        "y": 18.062556,
        "time": "2009/09/01 06:45:00"
      },
      {
        "y": 15.0012,
        "time": "2009/09/01 07:00:00"
      },
      {
        "y": 15.16788,
        "time": "2009/09/01 07:15:00"
      },
      {
        "y": 11.86206,
        "time": "2009/09/01 07:30:00"
      },
      {
        "y": 11.600928,
        "time": "2009/09/01 07:45:00"
      },
      {
        "y": 12.30654,
        "time": "2009/09/01 08:00:00"
      },
      {
        "y": 13.423296,
        "time": "2009/09/01 08:15:00"
      },
      {
        "y": 13.356624,
        "time": "2009/09/01 08:30:00"
      },
      {
        "y": 12.562116,
        "time": "2009/09/01 08:45:00"
      },
      {
        "y": 13.91778,
        "time": "2009/09/01 09:00:00"
      },
      {
        "y": 13.00104,
        "time": "2009/09/01 09:15:00"
      },
      {
        "y": 12.823248,
        "time": "2009/09/01 09:30:00"
      },
      {
        "y": 12.767688,
        "time": "2009/09/01 09:45:00"
      },
      {
        "y": 12.745464,
        "time": "2009/09/01 10:00:00"
      },
      {
        "y": 12.234312,
        "time": "2009/09/01 10:15:00"
      },
      {
        "y": 13.489968,
        "time": "2009/09/01 10:30:00"
      },
      {
        "y": 12.295428,
        "time": "2009/09/01 10:45:00"
      },
      {
        "y": 13.562196,
        "time": "2009/09/01 11:00:00"
      },
      {
        "y": 12.995484,
        "time": "2009/09/01 11:15:00"
      },
      {
        "y": 12.562116,
        "time": "2009/09/01 11:30:00"
      },
      {
        "y": 12.289872,
        "time": "2009/09/01 11:45:00"
      },
      {
        "y": 13.151052,
        "time": "2009/09/01 12:00:00"
      },
      {
        "y": 12.712128,
        "time": "2009/09/01 12:15:00"
      },
      {
        "y": 14.078904,
        "time": "2009/09/01 12:30:00"
      },
      {
        "y": 12.300984,
        "time": "2009/09/01 12:45:00"
      },
      {
        "y": 12.3621,
        "time": "2009/09/01 13:00:00"
      },
      {
        "y": 12.089856,
        "time": "2009/09/01 13:15:00"
      },
      {
        "y": 12.617676,
        "time": "2009/09/01 13:30:00"
      },
      {
        "y": 13.36218,
        "time": "2009/09/01 13:45:00"
      },
      {
        "y": 13.101048,
        "time": "2009/09/01 14:00:00"
      },
      {
        "y": 13.128828,
        "time": "2009/09/01 14:15:00"
      },
      {
        "y": 13.273284,
        "time": "2009/09/01 14:30:00"
      },
      {
        "y": 13.273284,
        "time": "2009/09/01 14:45:00"
      },
      {
        "y": 13.734432,
        "time": "2009/09/01 15:00:00"
      },
      {
        "y": 12.33432,
        "time": "2009/09/01 15:15:00"
      },
      {
        "y": 12.262092,
        "time": "2009/09/01 15:30:00"
      },
      {
        "y": 11.728716,
        "time": "2009/09/01 15:45:00"
      },
      {
        "y": 13.44552,
        "time": "2009/09/01 16:00:00"
      },
      {
        "y": 12.912144,
        "time": "2009/09/01 16:15:00"
      },
      {
        "y": 13.401072,
        "time": "2009/09/01 16:30:00"
      },
      {
        "y": 13.317732,
        "time": "2009/09/01 16:45:00"
      },
      {
        "y": 12.289872,
        "time": "2009/09/01 17:00:00"
      },
      {
        "y": 12.095412,
        "time": "2009/09/01 17:15:00"
      },
      {
        "y": 12.767688,
        "time": "2009/09/01 17:30:00"
      },
      {
        "y": 12.734352,
        "time": "2009/09/01 17:45:00"
      },
      {
        "y": 12.706572,
        "time": "2009/09/01 18:00:00"
      },
      {
        "y": 13.662204,
        "time": "2009/09/01 18:15:00"
      },
      {
        "y": 13.051044,
        "time": "2009/09/01 18:30:00"
      },
      {
        "y": 12.228756,
        "time": "2009/09/01 18:45:00"
      },
      {
        "y": 13.106604,
        "time": "2009/09/01 19:00:00"
      },
      {
        "y": 13.851108,
        "time": "2009/09/01 19:15:00"
      },
      {
        "y": 13.02882,
        "time": "2009/09/01 19:30:00"
      },
      {
        "y": 12.606564,
        "time": "2009/09/01 19:45:00"
      },
      {
        "y": 12.462108,
        "time": "2009/09/01 20:00:00"
      },
      {
        "y": 12.61212,
        "time": "2009/09/01 20:15:00"
      },
      {
        "y": 12.501,
        "time": "2009/09/01 20:30:00"
      },
      {
        "y": 13.02882,
        "time": "2009/09/01 20:45:00"
      },
      {
        "y": 12.712128,
        "time": "2009/09/01 21:00:00"
      },
      {
        "y": 13.22328,
        "time": "2009/09/01 21:15:00"
      },
      {
        "y": 13.967784,
        "time": "2009/09/01 21:30:00"
      },
      {
        "y": 11.628708,
        "time": "2009/09/01 21:45:00"
      }
    ],
    "cvrmse": 11.981519,
    "nmbe": 1.040437
  }
]