[
  {
    "name": "ROOFTOP SUPPLY FAN OUTLET Simulated",
    "type": "System Node Temperature",
    "color": "blue",
    "units": "C",
    "displayname": "RTU Exit",
    "data": [
      {
        "y": 12.50025,
        "time": "2009/08/27 06:45:00"
      },
      {
        "y": 12.500338,
        "time": "2009/08/27 07:00:00"
      },
      {
        "y": 12.500656,
        "time": "2009/08/27 07:15:00"
      },
      {
        "y": 12.500215,
        "time": "2009/08/27 07:30:00"
      },
      {
        "y": 12.500305,
        "time": "2009/08/27 07:45:00"
      },
      {
        "y": 12.500179,
        "time": "2009/08/27 08:00:00"
      },
      {
        "y": 12.500298,
        "time": "2009/08/27 08:15:00"
      },
      {
        "y": 12.500244,
        "time": "2009/08/27 08:30:00"
      },
      {
        "y": 12.500048,
        "time": "2009/08/27 08:45:00"
      },
      {
        "y": 12.500042,
        "time": "2009/08/27 09:00:00"
      },
      {
        "y": 12.50004,
        "time": "2009/08/27 09:15:00"
      },
      {
        "y": 12.500027,
        "time": "2009/08/27 09:30:00"
      },
      {
        "y": 12.500018,
        "time": "2009/08/27 09:45:00"
      },
      {
        "y": 12.500015,
        "time": "2009/08/27 10:00:00"
      },
      {
        "y": 12.500011,
        "time": "2009/08/27 10:15:00"
      },
      {
        "y": 12.500026,
        "time": "2009/08/27 10:30:00"
      },
      {
        "y": 12.500023,
        "time": "2009/08/27 10:45:00"
      },
      {
        "y": 12.499997,
        "time": "2009/08/27 11:00:00"
      },
      {
        "y": 12.500025,
        "time": "2009/08/27 11:15:00"
      },
      {
        "y": 12.499992,
        "time": "2009/08/27 11:30:00"
      },
      {
        "y": 12.499968,
        "time": "2009/08/27 11:45:00"
      },
      {
        "y": 12.49998,
        "time": "2009/08/27 12:00:00"
      },
      {
        "y": 12.499964,
        "time": "2009/08/27 12:15:00"
      },
      {
        "y": 12.499945,
        "time": "2009/08/27 12:30:00"
      },
      {
        "y": 12.49991,
        "time": "2009/08/27 12:45:00"
      },
      {
        "y": 12.499922,
        "time": "2009/08/27 13:00:00"
      },
      {
        "y": 12.49993,
        "time": "2009/08/27 13:15:00"
      },
      {
        "y": 12.499953,
        "time": "2009/08/27 13:30:00"
      },
      {
        "y": 12.499912,
        "time": "2009/08/27 13:45:00"
      },
      {
        "y": 12.499932,
        "time": "2009/08/27 14:00:00"
      },
      {
        "y": 12.499928,
        "time": "2009/08/27 14:15:00"
      },
      {
        "y": 12.499924,
        "time": "2009/08/27 14:30:00"
      },
      {
        "y": 12.499935,
        "time": "2009/08/27 14:45:00"
      },
      {
        "y": 12.5,
        "time": "2009/08/27 15:00:00"
      },
      {
        "y": 12.499962,
        "time": "2009/08/27 15:15:00"
      },
      {
        "y": 12.499951,
        "time": "2009/08/27 15:30:00"
      },
      {
        "y": 12.500033,
        "time": "2009/08/27 15:45:00"
      },
      {
        "y": 12.500051,
        "time": "2009/08/27 16:00:00"
      },
      {
        "y": 12.499971,
        "time": "2009/08/27 16:15:00"
      },
      {
        "y": 12.499983,
        "time": "2009/08/27 16:30:00"
      },
      {
        "y": 12.500032,
        "time": "2009/08/27 16:45:00"
      },
      {
        "y": 12.499987,
        "time": "2009/08/27 17:00:00"
      },
      {
        "y": 12.499954,
        "time": "2009/08/27 17:15:00"
      },
      {
        "y": 12.499944,
        "time": "2009/08/27 17:30:00"
      },
      {
        "y": 12.499963,
        "time": "2009/08/27 17:45:00"
      },
      {
        "y": 12.499923,
        "time": "2009/08/27 18:00:00"
      },
      {
        "y": 12.49992,
        "time": "2009/08/27 18:15:00"
      },
      {
        "y": 12.499964,
        "time": "2009/08/27 18:30:00"
      },
      {
        "y": 12.499871,
        "time": "2009/08/27 18:45:00"
      },
      {
        "y": 12.499953,
        "time": "2009/08/27 19:00:00"
      },
      {
        "y": 12.499942,
        "time": "2009/08/27 19:15:00"
      },
      {
        "y": 12.499943,
        "time": "2009/08/27 19:30:00"
      },
      {
        "y": 12.499963,
        "time": "2009/08/27 19:45:00"
      },
      {
        "y": 12.499969,
        "time": "2009/08/27 20:00:00"
      },
      {
        "y": 12.499944,
        "time": "2009/08/27 20:15:00"
      },
      {
        "y": 12.499943,
        "time": "2009/08/27 20:30:00"
      },
      {
        "y": 12.499965,
        "time": "2009/08/27 20:45:00"
      },
      {
        "y": 12.500008,
        "time": "2009/08/27 21:00:00"
      },
      {
        "y": 12.500027,
        "time": "2009/08/27 21:15:00"
      },
      {
        "y": 12.500031,
        "time": "2009/08/27 21:30:00"
      },
      {
        "y": 12.500041,
        "time": "2009/08/27 21:45:00"
      }
    ],
    "cvrmse": 10.242659,
    "nmbe": 6.291917
  },
  {
    "name": "ROOFTOP SUPPLY FAN OUTLET Metered",
    "type": "System Node Temperature",
    "color": "red",
    "units": "C",
    "displayname": "RTU Exit",
    "data": [
      {
        "y": 18.607044,
        "time": "2009/08/27 06:45:00"
      },
      {
        "y": 15.490128,
        "time": "2009/08/27 07:00:00"
      },
      {
        "y": 11.856504,
        "time": "2009/08/27 07:15:00"
      },
      {
        "y": 11.234232,
        "time": "2009/08/27 07:30:00"
      },
      {
        "y": 14.428932,
        "time": "2009/08/27 07:45:00"
      },
      {
        "y": 12.345432,
        "time": "2009/08/27 08:00:00"
      },
      {
        "y": 12.956592,
        "time": "2009/08/27 08:15:00"
      },
      {
        "y": 12.623232,
        "time": "2009/08/27 08:30:00"
      },
      {
        "y": 13.378848,
        "time": "2009/08/27 08:45:00"
      },
      {
        "y": 12.623232,
        "time": "2009/08/27 09:00:00"
      },
      {
        "y": 12.0843,
        "time": "2009/08/27 09:15:00"
      },
      {
        "y": 12.773244,
        "time": "2009/08/27 09:30:00"
      },
      {
        "y": 12.928812,
        "time": "2009/08/27 09:45:00"
      },
      {
        "y": 13.567752,
        "time": "2009/08/27 10:00:00"
      },
      {
        "y": 12.295428,
        "time": "2009/08/27 10:15:00"
      },
      {
        "y": 12.61212,
        "time": "2009/08/27 10:30:00"
      },
      {
        "y": 12.812136,
        "time": "2009/08/27 10:45:00"
      },
      {
        "y": 12.906588,
        "time": "2009/08/27 11:00:00"
      },
      {
        "y": 13.045488,
        "time": "2009/08/27 11:15:00"
      },
      {
        "y": 13.289952,
        "time": "2009/08/27 11:30:00"
      },
      {
        "y": 13.423296,
        "time": "2009/08/27 11:45:00"
      },
      {
        "y": 13.589976,
        "time": "2009/08/27 12:00:00"
      },
      {
        "y": 13.784436,
        "time": "2009/08/27 12:15:00"
      },
      {
        "y": 14.19558,
        "time": "2009/08/27 12:30:00"
      },
      {
        "y": 13.923336,
        "time": "2009/08/27 12:45:00"
      },
      {
        "y": 14.7234,
        "time": "2009/08/27 13:00:00"
      },
      {
        "y": 13.701096,
        "time": "2009/08/27 13:15:00"
      },
      {
        "y": 14.33448,
        "time": "2009/08/27 13:30:00"
      },
      {
        "y": 13.206612,
        "time": "2009/08/27 13:45:00"
      },
      {
        "y": 14.690064,
        "time": "2009/08/27 14:00:00"
      },
      {
        "y": 13.00104,
        "time": "2009/08/27 14:15:00"
      },
      {
        "y": 14.734512,
        "time": "2009/08/27 14:30:00"
      },
      {
        "y": 13.08438,
        "time": "2009/08/27 14:45:00"
      },
      {
        "y": 14.39004,
        "time": "2009/08/27 15:00:00"
      },
      {
        "y": 13.489968,
        "time": "2009/08/27 15:15:00"
      },
      {
        "y": 13.44552,
        "time": "2009/08/27 15:30:00"
      },
      {
        "y": 14.728956,
        "time": "2009/08/27 15:45:00"
      },
      {
        "y": 12.689904,
        "time": "2009/08/27 16:00:00"
      },
      {
        "y": 14.423376,
        "time": "2009/08/27 16:15:00"
      },
      {
        "y": 12.80658,
        "time": "2009/08/27 16:30:00"
      },
      {
        "y": 13.89,
        "time": "2009/08/27 16:45:00"
      },
      {
        "y": 13.262172,
        "time": "2009/08/27 17:00:00"
      },
      {
        "y": 13.239948,
        "time": "2009/08/27 17:15:00"
      },
      {
        "y": 13.728876,
        "time": "2009/08/27 17:30:00"
      },
      {
        "y": 12.706572,
        "time": "2009/08/27 17:45:00"
      },
      {
        "y": 14.134464,
        "time": "2009/08/27 18:00:00"
      },
      {
        "y": 12.200976,
        "time": "2009/08/27 18:15:00"
      },
      {
        "y": 12.867696,
        "time": "2009/08/27 18:30:00"
      },
      {
        "y": 13.356624,
        "time": "2009/08/27 18:45:00"
      },
      {
        "y": 12.845472,
        "time": "2009/08/27 19:00:00"
      },
      {
        "y": 12.567672,
        "time": "2009/08/27 19:15:00"
      },
      {
        "y": 12.967704,
        "time": "2009/08/27 19:30:00"
      },
      {
        "y": 12.901032,
        "time": "2009/08/27 19:45:00"
      },
      {
        "y": 12.80658,
        "time": "2009/08/27 20:00:00"
      },
      {
        "y": 12.728796,
        "time": "2009/08/27 20:15:00"
      },
      {
        "y": 12.72324,
        "time": "2009/08/27 20:30:00"
      },
      {
        "y": 13.02882,
        "time": "2009/08/27 20:45:00"
      },
      {
        "y": 12.38988,
        "time": "2009/08/27 21:00:00"
      },
      {
        "y": 12.978816,
        "time": "2009/08/27 21:15:00"
      },
      {
        "y": 11.578704,
        "time": "2009/08/27 21:30:00"
      },
      {
        "y": 14.567832,
        "time": "2009/08/27 21:45:00"
      }
    ],
    "cvrmse": 10.242659,
    "nmbe": 6.291917
  }
]