[
  {
    "name": "RoofTop Supply Fan Outlet Simulated",
    "type": "System Node Standard Density Volume Flow Rate",
    "color": "blue",
    "units": "m3/s",
    "displayname": "Standard Airflow Volume",
    "data": [
      {
        "y": 0.0,
        "time": "2009/09/01 06:45:00"
      },
      {
        "y": 1.955962,
        "time": "2009/09/01 07:00:00"
      },
      {
        "y": 1.955962,
        "time": "2009/09/01 07:15:00"
      },
      {
        "y": 1.955962,
        "time": "2009/09/01 07:30:00"
      },
      {
        "y": 1.955962,
        "time": "2009/09/01 07:45:00"
      },
      {
        "y": 1.955962,
        "time": "2009/09/01 08:00:00"
      },
      {
        "y": 1.955962,
        "time": "2009/09/01 08:15:00"
      },
      {
        "y": 1.955962,
        "time": "2009/09/01 08:30:00"
      },
      {
        "y": 1.955962,
        "time": "2009/09/01 08:45:00"
      },
      {
        "y": 1.955962,
        "time": "2009/09/01 09:00:00"
      },
      {
        "y": 1.955962,
        "time": "2009/09/01 09:15:00"
      },
      {
        "y": 1.955962,
        "time": "2009/09/01 09:30:00"
      },
      {
        "y": 1.955962,
        "time": "2009/09/01 09:45:00"
      },
      {
        "y": 1.955962,
        "time": "2009/09/01 10:00:00"
      },
      {
        "y": 1.955962,
        "time": "2009/09/01 10:15:00"
      },
      {
        "y": 1.955962,
        "time": "2009/09/01 10:30:00"
      },
      {
        "y": 1.955962,
        "time": "2009/09/01 10:45:00"
      },
      {
        "y": 1.955962,
        "time": "2009/09/01 11:00:00"
      },
      {
        "y": 1.955962,
        "time": "2009/09/01 11:15:00"
      },
      {
        "y": 1.955962,
        "time": "2009/09/01 11:30:00"
      },
      {
        "y": 1.955962,
        "time": "2009/09/01 11:45:00"
      },
      {
        "y": 1.955962,
        "time": "2009/09/01 12:00:00"
      },
      {
        "y": 1.955962,
        "time": "2009/09/01 12:15:00"
      },
      {
        "y": 1.955962,
        "time": "2009/09/01 12:30:00"
      },
      {
        "y": 1.955962,
        "time": "2009/09/01 12:45:00"
      },
      {
        "y": 1.955962,
        "time": "2009/09/01 13:00:00"
      },
      {
        "y": 1.955962,
        "time": "2009/09/01 13:15:00"
      },
      {
        "y": 1.955962,
        "time": "2009/09/01 13:30:00"
      },
      {
        "y": 1.955962,
        "time": "2009/09/01 13:45:00"
      },
      {
        "y": 1.955962,
        "time": "2009/09/01 14:00:00"
      },
      {
        "y": 1.955962,
        "time": "2009/09/01 14:15:00"
      },
      {
        "y": 1.955962,
        "time": "2009/09/01 14:30:00"
      },
      {
        "y": 1.955962,
        "time": "2009/09/01 14:45:00"
      },
      {
        "y": 1.955962,
        "time": "2009/09/01 15:00:00"
      },
      {
        "y": 1.955962,
        "time": "2009/09/01 15:15:00"
      },
      {
        "y": 1.955962,
        "time": "2009/09/01 15:30:00"
      },
      {
        "y": 1.955962,
        "time": "2009/09/01 15:45:00"
      },
      {
        "y": 1.955962,
        "time": "2009/09/01 16:00:00"
      },
      {
        "y": 1.955962,
        "time": "2009/09/01 16:15:00"
      },
      {
        "y": 1.955962,
        "time": "2009/09/01 16:30:00"
      },
      {
        "y": 1.955962,
        "time": "2009/09/01 16:45:00"
      },
      {
        "y": 1.955962,
        "time": "2009/09/01 17:00:00"
      },
      {
        "y": 1.955962,
        "time": "2009/09/01 17:15:00"
      },
      {
        "y": 1.955962,
        "time": "2009/09/01 17:30:00"
      },
      {
        "y": 1.955962,
        "time": "2009/09/01 17:45:00"
      },
      {
        "y": 1.955962,
        "time": "2009/09/01 18:00:00"
      },
      {
        "y": 1.955962,
        "time": "2009/09/01 18:15:00"
      },
      {
        "y": 1.955962,
        "time": "2009/09/01 18:30:00"
      },
      {
        "y": 1.955962,
        "time": "2009/09/01 18:45:00"
      },
      {
        "y": 1.955962,
        "time": "2009/09/01 19:00:00"
      },
      {
        "y": 1.955962,
        "time": "2009/09/01 19:15:00"
      },
      {
        "y": 1.955962,
        "time": "2009/09/01 19:30:00"
      },
      {
        "y": 1.955962,
        "time": "2009/09/01 19:45:00"
      },
      {
        "y": 1.955962,
        "time": "2009/09/01 20:00:00"
      },
      {
        "y": 1.955962,
        "time": "2009/09/01 20:15:00"
      },
      {
        "y": 1.955962,
        "time": "2009/09/01 20:30:00"
      },
      {
        "y": 1.955962,
        "time": "2009/09/01 20:45:00"
      },
      {
        "y": 1.955962,
        "time": "2009/09/01 21:00:00"
      },
      {
        "y": 1.955962,
        "time": "2009/09/01 21:15:00"
      },
      {
        "y": 1.955962,
        "time": "2009/09/01 21:30:00"
      },
      {
        "y": 0.0,
        "time": "2009/09/01 21:45:00"
      }
    ],
    "cvrmse": 16.897035,
    "nmbe": 6.980701
  },
  {
    "name": "RoofTop Supply Fan Outlet Metered",
    "type": "System Node Standard Density Volume Flow Rate",
    "color": "red",
    "units": "m3/s",
    "displayname": "Standard Airflow Volume",
    "data": [
      {
        "y": 1.66474,
        "time": "2009/09/01 06:45:00"
      },
      {
        "y": 2.02946,
        "time": "2009/09/01 07:00:00"
      },
      {
        "y": 2.0304,
        "time": "2009/09/01 07:15:00"
      },
      {
        "y": 2.04685,
        "time": "2009/09/01 07:30:00"
      },
      {
        "y": 2.04826,
        "time": "2009/09/01 07:45:00"
      },
      {
        "y": 2.04403,
        "time": "2009/09/01 08:00:00"
      },
      {
        "y": 2.04309,
        "time": "2009/09/01 08:15:00"
      },
      {
        "y": 2.04262,
        "time": "2009/09/01 08:30:00"
      },
      {
        "y": 2.04591,
        "time": "2009/09/01 08:45:00"
      },
      {
        "y": 2.04121,
        "time": "2009/09/01 09:00:00"
      },
      {
        "y": 2.04591,
        "time": "2009/09/01 09:15:00"
      },
      {
        "y": 2.04544,
        "time": "2009/09/01 09:30:00"
      },
      {
        "y": 2.04544,
        "time": "2009/09/01 09:45:00"
      },
      {
        "y": 2.0445,
        "time": "2009/09/01 10:00:00"
      },
      {
        "y": 2.04544,
        "time": "2009/09/01 10:15:00"
      },
      {
        "y": 2.03698,
        "time": "2009/09/01 10:30:00"
      },
      {
        "y": 2.04403,
        "time": "2009/09/01 10:45:00"
      },
      {
        "y": 2.03933,
        "time": "2009/09/01 11:00:00"
      },
      {
        "y": 2.04027,
        "time": "2009/09/01 11:15:00"
      },
      {
        "y": 2.04121,
        "time": "2009/09/01 11:30:00"
      },
      {
        "y": 2.04215,
        "time": "2009/09/01 11:45:00"
      },
      {
        "y": 2.03698,
        "time": "2009/09/01 12:00:00"
      },
      {
        "y": 2.03933,
        "time": "2009/09/01 12:15:00"
      },
      {
        "y": 2.03369,
        "time": "2009/09/01 12:30:00"
      },
      {
        "y": 2.04074,
        "time": "2009/09/01 12:45:00"
      },
      {
        "y": 2.03886,
        "time": "2009/09/01 13:00:00"
      },
      {
        "y": 2.04168,
        "time": "2009/09/01 13:15:00"
      },
      {
        "y": 2.03604,
        "time": "2009/09/01 13:30:00"
      },
      {
        "y": 2.0351,
        "time": "2009/09/01 13:45:00"
      },
      {
        "y": 2.03604,
        "time": "2009/09/01 14:00:00"
      },
      {
        "y": 2.04356,
        "time": "2009/09/01 14:15:00"
      },
      {
        "y": 2.04262,
        "time": "2009/09/01 14:30:00"
      },
      {
        "y": 2.04215,
        "time": "2009/09/01 14:45:00"
      },
      {
        "y": 2.04356,
        "time": "2009/09/01 15:00:00"
      },
      {
        "y": 2.04779,
        "time": "2009/09/01 15:15:00"
      },
      {
        "y": 2.04732,
        "time": "2009/09/01 15:30:00"
      },
      {
        "y": 2.05014,
        "time": "2009/09/01 15:45:00"
      },
      {
        "y": 2.04215,
        "time": "2009/09/01 16:00:00"
      },
      {
        "y": 2.03792,
        "time": "2009/09/01 16:15:00"
      },
      {
        "y": 2.03604,
        "time": "2009/09/01 16:30:00"
      },
      {
        "y": 2.03839,
        "time": "2009/09/01 16:45:00"
      },
      {
        "y": 2.04121,
        "time": "2009/09/01 17:00:00"
      },
      {
        "y": 2.04215,
        "time": "2009/09/01 17:15:00"
      },
      {
        "y": 2.03933,
        "time": "2009/09/01 17:30:00"
      },
      {
        "y": 2.04027,
        "time": "2009/09/01 17:45:00"
      },
      {
        "y": 2.03886,
        "time": "2009/09/01 18:00:00"
      },
      {
        "y": 2.03134,
        "time": "2009/09/01 18:15:00"
      },
      {
        "y": 2.03557,
        "time": "2009/09/01 18:30:00"
      },
      {
        "y": 2.03886,
        "time": "2009/09/01 18:45:00"
      },
      {
        "y": 2.0351,
        "time": "2009/09/01 19:00:00"
      },
      {
        "y": 2.03322,
        "time": "2009/09/01 19:15:00"
      },
      {
        "y": 2.03933,
        "time": "2009/09/01 19:30:00"
      },
      {
        "y": 2.03933,
        "time": "2009/09/01 19:45:00"
      },
      {
        "y": 2.0398,
        "time": "2009/09/01 20:00:00"
      },
      {
        "y": 2.04121,
        "time": "2009/09/01 20:15:00"
      },
      {
        "y": 2.04403,
        "time": "2009/09/01 20:30:00"
      },
      {
        "y": 2.03933,
        "time": "2009/09/01 20:45:00"
      },
      {
        "y": 2.04356,
        "time": "2009/09/01 21:00:00"
      },
      {
        "y": 2.04215,
        "time": "2009/09/01 21:15:00"
      },
      {
        "y": 2.03792,
        "time": "2009/09/01 21:30:00"
      },
      {
        "y": 2.0022,
        "time": "2009/09/01 21:45:00"
      }
    ],
    "cvrmse": 16.897035,
    "nmbe": 6.980701
  }
]