[
  {
    "name": "Rooftop Cooling Coil Simulated",
    "type": "Cooling Coil Electric Energy",
    "color": "blue",
    "units": "J",
    "displayname": "Cooling Consumption",
    "data": [
      {
        "y": 0.0,
        "time": "2009/09/01 00:00:00"
      },
      {
        "y": 0.0,
        "time": "2009/09/01 00:15:00"
      },
      {
        "y": 0.0,
        "time": "2009/09/01 00:30:00"
      },
      {
        "y": 0.0,
        "time": "2009/09/01 00:45:00"
      },
      {
        "y": 0.0,
        "time": "2009/09/01 01:00:00"
      },
      {
        "y": 0.0,
        "time": "2009/09/01 01:15:00"
      },
      {
        "y": 0.0,
        "time": "2009/09/01 01:30:00"
      },
      {
        "y": 0.0,
        "time": "2009/09/01 01:45:00"
      },
      {
        "y": 0.0,
        "time": "2009/09/01 02:00:00"
      },
      {
        "y": 0.0,
        "time": "2009/09/01 02:15:00"
      },
      {
        "y": 0.0,
        "time": "2009/09/01 02:30:00"
      },
      {
        "y": 0.0,
        "time": "2009/09/01 02:45:00"
      },
      {
        "y": 0.0,
        "time": "2009/09/01 03:00:00"
      },
      {
        "y": 0.0,
        "time": "2009/09/01 03:15:00"
      },
      {
        "y": 0.0,
        "time": "2009/09/01 03:30:00"
      },
      {
        "y": 0.0,
        "time": "2009/09/01 03:45:00"
      },
      {
        "y": 0.0,
        "time": "2009/09/01 04:00:00"
      },
      {
        "y": 0.0,
        "time": "2009/09/01 04:15:00"
      },
      {
        "y": 0.0,
        "time": "2009/09/01 04:30:00"
      },
      {
        "y": 0.0,
        "time": "2009/09/01 04:45:00"
      },
      {
        "y": 0.0,
        "time": "2009/09/01 05:00:00"
      },
      {
        "y": 0.0,
        "time": "2009/09/01 05:15:00"
      },
      {
        "y": 0.0,
        "time": "2009/09/01 05:30:00"
      },
      {
        "y": 0.0,
        "time": "2009/09/01 05:45:00"
      },
      {
        "y": 0.0,
        "time": "2009/09/01 06:00:00"
      },
      {
        "y": 0.0,
        "time": "2009/09/01 06:15:00"
      },
      {
        "y": 0.0,
        "time": "2009/09/01 06:30:00"
      },
      {
        "y": 9431131.282915,
        "time": "2009/09/01 06:45:00"
      },
      {
        "y": 7551977.949512,
        "time": "2009/09/01 07:00:00"
      },
      {
        "y": 6155385.980564,
        "time": "2009/09/01 07:15:00"
      },
      {
        "y": 5382329.58864,
        "time": "2009/09/01 07:30:00"
      },
      {
        "y": 5058132.544611,
        "time": "2009/09/01 07:45:00"
      },
      {
        "y": 4978373.053507,
        "time": "2009/09/01 08:00:00"
      },
      {
        "y": 4884775.830385,
        "time": "2009/09/01 08:15:00"
      },
      {
        "y": 4832533.281184,
        "time": "2009/09/01 08:30:00"
      },
      {
        "y": 4771956.659375,
        "time": "2009/09/01 08:45:00"
      },
      {
        "y": 4723813.25221,
        "time": "2009/09/01 09:00:00"
      },
      {
        "y": 4696640.851276,
        "time": "2009/09/01 09:15:00"
      },
      {
        "y": 4669456.937587,
        "time": "2009/09/01 09:30:00"
      },
      {
        "y": 4669598.207937,
        "time": "2009/09/01 09:45:00"
      },
      {
        "y": 4697184.641367,
        "time": "2009/09/01 10:00:00"
      },
      {
        "y": 4762506.691447,
        "time": "2009/09/01 10:15:00"
      },
      {
        "y": 4873216.782854,
        "time": "2009/09/01 10:30:00"
      },
      {
        "y": 4900406.390451,
        "time": "2009/09/01 10:45:00"
      },
      {
        "y": 4997822.02664,
        "time": "2009/09/01 11:00:00"
      },
      {
        "y": 5151416.007689,
        "time": "2009/09/01 11:15:00"
      },
      {
        "y": 5227132.638281,
        "time": "2009/09/01 11:30:00"
      },
      {
        "y": 5259467.101746,
        "time": "2009/09/01 11:45:00"
      },
      {
        "y": 5292810.506975,
        "time": "2009/09/01 12:00:00"
      },
      {
        "y": 5293216.87668,
        "time": "2009/09/01 12:15:00"
      },
      {
        "y": 5252189.493563,
        "time": "2009/09/01 12:30:00"
      },
      {
        "y": 5254991.439231,
        "time": "2009/09/01 12:45:00"
      },
      {
        "y": 5245976.806906,
        "time": "2009/09/01 13:00:00"
      },
      {
        "y": 5207485.856888,
        "time": "2009/09/01 13:15:00"
      },
      {
        "y": 5157070.202351,
        "time": "2009/09/01 13:30:00"
      },
      {
        "y": 5107009.312273,
        "time": "2009/09/01 13:45:00"
      },
      {
        "y": 5059128.704527,
        "time": "2009/09/01 14:00:00"
      },
      {
        "y": 5009771.994722,
        "time": "2009/09/01 14:15:00"
      },
      {
        "y": 5001655.825649,
        "time": "2009/09/01 14:30:00"
      },
      {
        "y": 4994084.887427,
        "time": "2009/09/01 14:45:00"
      },
      {
        "y": 4946660.528691,
        "time": "2009/09/01 15:00:00"
      },
      {
        "y": 5060079.897144,
        "time": "2009/09/01 15:15:00"
      },
      {
        "y": 5118820.408769,
        "time": "2009/09/01 15:30:00"
      },
      {
        "y": 5194558.366791,
        "time": "2009/09/01 15:45:00"
      },
      {
        "y": 5161343.505455,
        "time": "2009/09/01 16:00:00"
      },
      {
        "y": 4939746.87893,
        "time": "2009/09/01 16:15:00"
      },
      {
        "y": 4912604.371513,
        "time": "2009/09/01 16:30:00"
      },
      {
        "y": 4955741.792417,
        "time": "2009/09/01 16:45:00"
      },
      {
        "y": 4994126.179122,
        "time": "2009/09/01 17:00:00"
      },
      {
        "y": 5008249.770243,
        "time": "2009/09/01 17:15:00"
      },
      {
        "y": 4979389.312563,
        "time": "2009/09/01 17:30:00"
      },
      {
        "y": 4863615.780355,
        "time": "2009/09/01 17:45:00"
      },
      {
        "y": 4820969.561661,
        "time": "2009/09/01 18:00:00"
      },
      {
        "y": 4794113.843218,
        "time": "2009/09/01 18:15:00"
      },
      {
        "y": 4755676.593021,
        "time": "2009/09/01 18:30:00"
      },
      {
        "y": 4700709.185277,
        "time": "2009/09/01 18:45:00"
      },
      {
        "y": 4654106.898487,
        "time": "2009/09/01 19:00:00"
      },
      {
        "y": 4529456.063524,
        "time": "2009/09/01 19:15:00"
      },
      {
        "y": 4479352.700926,
        "time": "2009/09/01 19:30:00"
      },
      {
        "y": 4438947.090682,
        "time": "2009/09/01 19:45:00"
      },
      {
        "y": 4391346.297518,
        "time": "2009/09/01 20:00:00"
      },
      {
        "y": 4331670.747667,
        "time": "2009/09/01 20:15:00"
      },
      {
        "y": 4232412.44429,
        "time": "2009/09/01 20:30:00"
      },
      {
        "y": 4057679.767846,
        "time": "2009/09/01 20:45:00"
      },
      {
        "y": 3995992.091788,
        "time": "2009/09/01 21:00:00"
      },
      {
        "y": 3968015.737122,
        "time": "2009/09/01 21:15:00"
      },
      {
        "y": 3901616.582232,
        "time": "2009/09/01 21:30:00"
      },
      {
        "y": 3843336.294328,
        "time": "2009/09/01 21:45:00"
      },
      {
        "y": 0.0,
        "time": "2009/09/01 22:00:00"
      },
      {
        "y": 0.0,
        "time": "2009/09/01 22:15:00"
      },
      {
        "y": 0.0,
        "time": "2009/09/01 22:30:00"
      },
      {
        "y": 0.0,
        "time": "2009/09/01 22:45:00"
      },
      {
        "y": 0.0,
        "time": "2009/09/01 23:00:00"
      },
      {
        "y": 0.0,
        "time": "2009/09/01 23:15:00"
      },
      {
        "y": 0.0,
        "time": "2009/09/01 23:30:00"
      },
      {
        "y": 0.0,
        "time": "2009/09/01 23:45:00"
      }
    ],
    "cvrmse": 28.902323,
    "nmbe": 0.75334
  },
  {
    "name": "Rooftop Cooling Coil Metered",
    "type": "Cooling Coil Electric Energy",
    "color": "red",
    "units": "J",
    "displayname": "Cooling Consumption",
    "data": [
      {
        "y": 96393.168,
        "time": "2009/09/01 00:00:00"
      },
      {
        "y": 96226.956,
        "time": "2009/09/01 00:15:00"
      },
      {
        "y": 97224.156,
        "time": "2009/09/01 00:30:00"
      },
      {
        "y": 96226.956,
        "time": "2009/09/01 00:45:00"
      },
      {
        "y": 96393.168,
        "time": "2009/09/01 01:00:00"
      },
      {
        "y": 97057.944,
        "time": "2009/09/01 01:15:00"
      },
      {
        "y": 97057.944,
        "time": "2009/09/01 01:30:00"
      },
      {
        "y": 96226.956,
        "time": "2009/09/01 01:45:00"
      },
      {
        "y": 97224.156,
        "time": "2009/09/01 02:00:00"
      },
      {
        "y": 97057.944,
        "time": "2009/09/01 02:15:00"
      },
      {
        "y": 96226.956,
        "time": "2009/09/01 02:30:00"
      },
      {
        "y": 97224.156,
        "time": "2009/09/01 02:45:00"
      },
      {
        "y": 96226.956,
        "time": "2009/09/01 03:00:00"
      },
      {
        "y": 97224.156,
        "time": "2009/09/01 03:15:00"
      },
      {
        "y": 97057.944,
        "time": "2009/09/01 03:30:00"
      },
      {
        "y": 97057.944,
        "time": "2009/09/01 03:45:00"
      },
      {
        "y": 97057.944,
        "time": "2009/09/01 04:00:00"
      },
      {
        "y": 96393.168,
        "time": "2009/09/01 04:15:00"
      },
      {
        "y": 97057.944,
        "time": "2009/09/01 04:30:00"
      },
      {
        "y": 96393.168,
        "time": "2009/09/01 04:45:00"
      },
      {
        "y": 97057.944,
        "time": "2009/09/01 05:00:00"
      },
      {
        "y": 97224.156,
        "time": "2009/09/01 05:15:00"
      },
      {
        "y": 96226.956,
        "time": "2009/09/01 05:30:00"
      },
      {
        "y": 96393.168,
        "time": "2009/09/01 05:45:00"
      },
      {
        "y": 97057.944,
        "time": "2009/09/01 06:00:00"
      },
      {
        "y": 97224.156,
        "time": "2009/09/01 06:15:00"
      },
      {
        "y": 97057.944,
        "time": "2009/09/01 06:30:00"
      },
      {
        "y": 2814629.04,
        "time": "2009/09/01 06:45:00"
      },
      {
        "y": 4663834.92,
        "time": "2009/09/01 07:00:00"
      },
      {
        "y": 4321469.16,
        "time": "2009/09/01 07:15:00"
      },
      {
        "y": 6836699.52,
        "time": "2009/09/01 07:30:00"
      },
      {
        "y": 6285756.24,
        "time": "2009/09/01 07:45:00"
      },
      {
        "y": 4646218.32,
        "time": "2009/09/01 08:00:00"
      },
      {
        "y": 4616134.56,
        "time": "2009/09/01 08:15:00"
      },
      {
        "y": 4630430.88,
        "time": "2009/09/01 08:30:00"
      },
      {
        "y": 4763221.56,
        "time": "2009/09/01 08:45:00"
      },
      {
        "y": 3819220.2,
        "time": "2009/09/01 09:00:00"
      },
      {
        "y": 4774355.64,
        "time": "2009/09/01 09:15:00"
      },
      {
        "y": 4790478.24,
        "time": "2009/09/01 09:30:00"
      },
      {
        "y": 4805768.16,
        "time": "2009/09/01 09:45:00"
      },
      {
        "y": 4830199.56,
        "time": "2009/09/01 10:00:00"
      },
      {
        "y": 5775032.52,
        "time": "2009/09/01 10:15:00"
      },
      {
        "y": 3951014.04,
        "time": "2009/09/01 10:30:00"
      },
      {
        "y": 5745945.96,
        "time": "2009/09/01 10:45:00"
      },
      {
        "y": 4936565.52,
        "time": "2009/09/01 11:00:00"
      },
      {
        "y": 5359538.88,
        "time": "2009/09/01 11:15:00"
      },
      {
        "y": 5706892.8,
        "time": "2009/09/01 11:30:00"
      },
      {
        "y": 6455777.04,
        "time": "2009/09/01 11:45:00"
      },
      {
        "y": 4373652.96,
        "time": "2009/09/01 12:00:00"
      },
      {
        "y": 5934914.64,
        "time": "2009/09/01 12:15:00"
      },
      {
        "y": 4668654.24,
        "time": "2009/09/01 12:30:00"
      },
      {
        "y": 6258500.28,
        "time": "2009/09/01 12:45:00"
      },
      {
        "y": 5940067.68,
        "time": "2009/09/01 13:00:00"
      },
      {
        "y": 6628788.36,
        "time": "2009/09/01 13:15:00"
      },
      {
        "y": 4887704.52,
        "time": "2009/09/01 13:30:00"
      },
      {
        "y": 5214448.08,
        "time": "2009/09/01 13:45:00"
      },
      {
        "y": 5024152.44,
        "time": "2009/09/01 14:00:00"
      },
      {
        "y": 5027309.28,
        "time": "2009/09/01 14:15:00"
      },
      {
        "y": 5069525.4,
        "time": "2009/09/01 14:30:00"
      },
      {
        "y": 5073512.76,
        "time": "2009/09/01 14:45:00"
      },
      {
        "y": 4892025.24,
        "time": "2009/09/01 15:00:00"
      },
      {
        "y": 6271462.44,
        "time": "2009/09/01 15:15:00"
      },
      {
        "y": 6003388.44,
        "time": "2009/09/01 15:30:00"
      },
      {
        "y": 6397775.64,
        "time": "2009/09/01 15:45:00"
      },
      {
        "y": 4936233.24,
        "time": "2009/09/01 16:00:00"
      },
      {
        "y": 4909475.16,
        "time": "2009/09/01 16:15:00"
      },
      {
        "y": 4294210.32,
        "time": "2009/09/01 16:30:00"
      },
      {
        "y": 5432332.68,
        "time": "2009/09/01 16:45:00"
      },
      {
        "y": 5785335.36,
        "time": "2009/09/01 17:00:00"
      },
      {
        "y": 5776194.96,
        "time": "2009/09/01 17:15:00"
      },
      {
        "y": 4921774.2,
        "time": "2009/09/01 17:30:00"
      },
      {
        "y": 4868259.48,
        "time": "2009/09/01 17:45:00"
      },
      {
        "y": 4869088.2,
        "time": "2009/09/01 18:00:00"
      },
      {
        "y": 3911293.08,
        "time": "2009/09/01 18:15:00"
      },
      {
        "y": 4885710.12,
        "time": "2009/09/01 18:30:00"
      },
      {
        "y": 5692264.2,
        "time": "2009/09/01 18:45:00"
      },
      {
        "y": 3866417.28,
        "time": "2009/09/01 19:00:00"
      },
      {
        "y": 3848305.32,
        "time": "2009/09/01 19:15:00"
      },
      {
        "y": 4795131.96,
        "time": "2009/09/01 19:30:00"
      },
      {
        "y": 4806097.92,
        "time": "2009/09/01 19:45:00"
      },
      {
        "y": 4801777.56,
        "time": "2009/09/01 20:00:00"
      },
      {
        "y": 4306677.12,
        "time": "2009/09/01 20:15:00"
      },
      {
        "y": 5077831.68,
        "time": "2009/09/01 20:30:00"
      },
      {
        "y": 3744429.48,
        "time": "2009/09/01 20:45:00"
      },
      {
        "y": 4657686.84,
        "time": "2009/09/01 21:00:00"
      },
      {
        "y": 3778833.24,
        "time": "2009/09/01 21:15:00"
      },
      {
        "y": 3547653.48,
        "time": "2009/09/01 21:30:00"
      },
      {
        "y": 2785057.92,
        "time": "2009/09/01 21:45:00"
      },
      {
        "y": 97224.156,
        "time": "2009/09/01 22:00:00"
      },
      {
        "y": 97057.944,
        "time": "2009/09/01 22:15:00"
      },
      {
        "y": 97057.944,
        "time": "2009/09/01 22:30:00"
      },
      {
        "y": 97057.944,
        "time": "2009/09/01 22:45:00"
      },
      {
        "y": 96891.732,
        "time": "2009/09/01 23:00:00"
      },
      {
        "y": 97888.932,
        "time": "2009/09/01 23:15:00"
      },
      {
        "y": 97888.932,
        "time": "2009/09/01 23:30:00"
      },
      {
        "y": 97888.932,
        "time": "2009/09/01 23:45:00"
      }
    ],
    "cvrmse": 28.902323,
    "nmbe": 0.75334
  }
]