[
  {
    "name": "Environment Simulated",
    "type": "Site Outdoor Air Drybulb Temperature",
    "color": "blue",
    "units": "C",
    "displayname": "Outdoor Air Temperature",
    "data": [
      {
        "y": 18.6,
        "time": "2009/08/27 00:00:00"
      },
      {
        "y": 18.5,
        "time": "2009/08/27 00:15:00"
      },
      {
        "y": 18.5,
        "time": "2009/08/27 00:30:00"
      },
      {
        "y": 18.0,
        "time": "2009/08/27 00:45:00"
      },
      {
        "y": 18.1,
        "time": "2009/08/27 01:00:00"
      },
      {
        "y": 18.2,
        "time": "2009/08/27 01:15:00"
      },
      {
        "y": 18.0,
        "time": "2009/08/27 01:30:00"
      },
      {
        "y": 17.7,
        "time": "2009/08/27 01:45:00"
      },
      {
        "y": 17.6,
        "time": "2009/08/27 02:00:00"
      },
      {
        "y": 17.6,
        "time": "2009/08/27 02:15:00"
      },
      {
        "y": 17.4,
        "time": "2009/08/27 02:30:00"
      },
      {
        "y": 17.4,
        "time": "2009/08/27 02:45:00"
      },
      {
        "y": 17.3,
        "time": "2009/08/27 03:00:00"
      },
      {
        "y": 17.2,
        "time": "2009/08/27 03:15:00"
      },
      {
        "y": 17.2,
        "time": "2009/08/27 03:30:00"
      },
      {
        "y": 17.6,
        "time": "2009/08/27 03:45:00"
      },
      {
        "y": 17.4,
        "time": "2009/08/27 04:00:00"
      },
      {
        "y": 17.4,
        "time": "2009/08/27 04:15:00"
      },
      {
        "y": 17.4,
        "time": "2009/08/27 04:30:00"
      },
      {
        "y": 17.3,
        "time": "2009/08/27 04:45:00"
      },
      {
        "y": 17.0,
        "time": "2009/08/27 05:00:00"
      },
      {
        "y": 17.0,
        "time": "2009/08/27 05:15:00"
      },
      {
        "y": 17.1,
        "time": "2009/08/27 05:30:00"
      },
      {
        "y": 17.2,
        "time": "2009/08/27 05:45:00"
      },
      {
        "y": 17.2,
        "time": "2009/08/27 06:00:00"
      },
      {
        "y": 17.1,
        "time": "2009/08/27 06:15:00"
      },
      {
        "y": 17.1,
        "time": "2009/08/27 06:30:00"
      },
      {
        "y": 17.3,
        "time": "2009/08/27 06:45:00"
      },
      {
        "y": 17.5,
        "time": "2009/08/27 07:00:00"
      },
      {
        "y": 17.7,
        "time": "2009/08/27 07:15:00"
      },
      {
        "y": 17.9,
        "time": "2009/08/27 07:30:00"
      },
      {
        "y": 17.8,
        "time": "2009/08/27 07:45:00"
      },
      {
        "y": 18.1,
        "time": "2009/08/27 08:00:00"
      },
      {
        "y": 18.6,
        "time": "2009/08/27 08:15:00"
      },
      {
        "y": 18.9,
        "time": "2009/08/27 08:30:00"
      },
      {
        "y": 19.5,
        "time": "2009/08/27 08:45:00"
      },
      {
        "y": 20.2,
        "time": "2009/08/27 09:00:00"
      },
      {
        "y": 20.5,
        "time": "2009/08/27 09:15:00"
      },
      {
        "y": 20.8,
        "time": "2009/08/27 09:30:00"
      },
      {
        "y": 21.1,
        "time": "2009/08/27 09:45:00"
      },
      {
        "y": 22.0,
        "time": "2009/08/27 10:00:00"
      },
      {
        "y": 22.5,
        "time": "2009/08/27 10:15:00"
      },
      {
        "y": 23.8,
        "time": "2009/08/27 10:30:00"
      },
      {
        "y": 24.2,
        "time": "2009/08/27 10:45:00"
      },
      {
        "y": 25.3,
        "time": "2009/08/27 11:00:00"
      },
      {
        "y": 25.4,
        "time": "2009/08/27 11:15:00"
      },
      {
        "y": 25.9,
        "time": "2009/08/27 11:30:00"
      },
      {
        "y": 26.2,
        "time": "2009/08/27 11:45:00"
      },
      {
        "y": 26.5,
        "time": "2009/08/27 12:00:00"
      },
      {
        "y": 26.8,
        "time": "2009/08/27 12:15:00"
      },
      {
        "y": 27.0,
        "time": "2009/08/27 12:30:00"
      },
      {
        "y": 27.4,
        "time": "2009/08/27 12:45:00"
      },
      {
        "y": 27.8,
        "time": "2009/08/27 13:00:00"
      },
      {
        "y": 28.2,
        "time": "2009/08/27 13:15:00"
      },
      {
        "y": 28.3,
        "time": "2009/08/27 13:30:00"
      },
      {
        "y": 28.6,
        "time": "2009/08/27 13:45:00"
      },
      {
        "y": 28.7,
        "time": "2009/08/27 14:00:00"
      },
      {
        "y": 29.0,
        "time": "2009/08/27 14:15:00"
      },
      {
        "y": 29.3,
        "time": "2009/08/27 14:30:00"
      },
      {
        "y": 29.4,
        "time": "2009/08/27 14:45:00"
      },
      {
        "y": 29.4,
        "time": "2009/08/27 15:00:00"
      },
      {
        "y": 30.0,
        "time": "2009/08/27 15:15:00"
      },
      {
        "y": 30.6,
        "time": "2009/08/27 15:30:00"
      },
      {
        "y": 30.6,
        "time": "2009/08/27 15:45:00"
      },
      {
        "y": 30.3,
        "time": "2009/08/27 16:00:00"
      },
      {
        "y": 30.6,
        "time": "2009/08/27 16:15:00"
      },
      {
        "y": 30.7,
        "time": "2009/08/27 16:30:00"
      },
      {
        "y": 30.2,
        "time": "2009/08/27 16:45:00"
      },
      {
        "y": 30.4,
        "time": "2009/08/27 17:00:00"
      },
      {
        "y": 30.7,
        "time": "2009/08/27 17:15:00"
      },
      {
        "y": 31.0,
        "time": "2009/08/27 17:30:00"
      },
      {
        "y": 31.0,
        "time": "2009/08/27 17:45:00"
      },
      {
        "y": 29.8,
        "time": "2009/08/27 18:00:00"
      },
      {
        "y": 28.1,
        "time": "2009/08/27 18:15:00"
      },
      {
        "y": 26.9,
        "time": "2009/08/27 18:30:00"
      },
      {
        "y": 26.9,
        "time": "2009/08/27 18:45:00"
      },
      {
        "y": 27.4,
        "time": "2009/08/27 19:00:00"
      },
      {
        "y": 27.4,
        "time": "2009/08/27 19:15:00"
      },
      {
        "y": 26.5,
        "time": "2009/08/27 19:30:00"
      },
      {
        "y": 26.1,
        "time": "2009/08/27 19:45:00"
      },
      {
        "y": 25.6,
        "time": "2009/08/27 20:00:00"
      },
      {
        "y": 25.2,
        "time": "2009/08/27 20:15:00"
      },
      {
        "y": 24.6,
        "time": "2009/08/27 20:30:00"
      },
      {
        "y": 23.9,
        "time": "2009/08/27 20:45:00"
      },
      {
        "y": 23.6,
        "time": "2009/08/27 21:00:00"
      },
      {
        "y": 23.2,
        "time": "2009/08/27 21:15:00"
      },
      {
        "y": 22.8,
        "time": "2009/08/27 21:30:00"
      },
      {
        "y": 22.6,
        "time": "2009/08/27 21:45:00"
      },
      {
        "y": 22.5,
        "time": "2009/08/27 22:00:00"
      },
      {
        "y": 22.3,
        "time": "2009/08/27 22:15:00"
      },
      {
        "y": 22.3,
        "time": "2009/08/27 22:30:00"
      },
      {
        "y": 22.2,
        "time": "2009/08/27 22:45:00"
      },
      {
        "y": 21.7,
        "time": "2009/08/27 23:00:00"
      },
      {
        "y": 21.5,
        "time": "2009/08/27 23:15:00"
      },
      {
        "y": 21.4,
        "time": "2009/08/27 23:30:00"
      },
      {
        "y": 21.1,
        "time": "2009/08/27 23:45:00"
      }
    ],
    "cvrmse": 0.15299,
    "nmbe": 0.004974
  },
  {
    "name": "Environment Metered",
    "type": "Site Outdoor Air Drybulb Temperature",
    "color": "red",
    "units": "C",
    "displayname": "Outdoor Air Temperature",
    "data": [
      {
        "y": 18.562596,
        "time": "2009/08/27 00:00:00"
      },
      {
        "y": 18.523704,
        "time": "2009/08/27 00:15:00"
      },
      {
        "y": 18.551484,
        "time": "2009/08/27 00:30:00"
      },
      {
        "y": 18.02922,
        "time": "2009/08/27 00:45:00"
      },
      {
        "y": 18.101448,
        "time": "2009/08/27 01:00:00"
      },
      {
        "y": 18.218124,
        "time": "2009/08/27 01:15:00"
      },
      {
        "y": 17.995884,
        "time": "2009/08/27 01:30:00"
      },
      {
        "y": 17.75142,
        "time": "2009/08/27 01:45:00"
      },
      {
        "y": 17.595852,
        "time": "2009/08/27 02:00:00"
      },
      {
        "y": 17.606964,
        "time": "2009/08/27 02:15:00"
      },
      {
        "y": 17.440284,
        "time": "2009/08/27 02:30:00"
      },
      {
        "y": 17.379168,
        "time": "2009/08/27 02:45:00"
      },
      {
        "y": 17.329164,
        "time": "2009/08/27 03:00:00"
      },
      {
        "y": 17.206932,
        "time": "2009/08/27 03:15:00"
      },
      {
        "y": 17.162484,
        "time": "2009/08/27 03:30:00"
      },
      {
        "y": 17.58474,
        "time": "2009/08/27 03:45:00"
      },
      {
        "y": 17.395836,
        "time": "2009/08/27 04:00:00"
      },
      {
        "y": 17.3625,
        "time": "2009/08/27 04:15:00"
      },
      {
        "y": 17.379168,
        "time": "2009/08/27 04:30:00"
      },
      {
        "y": 17.273604,
        "time": "2009/08/27 04:45:00"
      },
      {
        "y": 16.956912,
        "time": "2009/08/27 05:00:00"
      },
      {
        "y": 16.979136,
        "time": "2009/08/27 05:15:00"
      },
      {
        "y": 17.129148,
        "time": "2009/08/27 05:30:00"
      },
      {
        "y": 17.179152,
        "time": "2009/08/27 05:45:00"
      },
      {
        "y": 17.16804,
        "time": "2009/08/27 06:00:00"
      },
      {
        "y": 17.134704,
        "time": "2009/08/27 06:15:00"
      },
      {
        "y": 17.073588,
        "time": "2009/08/27 06:30:00"
      },
      {
        "y": 17.273604,
        "time": "2009/08/27 06:45:00"
      },
      {
        "y": 17.484732,
        "time": "2009/08/27 07:00:00"
      },
      {
        "y": 17.740308,
        "time": "2009/08/27 07:15:00"
      },
      {
        "y": 17.884764,
        "time": "2009/08/27 07:30:00"
      },
      {
        "y": 17.840316,
        "time": "2009/08/27 07:45:00"
      },
      {
        "y": 18.129228,
        "time": "2009/08/27 08:00:00"
      },
      {
        "y": 18.573708,
        "time": "2009/08/27 08:15:00"
      },
      {
        "y": 18.901512,
        "time": "2009/08/27 08:30:00"
      },
      {
        "y": 19.468224,
        "time": "2009/08/27 08:45:00"
      },
      {
        "y": 20.207172,
        "time": "2009/08/27 09:00:00"
      },
      {
        "y": 20.50164,
        "time": "2009/08/27 09:15:00"
      },
      {
        "y": 20.790552,
        "time": "2009/08/27 09:30:00"
      },
      {
        "y": 21.079464,
        "time": "2009/08/27 09:45:00"
      },
      {
        "y": 21.940644,
        "time": "2009/08/27 10:00:00"
      },
      {
        "y": 22.512912,
        "time": "2009/08/27 10:15:00"
      },
      {
        "y": 23.740788,
        "time": "2009/08/27 10:30:00"
      },
      {
        "y": 24.218604,
        "time": "2009/08/27 10:45:00"
      },
      {
        "y": 25.240908,
        "time": "2009/08/27 11:00:00"
      },
      {
        "y": 25.435368,
        "time": "2009/08/27 11:15:00"
      },
      {
        "y": 25.957632,
        "time": "2009/08/27 11:30:00"
      },
      {
        "y": 26.22432,
        "time": "2009/08/27 11:45:00"
      },
      {
        "y": 26.463228,
        "time": "2009/08/27 12:00:00"
      },
      {
        "y": 26.83548,
        "time": "2009/08/27 12:15:00"
      },
      {
        "y": 27.00216,
        "time": "2009/08/27 12:30:00"
      },
      {
        "y": 27.33552,
        "time": "2009/08/27 12:45:00"
      },
      {
        "y": 27.83556,
        "time": "2009/08/27 13:00:00"
      },
      {
        "y": 28.16892,
        "time": "2009/08/27 13:15:00"
      },
      {
        "y": 28.3356,
        "time": "2009/08/27 13:30:00"
      },
      {
        "y": 28.6134,
        "time": "2009/08/27 13:45:00"
      },
      {
        "y": 28.66896,
        "time": "2009/08/27 14:00:00"
      },
      {
        "y": 29.00232,
        "time": "2009/08/27 14:15:00"
      },
      {
        "y": 29.22456,
        "time": "2009/08/27 14:30:00"
      },
      {
        "y": 29.4468,
        "time": "2009/08/27 14:45:00"
      },
      {
        "y": 29.39124,
        "time": "2009/08/27 15:00:00"
      },
      {
        "y": 29.94684,
        "time": "2009/08/27 15:15:00"
      },
      {
        "y": 30.558,
        "time": "2009/08/27 15:30:00"
      },
      {
        "y": 30.61356,
        "time": "2009/08/27 15:45:00"
      },
      {
        "y": 30.33576,
        "time": "2009/08/27 16:00:00"
      },
      {
        "y": 30.61356,
        "time": "2009/08/27 16:15:00"
      },
      {
        "y": 30.72468,
        "time": "2009/08/27 16:30:00"
      },
      {
        "y": 30.2802,
        "time": "2009/08/27 16:45:00"
      },
      {
        "y": 30.44688,
        "time": "2009/08/27 17:00:00"
      },
      {
        "y": 30.66912,
        "time": "2009/08/27 17:15:00"
      },
      {
        "y": 30.94692,
        "time": "2009/08/27 17:30:00"
      },
      {
        "y": 31.00248,
        "time": "2009/08/27 17:45:00"
      },
      {
        "y": 29.83572,
        "time": "2009/08/27 18:00:00"
      },
      {
        "y": 28.16892,
        "time": "2009/08/27 18:15:00"
      },
      {
        "y": 26.9466,
        "time": "2009/08/27 18:30:00"
      },
      {
        "y": 26.9466,
        "time": "2009/08/27 18:45:00"
      },
      {
        "y": 27.33552,
        "time": "2009/08/27 19:00:00"
      },
      {
        "y": 27.39108,
        "time": "2009/08/27 19:15:00"
      },
      {
        "y": 26.524344,
        "time": "2009/08/27 19:30:00"
      },
      {
        "y": 26.096532,
        "time": "2009/08/27 19:45:00"
      },
      {
        "y": 25.596492,
        "time": "2009/08/27 20:00:00"
      },
      {
        "y": 25.202016,
        "time": "2009/08/27 20:15:00"
      },
      {
        "y": 24.568632,
        "time": "2009/08/27 20:30:00"
      },
      {
        "y": 23.963028,
        "time": "2009/08/27 20:45:00"
      },
      {
        "y": 23.574108,
        "time": "2009/08/27 21:00:00"
      },
      {
        "y": 23.1963,
        "time": "2009/08/27 21:15:00"
      },
      {
        "y": 22.812936,
        "time": "2009/08/27 21:30:00"
      },
      {
        "y": 22.579584,
        "time": "2009/08/27 21:45:00"
      },
      {
        "y": 22.551804,
        "time": "2009/08/27 22:00:00"
      },
      {
        "y": 22.268448,
        "time": "2009/08/27 22:15:00"
      },
      {
        "y": 22.262892,
        "time": "2009/08/27 22:30:00"
      },
      {
        "y": 22.257336,
        "time": "2009/08/27 22:45:00"
      },
      {
        "y": 21.6684,
        "time": "2009/08/27 23:00:00"
      },
      {
        "y": 21.546168,
        "time": "2009/08/27 23:15:00"
      },
      {
        "y": 21.407268,
        "time": "2009/08/27 23:30:00"
      },
      {
        "y": 21.129468,
        "time": "2009/08/27 23:45:00"
      }
    ],
    "cvrmse": 0.15299,
    "nmbe": 0.004974
  }
]