[
  {
    "name": " Simulated",
    "type": "Heating:Electricity",
    "color": "blue",
    "units": "J",
    "displayname": "Heating Consumption",
    "data": [
      {
        "y": 0.0,
        "time": "2009/08/29 00:00:00"
      },
      {
        "y": 0.0,
        "time": "2009/08/29 00:15:00"
      },
      {
        "y": 0.0,
        "time": "2009/08/29 00:30:00"
      },
      {
        "y": 0.0,
        "time": "2009/08/29 00:45:00"
      },
      {
        "y": 0.0,
        "time": "2009/08/29 01:00:00"
      },
      {
        "y": 0.0,
        "time": "2009/08/29 01:15:00"
      },
      {
        "y": 0.0,
        "time": "2009/08/29 01:30:00"
      },
      {
        "y": 0.0,
        "time": "2009/08/29 01:45:00"
      },
      {
        "y": 0.0,
        "time": "2009/08/29 02:00:00"
      },
      {
        "y": 0.0,
        "time": "2009/08/29 02:15:00"
      },
      {
        "y": 0.0,
        "time": "2009/08/29 02:30:00"
      },
      {
        "y": 0.0,
        "time": "2009/08/29 02:45:00"
      },
      {
        "y": 0.0,
        "time": "2009/08/29 03:00:00"
      },
      {
        "y": 0.0,
        "time": "2009/08/29 03:15:00"
      },
      {
        "y": 0.0,
        "time": "2009/08/29 03:30:00"
      },
      {
        "y": 0.0,
        "time": "2009/08/29 03:45:00"
      },
      {
        "y": 0.0,
        "time": "2009/08/29 04:00:00"
      },
      {
        "y": 0.0,
        "time": "2009/08/29 04:15:00"
      },
      {
        "y": 0.0,
        "time": "2009/08/29 04:30:00"
      },
      {
        "y": 0.0,
        "time": "2009/08/29 04:45:00"
      },
      {
        "y": 0.0,
        "time": "2009/08/29 05:00:00"
      },
      {
        "y": 0.0,
        "time": "2009/08/29 05:15:00"
      },
      {
        "y": 0.0,
        "time": "2009/08/29 05:30:00"
      },
      {
        "y": 0.0,
        "time": "2009/08/29 05:45:00"
      },
      {
        "y": 0.0,
        "time": "2009/08/29 06:00:00"
      },
      {
        "y": 0.0,
        "time": "2009/08/29 06:15:00"
      },
      {
        "y": 0.0,
        "time": "2009/08/29 06:30:00"
      },
      {
        "y": 0.0,
        "time": "2009/08/29 06:45:00"
      },
      {
        "y": 456492.732128,
        "time": "2009/08/29 07:00:00"
      },
      {
        "y": 99095.072609,
        "time": "2009/08/29 07:15:00"
      },
      {
        "y": 149024.623412,
        "time": "2009/08/29 07:30:00"
      },
      {
        "y": 5225121.670029,
        "time": "2009/08/29 07:45:00"
      },
      {
        "y": 9114929.911466,
        "time": "2009/08/29 08:00:00"
      },
      {
        "y": 7944214.563951,
        "time": "2009/08/29 08:15:00"
      },
      {
        "y": 7232749.668492,
        "time": "2009/08/29 08:30:00"
      },
      {
        "y": 6451424.813909,
        "time": "2009/08/29 08:45:00"
      },
      {
        "y": 5979264.29526,
        "time": "2009/08/29 09:00:00"
      },
      {
        "y": 5197072.279398,
        "time": "2009/08/29 09:15:00"
      },
      {
        "y": 4522955.353733,
        "time": "2009/08/29 09:30:00"
      },
      {
        "y": 4076972.525312,
        "time": "2009/08/29 09:45:00"
      },
      {
        "y": 3878559.714687,
        "time": "2009/08/29 10:00:00"
      },
      {
        "y": 3573475.648609,
        "time": "2009/08/29 10:15:00"
      },
      {
        "y": 3286342.562885,
        "time": "2009/08/29 10:30:00"
      },
      {
        "y": 3050534.099052,
        "time": "2009/08/29 10:45:00"
      },
      {
        "y": 2844626.444365,
        "time": "2009/08/29 11:00:00"
      },
      {
        "y": 2721615.720358,
        "time": "2009/08/29 11:15:00"
      },
      {
        "y": 2554484.475563,
        "time": "2009/08/29 11:30:00"
      },
      {
        "y": 2445736.033749,
        "time": "2009/08/29 11:45:00"
      },
      {
        "y": 2308923.39198,
        "time": "2009/08/29 12:00:00"
      },
      {
        "y": 2186006.06666,
        "time": "2009/08/29 12:15:00"
      },
      {
        "y": 1975000.79933,
        "time": "2009/08/29 12:30:00"
      },
      {
        "y": 1863003.164109,
        "time": "2009/08/29 12:45:00"
      },
      {
        "y": 1946996.523239,
        "time": "2009/08/29 13:00:00"
      },
      {
        "y": 1772493.562334,
        "time": "2009/08/29 13:15:00"
      },
      {
        "y": 1618745.597174,
        "time": "2009/08/29 13:30:00"
      },
      {
        "y": 1444065.368165,
        "time": "2009/08/29 13:45:00"
      },
      {
        "y": 1401644.095906,
        "time": "2009/08/29 14:00:00"
      },
      {
        "y": 1162730.719614,
        "time": "2009/08/29 14:15:00"
      },
      {
        "y": 998926.857633,
        "time": "2009/08/29 14:30:00"
      },
      {
        "y": 970635.573902,
        "time": "2009/08/29 14:45:00"
      },
      {
        "y": 946202.514071,
        "time": "2009/08/29 15:00:00"
      },
      {
        "y": 926201.164568,
        "time": "2009/08/29 15:15:00"
      },
      {
        "y": 907300.066739,
        "time": "2009/08/29 15:30:00"
      },
      {
        "y": 883836.588025,
        "time": "2009/08/29 15:45:00"
      },
      {
        "y": 874458.256315,
        "time": "2009/08/29 16:00:00"
      },
      {
        "y": 861858.373352,
        "time": "2009/08/29 16:15:00"
      },
      {
        "y": 843703.34281,
        "time": "2009/08/29 16:30:00"
      },
      {
        "y": 839334.561262,
        "time": "2009/08/29 16:45:00"
      },
      {
        "y": 839873.80895,
        "time": "2009/08/29 17:00:00"
      },
      {
        "y": 888927.891988,
        "time": "2009/08/29 17:15:00"
      },
      {
        "y": 864921.954717,
        "time": "2009/08/29 17:30:00"
      },
      {
        "y": 974612.976043,
        "time": "2009/08/29 17:45:00"
      },
      {
        "y": 1065899.863397,
        "time": "2009/08/29 18:00:00"
      },
      {
        "y": 1314622.577279,
        "time": "2009/08/29 18:15:00"
      },
      {
        "y": 1379601.043615,
        "time": "2009/08/29 18:30:00"
      },
      {
        "y": 1497479.842596,
        "time": "2009/08/29 18:45:00"
      },
      {
        "y": 1725272.955572,
        "time": "2009/08/29 19:00:00"
      },
      {
        "y": 2149723.823491,
        "time": "2009/08/29 19:15:00"
      },
      {
        "y": 3344877.286997,
        "time": "2009/08/29 19:30:00"
      },
      {
        "y": 4483559.571286,
        "time": "2009/08/29 19:45:00"
      },
      {
        "y": 5283945.383788,
        "time": "2009/08/29 20:00:00"
      },
      {
        "y": 5922799.28822,
        "time": "2009/08/29 20:15:00"
      },
      {
        "y": 6367264.470267,
        "time": "2009/08/29 20:30:00"
      },
      {
        "y": 6306792.225165,
        "time": "2009/08/29 20:45:00"
      },
      {
        "y": 6834897.735933,
        "time": "2009/08/29 21:00:00"
      },
      {
        "y": 7315475.480855,
        "time": "2009/08/29 21:15:00"
      },
      {
        "y": 8170211.265475,
        "time": "2009/08/29 21:30:00"
      },
      {
        "y": 0.0,
        "time": "2009/08/29 21:45:00"
      },
      {
        "y": 0.0,
        "time": "2009/08/29 22:00:00"
      },
      {
        "y": 0.0,
        "time": "2009/08/29 22:15:00"
      },
      {
        "y": 0.0,
        "time": "2009/08/29 22:30:00"
      },
      {
        "y": 0.0,
        "time": "2009/08/29 22:45:00"
      },
      {
        "y": 0.0,
        "time": "2009/08/29 23:00:00"
      },
      {
        "y": 0.0,
        "time": "2009/08/29 23:15:00"
      },
      {
        "y": 0.0,
        "time": "2009/08/29 23:30:00"
      },
      {
        "y": 0.0,
        "time": "2009/08/29 23:45:00"
      }
    ],
    "cvrmse": 85.159484,
    "nmbe": -20.634356
  },
  {
    "name": " Metered",
    "type": "Heating:Electricity",
    "color": "red",
    "units": "J",
    "displayname": "Heating Consumption",
    "data": [
      {
        "y": 77158.836,
        "time": "2009/08/29 00:00:00"
      },
      {
        "y": 77117.256,
        "time": "2009/08/29 00:15:00"
      },
      {
        "y": 77241.924,
        "time": "2009/08/29 00:30:00"
      },
      {
        "y": 77408.136,
        "time": "2009/08/29 00:45:00"
      },
      {
        "y": 77200.38,
        "time": "2009/08/29 01:00:00"
      },
      {
        "y": 77241.96,
        "time": "2009/08/29 01:15:00"
      },
      {
        "y": 76867.956,
        "time": "2009/08/29 01:30:00"
      },
      {
        "y": 76867.956,
        "time": "2009/08/29 01:45:00"
      },
      {
        "y": 77449.716,
        "time": "2009/08/29 02:00:00"
      },
      {
        "y": 76992.624,
        "time": "2009/08/29 02:15:00"
      },
      {
        "y": 76701.744,
        "time": "2009/08/29 02:30:00"
      },
      {
        "y": 77200.416,
        "time": "2009/08/29 02:45:00"
      },
      {
        "y": 76743.324,
        "time": "2009/08/29 03:00:00"
      },
      {
        "y": 76951.08,
        "time": "2009/08/29 03:15:00"
      },
      {
        "y": 77325.048,
        "time": "2009/08/29 03:30:00"
      },
      {
        "y": 76826.412,
        "time": "2009/08/29 03:45:00"
      },
      {
        "y": 77449.716,
        "time": "2009/08/29 04:00:00"
      },
      {
        "y": 76826.412,
        "time": "2009/08/29 04:15:00"
      },
      {
        "y": 76867.992,
        "time": "2009/08/29 04:30:00"
      },
      {
        "y": 76535.568,
        "time": "2009/08/29 04:45:00"
      },
      {
        "y": 77491.26,
        "time": "2009/08/29 05:00:00"
      },
      {
        "y": 76701.78,
        "time": "2009/08/29 05:15:00"
      },
      {
        "y": 76743.324,
        "time": "2009/08/29 05:30:00"
      },
      {
        "y": 76743.324,
        "time": "2009/08/29 05:45:00"
      },
      {
        "y": 76369.356,
        "time": "2009/08/29 06:00:00"
      },
      {
        "y": 76951.08,
        "time": "2009/08/29 06:15:00"
      },
      {
        "y": 76286.268,
        "time": "2009/08/29 06:30:00"
      },
      {
        "y": 90288.54,
        "time": "2009/08/29 06:45:00"
      },
      {
        "y": 114927.48,
        "time": "2009/08/29 07:00:00"
      },
      {
        "y": 115176.816,
        "time": "2009/08/29 07:15:00"
      },
      {
        "y": 114927.48,
        "time": "2009/08/29 07:30:00"
      },
      {
        "y": 708553.548,
        "time": "2009/08/29 07:45:00"
      },
      {
        "y": 2728181.52,
        "time": "2009/08/29 08:00:00"
      },
      {
        "y": 3137480.496,
        "time": "2009/08/29 08:15:00"
      },
      {
        "y": 3221329.644,
        "time": "2009/08/29 08:30:00"
      },
      {
        "y": 3852662.076,
        "time": "2009/08/29 08:45:00"
      },
      {
        "y": 3685437.936,
        "time": "2009/08/29 09:00:00"
      },
      {
        "y": 2777479.632,
        "time": "2009/08/29 09:15:00"
      },
      {
        "y": 3134168.604,
        "time": "2009/08/29 09:30:00"
      },
      {
        "y": 3197978.388,
        "time": "2009/08/29 09:45:00"
      },
      {
        "y": 3137971.032,
        "time": "2009/08/29 10:00:00"
      },
      {
        "y": 3116766.132,
        "time": "2009/08/29 10:15:00"
      },
      {
        "y": 3038603.904,
        "time": "2009/08/29 10:30:00"
      },
      {
        "y": 2619890.532,
        "time": "2009/08/29 10:45:00"
      },
      {
        "y": 2212390.26,
        "time": "2009/08/29 11:00:00"
      },
      {
        "y": 1941724.188,
        "time": "2009/08/29 11:15:00"
      },
      {
        "y": 1728149.544,
        "time": "2009/08/29 11:30:00"
      },
      {
        "y": 1462219.4844,
        "time": "2009/08/29 11:45:00"
      },
      {
        "y": 1289456.964,
        "time": "2009/08/29 12:00:00"
      },
      {
        "y": 1910428.668,
        "time": "2009/08/29 12:15:00"
      },
      {
        "y": 1295344.656,
        "time": "2009/08/29 12:30:00"
      },
      {
        "y": 1037369.016,
        "time": "2009/08/29 12:45:00"
      },
      {
        "y": 885383.712,
        "time": "2009/08/29 13:00:00"
      },
      {
        "y": 1439591.148,
        "time": "2009/08/29 13:15:00"
      },
      {
        "y": 1529499.096,
        "time": "2009/08/29 13:30:00"
      },
      {
        "y": 1203588.144,
        "time": "2009/08/29 13:45:00"
      },
      {
        "y": 1273144.464,
        "time": "2009/08/29 14:00:00"
      },
      {
        "y": 1020603.564,
        "time": "2009/08/29 14:15:00"
      },
      {
        "y": 1098344.628,
        "time": "2009/08/29 14:30:00"
      },
      {
        "y": 890300.304,
        "time": "2009/08/29 14:45:00"
      },
      {
        "y": 983702.016,
        "time": "2009/08/29 15:00:00"
      },
      {
        "y": 676731.888,
        "time": "2009/08/29 15:15:00"
      },
      {
        "y": 828556.884,
        "time": "2009/08/29 15:30:00"
      },
      {
        "y": 1022757.372,
        "time": "2009/08/29 15:45:00"
      },
      {
        "y": 1162817.64,
        "time": "2009/08/29 16:00:00"
      },
      {
        "y": 1116441.864,
        "time": "2009/08/29 16:15:00"
      },
      {
        "y": 752957.82,
        "time": "2009/08/29 16:30:00"
      },
      {
        "y": 770699.952,
        "time": "2009/08/29 16:45:00"
      },
      {
        "y": 852544.944,
        "time": "2009/08/29 17:00:00"
      },
      {
        "y": 1074540.636,
        "time": "2009/08/29 17:15:00"
      },
      {
        "y": 849166.056,
        "time": "2009/08/29 17:30:00"
      },
      {
        "y": 651763.224,
        "time": "2009/08/29 17:45:00"
      },
      {
        "y": 1124719.956,
        "time": "2009/08/29 18:00:00"
      },
      {
        "y": 1407211.596,
        "time": "2009/08/29 18:15:00"
      },
      {
        "y": 2138746.464,
        "time": "2009/08/29 18:30:00"
      },
      {
        "y": 1743482.592,
        "time": "2009/08/29 18:45:00"
      },
      {
        "y": 2905623.54,
        "time": "2009/08/29 19:00:00"
      },
      {
        "y": 2831147.748,
        "time": "2009/08/29 19:15:00"
      },
      {
        "y": 3456629.604,
        "time": "2009/08/29 19:30:00"
      },
      {
        "y": 3878772.264,
        "time": "2009/08/29 19:45:00"
      },
      {
        "y": 6041882.196,
        "time": "2009/08/29 20:00:00"
      },
      {
        "y": 5974988.652,
        "time": "2009/08/29 20:15:00"
      },
      {
        "y": 6148897.596,
        "time": "2009/08/29 20:30:00"
      },
      {
        "y": 5654245.428,
        "time": "2009/08/29 20:45:00"
      },
      {
        "y": 5168967.552,
        "time": "2009/08/29 21:00:00"
      },
      {
        "y": 7840928.196,
        "time": "2009/08/29 21:15:00"
      },
      {
        "y": 9136239.48,
        "time": "2009/08/29 21:30:00"
      },
      {
        "y": 4557309.48,
        "time": "2009/08/29 21:45:00"
      },
      {
        "y": 78280.704,
        "time": "2009/08/29 22:00:00"
      },
      {
        "y": 76867.92,
        "time": "2009/08/29 22:15:00"
      },
      {
        "y": 77532.768,
        "time": "2009/08/29 22:30:00"
      },
      {
        "y": 77532.768,
        "time": "2009/08/29 22:45:00"
      },
      {
        "y": 77823.648,
        "time": "2009/08/29 23:00:00"
      },
      {
        "y": 77117.256,
        "time": "2009/08/29 23:15:00"
      },
      {
        "y": 76909.536,
        "time": "2009/08/29 23:30:00"
      },
      {
        "y": 77117.292,
        "time": "2009/08/29 23:45:00"
      }
    ],
    "cvrmse": 85.159484,
    "nmbe": -20.634356
  }
]