[
  {
    "name": " Simulated",
    "type": "InteriorLights:Electricity",
    "color": "blue",
    "units": "J",
    "displayname": "Lighting Consumption",
    "data": [
      {
        "y": 533686.212446,
        "time": "2009/08/29 00:00:00"
      },
      {
        "y": 570552.552,
        "time": "2009/08/29 00:15:00"
      },
      {
        "y": 570386.268,
        "time": "2009/08/29 00:30:00"
      },
      {
        "y": 570150.828,
        "time": "2009/08/29 00:45:00"
      },
      {
        "y": 570123.144,
        "time": "2009/08/29 01:00:00"
      },
      {
        "y": 569984.616,
        "time": "2009/08/29 01:15:00"
      },
      {
        "y": 569250.36,
        "time": "2009/08/29 01:30:00"
      },
      {
        "y": 569361.204,
        "time": "2009/08/29 01:45:00"
      },
      {
        "y": 569666.016,
        "time": "2009/08/29 02:00:00"
      },
      {
        "y": 569638.296,
        "time": "2009/08/29 02:15:00"
      },
      {
        "y": 569513.628,
        "time": "2009/08/29 02:30:00"
      },
      {
        "y": 569569.032,
        "time": "2009/08/29 02:45:00"
      },
      {
        "y": 569319.732,
        "time": "2009/08/29 03:00:00"
      },
      {
        "y": 569250.468,
        "time": "2009/08/29 03:15:00"
      },
      {
        "y": 569319.732,
        "time": "2009/08/29 03:30:00"
      },
      {
        "y": 568793.34,
        "time": "2009/08/29 03:45:00"
      },
      {
        "y": 568931.832,
        "time": "2009/08/29 04:00:00"
      },
      {
        "y": 568945.656,
        "time": "2009/08/29 04:15:00"
      },
      {
        "y": 569153.484,
        "time": "2009/08/29 04:30:00"
      },
      {
        "y": 569070.324,
        "time": "2009/08/29 04:45:00"
      },
      {
        "y": 568710.18,
        "time": "2009/08/29 05:00:00"
      },
      {
        "y": 568308.456,
        "time": "2009/08/29 05:15:00"
      },
      {
        "y": 568197.648,
        "time": "2009/08/29 05:30:00"
      },
      {
        "y": 567754.38,
        "time": "2009/08/29 05:45:00"
      },
      {
        "y": 568045.26,
        "time": "2009/08/29 06:00:00"
      },
      {
        "y": 568280.736,
        "time": "2009/08/29 06:15:00"
      },
      {
        "y": 524719.26,
        "time": "2009/08/29 06:30:00"
      },
      {
        "y": 492030.972,
        "time": "2009/08/29 06:45:00"
      },
      {
        "y": 498209.148,
        "time": "2009/08/29 07:00:00"
      },
      {
        "y": 708716.736,
        "time": "2009/08/29 07:15:00"
      },
      {
        "y": 1250111.088,
        "time": "2009/08/29 07:30:00"
      },
      {
        "y": 1251634.464,
        "time": "2009/08/29 07:45:00"
      },
      {
        "y": 1250942.076,
        "time": "2009/08/29 08:00:00"
      },
      {
        "y": 1292286.996,
        "time": "2009/08/29 08:15:00"
      },
      {
        "y": 1401183.612,
        "time": "2009/08/29 08:30:00"
      },
      {
        "y": 1400989.644,
        "time": "2009/08/29 08:45:00"
      },
      {
        "y": 1400324.76,
        "time": "2009/08/29 09:00:00"
      },
      {
        "y": 1832891.22,
        "time": "2009/08/29 09:15:00"
      },
      {
        "y": 2207227.86,
        "time": "2009/08/29 09:30:00"
      },
      {
        "y": 2206134.0,
        "time": "2009/08/29 09:45:00"
      },
      {
        "y": 2205261.18,
        "time": "2009/08/29 10:00:00"
      },
      {
        "y": 2204665.56,
        "time": "2009/08/29 10:15:00"
      },
      {
        "y": 2204997.48,
        "time": "2009/08/29 10:30:00"
      },
      {
        "y": 2204818.02,
        "time": "2009/08/29 10:45:00"
      },
      {
        "y": 2204291.7,
        "time": "2009/08/29 11:00:00"
      },
      {
        "y": 2204180.82,
        "time": "2009/08/29 11:15:00"
      },
      {
        "y": 2204236.26,
        "time": "2009/08/29 11:30:00"
      },
      {
        "y": 2204042.22,
        "time": "2009/08/29 11:45:00"
      },
      {
        "y": 2203668.36,
        "time": "2009/08/29 12:00:00"
      },
      {
        "y": 2203543.98,
        "time": "2009/08/29 12:15:00"
      },
      {
        "y": 2203918.2,
        "time": "2009/08/29 12:30:00"
      },
      {
        "y": 2203169.76,
        "time": "2009/08/29 12:45:00"
      },
      {
        "y": 2202532.92,
        "time": "2009/08/29 13:00:00"
      },
      {
        "y": 2202740.46,
        "time": "2009/08/29 13:15:00"
      },
      {
        "y": 2203613.28,
        "time": "2009/08/29 13:30:00"
      },
      {
        "y": 2203751.88,
        "time": "2009/08/29 13:45:00"
      },
      {
        "y": 2203530.12,
        "time": "2009/08/29 14:00:00"
      },
      {
        "y": 2203765.74,
        "time": "2009/08/29 14:15:00"
      },
      {
        "y": 2203724.16,
        "time": "2009/08/29 14:30:00"
      },
      {
        "y": 2203073.1,
        "time": "2009/08/29 14:45:00"
      },
      {
        "y": 2202297.3,
        "time": "2009/08/29 15:00:00"
      },
      {
        "y": 2202394.32,
        "time": "2009/08/29 15:15:00"
      },
      {
        "y": 2201854.14,
        "time": "2009/08/29 15:30:00"
      },
      {
        "y": 2202491.34,
        "time": "2009/08/29 15:45:00"
      },
      {
        "y": 2203086.96,
        "time": "2009/08/29 16:00:00"
      },
      {
        "y": 2203419.24,
        "time": "2009/08/29 16:15:00"
      },
      {
        "y": 2202380.82,
        "time": "2009/08/29 16:30:00"
      },
      {
        "y": 2201508.0,
        "time": "2009/08/29 16:45:00"
      },
      {
        "y": 2201549.58,
        "time": "2009/08/29 17:00:00"
      },
      {
        "y": 2202117.84,
        "time": "2009/08/29 17:15:00"
      },
      {
        "y": 2202186.78,
        "time": "2009/08/29 17:30:00"
      },
      {
        "y": 2201383.62,
        "time": "2009/08/29 17:45:00"
      },
      {
        "y": 2201508.36,
        "time": "2009/08/29 18:00:00"
      },
      {
        "y": 1920499.2,
        "time": "2009/08/29 18:15:00"
      },
      {
        "y": 1701487.08,
        "time": "2009/08/29 18:30:00"
      },
      {
        "y": 1702526.22,
        "time": "2009/08/29 18:45:00"
      },
      {
        "y": 1703440.26,
        "time": "2009/08/29 19:00:00"
      },
      {
        "y": 1534084.236,
        "time": "2009/08/29 19:15:00"
      },
      {
        "y": 1401876.468,
        "time": "2009/08/29 19:30:00"
      },
      {
        "y": 1405546.848,
        "time": "2009/08/29 19:45:00"
      },
      {
        "y": 1407029.184,
        "time": "2009/08/29 20:00:00"
      },
      {
        "y": 1424287.584,
        "time": "2009/08/29 20:15:00"
      },
      {
        "y": 1480397.652,
        "time": "2009/08/29 20:30:00"
      },
      {
        "y": 1480868.82,
        "time": "2009/08/29 20:45:00"
      },
      {
        "y": 1480702.716,
        "time": "2009/08/29 21:00:00"
      },
      {
        "y": 1211189.688,
        "time": "2009/08/29 21:15:00"
      },
      {
        "y": 572990.76,
        "time": "2009/08/29 21:30:00"
      },
      {
        "y": 574306.74,
        "time": "2009/08/29 21:45:00"
      },
      {
        "y": 575207.028,
        "time": "2009/08/29 22:00:00"
      },
      {
        "y": 572921.28,
        "time": "2009/08/29 22:15:00"
      },
      {
        "y": 572214.816,
        "time": "2009/08/29 22:30:00"
      },
      {
        "y": 572311.836,
        "time": "2009/08/29 22:45:00"
      },
      {
        "y": 571813.164,
        "time": "2009/08/29 23:00:00"
      },
      {
        "y": 571259.016,
        "time": "2009/08/29 23:15:00"
      },
      {
        "y": 570649.464,
        "time": "2009/08/29 23:30:00"
      },
      {
        "y": 570400.164,
        "time": "2009/08/29 23:45:00"
      }
    ],
    "cvrmse": 0.275843,
    "nmbe": 0.028153
  },
  {
    "name": " Metered",
    "type": "InteriorLights:Electricity",
    "color": "red",
    "units": "J",
    "displayname": "Lighting Consumption",
    "data": [
      {
        "y": 570510.972,
        "time": "2009/08/29 00:00:00"
      },
      {
        "y": 570552.552,
        "time": "2009/08/29 00:15:00"
      },
      {
        "y": 570386.268,
        "time": "2009/08/29 00:30:00"
      },
      {
        "y": 570150.828,
        "time": "2009/08/29 00:45:00"
      },
      {
        "y": 570123.144,
        "time": "2009/08/29 01:00:00"
      },
      {
        "y": 569984.616,
        "time": "2009/08/29 01:15:00"
      },
      {
        "y": 569250.36,
        "time": "2009/08/29 01:30:00"
      },
      {
        "y": 569361.204,
        "time": "2009/08/29 01:45:00"
      },
      {
        "y": 569666.016,
        "time": "2009/08/29 02:00:00"
      },
      {
        "y": 569638.296,
        "time": "2009/08/29 02:15:00"
      },
      {
        "y": 569513.628,
        "time": "2009/08/29 02:30:00"
      },
      {
        "y": 569569.032,
        "time": "2009/08/29 02:45:00"
      },
      {
        "y": 569319.732,
        "time": "2009/08/29 03:00:00"
      },
      {
        "y": 569250.468,
        "time": "2009/08/29 03:15:00"
      },
      {
        "y": 569319.732,
        "time": "2009/08/29 03:30:00"
      },
      {
        "y": 568793.34,
        "time": "2009/08/29 03:45:00"
      },
      {
        "y": 568931.832,
        "time": "2009/08/29 04:00:00"
      },
      {
        "y": 568945.656,
        "time": "2009/08/29 04:15:00"
      },
      {
        "y": 569153.484,
        "time": "2009/08/29 04:30:00"
      },
      {
        "y": 569070.324,
        "time": "2009/08/29 04:45:00"
      },
      {
        "y": 568710.18,
        "time": "2009/08/29 05:00:00"
      },
      {
        "y": 568308.456,
        "time": "2009/08/29 05:15:00"
      },
      {
        "y": 568197.648,
        "time": "2009/08/29 05:30:00"
      },
      {
        "y": 567754.38,
        "time": "2009/08/29 05:45:00"
      },
      {
        "y": 568045.26,
        "time": "2009/08/29 06:00:00"
      },
      {
        "y": 568280.736,
        "time": "2009/08/29 06:15:00"
      },
      {
        "y": 524719.26,
        "time": "2009/08/29 06:30:00"
      },
      {
        "y": 492030.972,
        "time": "2009/08/29 06:45:00"
      },
      {
        "y": 498209.148,
        "time": "2009/08/29 07:00:00"
      },
      {
        "y": 708716.736,
        "time": "2009/08/29 07:15:00"
      },
      {
        "y": 1250111.088,
        "time": "2009/08/29 07:30:00"
      },
      {
        "y": 1251634.464,
        "time": "2009/08/29 07:45:00"
      },
      {
        "y": 1250942.076,
        "time": "2009/08/29 08:00:00"
      },
      {
        "y": 1292286.996,
        "time": "2009/08/29 08:15:00"
      },
      {
        "y": 1401183.612,
        "time": "2009/08/29 08:30:00"
      },
      {
        "y": 1400989.644,
        "time": "2009/08/29 08:45:00"
      },
      {
        "y": 1400324.76,
        "time": "2009/08/29 09:00:00"
      },
      {
        "y": 1832891.22,
        "time": "2009/08/29 09:15:00"
      },
      {
        "y": 2207227.86,
        "time": "2009/08/29 09:30:00"
      },
      {
        "y": 2206134.0,
        "time": "2009/08/29 09:45:00"
      },
      {
        "y": 2205261.18,
        "time": "2009/08/29 10:00:00"
      },
      {
        "y": 2204665.56,
        "time": "2009/08/29 10:15:00"
      },
      {
        "y": 2204997.48,
        "time": "2009/08/29 10:30:00"
      },
      {
        "y": 2204818.02,
        "time": "2009/08/29 10:45:00"
      },
      {
        "y": 2204291.7,
        "time": "2009/08/29 11:00:00"
      },
      {
        "y": 2204180.82,
        "time": "2009/08/29 11:15:00"
      },
      {
        "y": 2204236.26,
        "time": "2009/08/29 11:30:00"
      },
      {
        "y": 2204042.22,
        "time": "2009/08/29 11:45:00"
      },
      {
        "y": 2203668.36,
        "time": "2009/08/29 12:00:00"
      },
      {
        "y": 2203543.98,
        "time": "2009/08/29 12:15:00"
      },
      {
        "y": 2203918.2,
        "time": "2009/08/29 12:30:00"
      },
      {
        "y": 2203169.76,
        "time": "2009/08/29 12:45:00"
      },
      {
        "y": 2202532.92,
        "time": "2009/08/29 13:00:00"
      },
      {
        "y": 2202740.46,
        "time": "2009/08/29 13:15:00"
      },
      {
        "y": 2203613.28,
        "time": "2009/08/29 13:30:00"
      },
      {
        "y": 2203751.88,
        "time": "2009/08/29 13:45:00"
      },
      {
        "y": 2203530.12,
        "time": "2009/08/29 14:00:00"
      },
      {
        "y": 2203765.74,
        "time": "2009/08/29 14:15:00"
      },
      {
        "y": 2203724.16,
        "time": "2009/08/29 14:30:00"
      },
      {
        "y": 2203073.1,
        "time": "2009/08/29 14:45:00"
      },
      {
        "y": 2202297.3,
        "time": "2009/08/29 15:00:00"
      },
      {
        "y": 2202394.32,
        "time": "2009/08/29 15:15:00"
      },
      {
        "y": 2201854.14,
        "time": "2009/08/29 15:30:00"
      },
      {
        "y": 2202491.34,
        "time": "2009/08/29 15:45:00"
      },
      {
        "y": 2203086.96,
        "time": "2009/08/29 16:00:00"
      },
      {
        "y": 2203419.24,
        "time": "2009/08/29 16:15:00"
      },
      {
        "y": 2202380.82,
        "time": "2009/08/29 16:30:00"
      },
      {
        "y": 2201508.0,
        "time": "2009/08/29 16:45:00"
      },
      {
        "y": 2201549.58,
        "time": "2009/08/29 17:00:00"
      },
      {
        "y": 2202117.84,
        "time": "2009/08/29 17:15:00"
      },
      {
        "y": 2202186.78,
        "time": "2009/08/29 17:30:00"
      },
      {
        "y": 2201383.62,
        "time": "2009/08/29 17:45:00"
      },
      {
        "y": 2201508.36,
        "time": "2009/08/29 18:00:00"
      },
      {
        "y": 1920499.2,
        "time": "2009/08/29 18:15:00"
      },
      {
        "y": 1701487.08,
        "time": "2009/08/29 18:30:00"
      },
      {
        "y": 1702526.22,
        "time": "2009/08/29 18:45:00"
      },
      {
        "y": 1703440.26,
        "time": "2009/08/29 19:00:00"
      },
      {
        "y": 1534084.236,
        "time": "2009/08/29 19:15:00"
      },
      {
        "y": 1401876.468,
        "time": "2009/08/29 19:30:00"
      },
      {
        "y": 1405546.848,
        "time": "2009/08/29 19:45:00"
      },
      {
        "y": 1407029.184,
        "time": "2009/08/29 20:00:00"
      },
      {
        "y": 1424287.584,
        "time": "2009/08/29 20:15:00"
      },
      {
        "y": 1480397.652,
        "time": "2009/08/29 20:30:00"
      },
      {
        "y": 1480868.82,
        "time": "2009/08/29 20:45:00"
      },
      {
        "y": 1480702.716,
        "time": "2009/08/29 21:00:00"
      },
      {
        "y": 1211189.688,
        "time": "2009/08/29 21:15:00"
      },
      {
        "y": 572990.76,
        "time": "2009/08/29 21:30:00"
      },
      {
        "y": 574306.74,
        "time": "2009/08/29 21:45:00"
      },
      {
        "y": 575207.028,
        "time": "2009/08/29 22:00:00"
      },
      {
        "y": 572921.28,
        "time": "2009/08/29 22:15:00"
      },
      {
        "y": 572214.816,
        "time": "2009/08/29 22:30:00"
      },
      {
        "y": 572311.836,
        "time": "2009/08/29 22:45:00"
      },
      {
        "y": 571813.164,
        "time": "2009/08/29 23:00:00"
      },
      {
        "y": 571259.016,
        "time": "2009/08/29 23:15:00"
      },
      {
        "y": 570649.464,
        "time": "2009/08/29 23:30:00"
      },
      {
        "y": 570400.164,
        "time": "2009/08/29 23:45:00"
      }
    ],
    "cvrmse": 0.275843,
    "nmbe": 0.028153
  }
]