[
  {
    "name": " Simulated",
    "type": "InteriorLights:Electricity",
    "color": "blue",
    "units": "J",
    "displayname": "Lighting Consumption",
    "data": [
      {
        "y": 533686.212446,
        "time": "2009/09/02 00:00:00"
      },
      {
        "y": 571189.644,
        "time": "2009/09/02 00:15:00"
      },
      {
        "y": 571023.432,
        "time": "2009/09/02 00:30:00"
      },
      {
        "y": 570815.64,
        "time": "2009/09/02 00:45:00"
      },
      {
        "y": 570649.428,
        "time": "2009/09/02 01:00:00"
      },
      {
        "y": 570801.816,
        "time": "2009/09/02 01:15:00"
      },
      {
        "y": 570760.272,
        "time": "2009/09/02 01:30:00"
      },
      {
        "y": 570012.12,
        "time": "2009/09/02 01:45:00"
      },
      {
        "y": 569873.556,
        "time": "2009/09/02 02:00:00"
      },
      {
        "y": 570025.944,
        "time": "2009/09/02 02:15:00"
      },
      {
        "y": 569984.436,
        "time": "2009/09/02 02:30:00"
      },
      {
        "y": 570635.568,
        "time": "2009/09/02 02:45:00"
      },
      {
        "y": 570524.76,
        "time": "2009/09/02 03:00:00"
      },
      {
        "y": 570441.636,
        "time": "2009/09/02 03:15:00"
      },
      {
        "y": 570441.636,
        "time": "2009/09/02 03:30:00"
      },
      {
        "y": 570358.548,
        "time": "2009/09/02 03:45:00"
      },
      {
        "y": 570413.988,
        "time": "2009/09/02 04:00:00"
      },
      {
        "y": 570524.796,
        "time": "2009/09/02 04:15:00"
      },
      {
        "y": 570774.132,
        "time": "2009/09/02 04:30:00"
      },
      {
        "y": 570843.396,
        "time": "2009/09/02 04:45:00"
      },
      {
        "y": 570607.884,
        "time": "2009/09/02 05:00:00"
      },
      {
        "y": 570497.112,
        "time": "2009/09/02 05:15:00"
      },
      {
        "y": 570413.952,
        "time": "2009/09/02 05:30:00"
      },
      {
        "y": 570164.616,
        "time": "2009/09/02 05:45:00"
      },
      {
        "y": 570026.088,
        "time": "2009/09/02 06:00:00"
      },
      {
        "y": 569458.044,
        "time": "2009/09/02 06:15:00"
      },
      {
        "y": 551576.376,
        "time": "2009/09/02 06:30:00"
      },
      {
        "y": 492446.484,
        "time": "2009/09/02 06:45:00"
      },
      {
        "y": 497862.864,
        "time": "2009/09/02 07:00:00"
      },
      {
        "y": 704048.904,
        "time": "2009/09/02 07:15:00"
      },
      {
        "y": 1246412.52,
        "time": "2009/09/02 07:30:00"
      },
      {
        "y": 1250941.644,
        "time": "2009/09/02 07:45:00"
      },
      {
        "y": 1250512.308,
        "time": "2009/09/02 08:00:00"
      },
      {
        "y": 1291483.548,
        "time": "2009/09/02 08:15:00"
      },
      {
        "y": 1400892.984,
        "time": "2009/09/02 08:30:00"
      },
      {
        "y": 1402042.536,
        "time": "2009/09/02 08:45:00"
      },
      {
        "y": 1401973.2,
        "time": "2009/09/02 09:00:00"
      },
      {
        "y": 1832157.36,
        "time": "2009/09/02 09:15:00"
      },
      {
        "y": 2208821.4,
        "time": "2009/09/02 09:30:00"
      },
      {
        "y": 2209721.58,
        "time": "2009/09/02 09:45:00"
      },
      {
        "y": 2209084.74,
        "time": "2009/09/02 10:00:00"
      },
      {
        "y": 2208904.2,
        "time": "2009/09/02 10:15:00"
      },
      {
        "y": 2208724.74,
        "time": "2009/09/02 10:30:00"
      },
      {
        "y": 2208904.2,
        "time": "2009/09/02 10:45:00"
      },
      {
        "y": 2208848.76,
        "time": "2009/09/02 11:00:00"
      },
      {
        "y": 2208793.68,
        "time": "2009/09/02 11:15:00"
      },
      {
        "y": 2208904.56,
        "time": "2009/09/02 11:30:00"
      },
      {
        "y": 2208724.02,
        "time": "2009/09/02 11:45:00"
      },
      {
        "y": 2208433.32,
        "time": "2009/09/02 12:00:00"
      },
      {
        "y": 2208654.72,
        "time": "2009/09/02 12:15:00"
      },
      {
        "y": 2208253.5,
        "time": "2009/09/02 12:30:00"
      },
      {
        "y": 2208530.34,
        "time": "2009/09/02 12:45:00"
      },
      {
        "y": 2208405.6,
        "time": "2009/09/02 13:00:00"
      },
      {
        "y": 2208114.54,
        "time": "2009/09/02 13:15:00"
      },
      {
        "y": 2208433.32,
        "time": "2009/09/02 13:30:00"
      },
      {
        "y": 2208599.64,
        "time": "2009/09/02 13:45:00"
      },
      {
        "y": 2208807.18,
        "time": "2009/09/02 14:00:00"
      },
      {
        "y": 2208308.58,
        "time": "2009/09/02 14:15:00"
      },
      {
        "y": 2208613.5,
        "time": "2009/09/02 14:30:00"
      },
      {
        "y": 2208253.5,
        "time": "2009/09/02 14:45:00"
      },
      {
        "y": 2208336.3,
        "time": "2009/09/02 15:00:00"
      },
      {
        "y": 2208350.16,
        "time": "2009/09/02 15:15:00"
      },
      {
        "y": 2208502.62,
        "time": "2009/09/02 15:30:00"
      },
      {
        "y": 2208502.62,
        "time": "2009/09/02 15:45:00"
      },
      {
        "y": 2208848.76,
        "time": "2009/09/02 16:00:00"
      },
      {
        "y": 2208710.52,
        "time": "2009/09/02 16:15:00"
      },
      {
        "y": 2208544.2,
        "time": "2009/09/02 16:30:00"
      },
      {
        "y": 2207990.16,
        "time": "2009/09/02 16:45:00"
      },
      {
        "y": 2208128.76,
        "time": "2009/09/02 17:00:00"
      },
      {
        "y": 2208433.32,
        "time": "2009/09/02 17:15:00"
      },
      {
        "y": 2208530.34,
        "time": "2009/09/02 17:30:00"
      },
      {
        "y": 2207907.0,
        "time": "2009/09/02 17:45:00"
      },
      {
        "y": 2207463.84,
        "time": "2009/09/02 18:00:00"
      },
      {
        "y": 1924750.98,
        "time": "2009/09/02 18:15:00"
      },
      {
        "y": 1704256.92,
        "time": "2009/09/02 18:30:00"
      },
      {
        "y": 1704742.02,
        "time": "2009/09/02 18:45:00"
      },
      {
        "y": 1704922.2,
        "time": "2009/09/02 19:00:00"
      },
      {
        "y": 1535053.356,
        "time": "2009/09/02 19:15:00"
      },
      {
        "y": 1402471.692,
        "time": "2009/09/02 19:30:00"
      },
      {
        "y": 1407291.84,
        "time": "2009/09/02 19:45:00"
      },
      {
        "y": 1406239.2,
        "time": "2009/09/02 20:00:00"
      },
      {
        "y": 1438983.0,
        "time": "2009/09/02 20:15:00"
      },
      {
        "y": 1481422.644,
        "time": "2009/09/02 20:30:00"
      },
      {
        "y": 1480965.48,
        "time": "2009/09/02 20:45:00"
      },
      {
        "y": 1480799.376,
        "time": "2009/09/02 21:00:00"
      },
      {
        "y": 1211992.668,
        "time": "2009/09/02 21:15:00"
      },
      {
        "y": 573835.644,
        "time": "2009/09/02 21:30:00"
      },
      {
        "y": 574528.248,
        "time": "2009/09/02 21:45:00"
      },
      {
        "y": 575151.552,
        "time": "2009/09/02 22:00:00"
      },
      {
        "y": 574112.592,
        "time": "2009/09/02 22:15:00"
      },
      {
        "y": 573669.324,
        "time": "2009/09/02 22:30:00"
      },
      {
        "y": 573087.456,
        "time": "2009/09/02 22:45:00"
      },
      {
        "y": 572422.536,
        "time": "2009/09/02 23:00:00"
      },
      {
        "y": 572547.24,
        "time": "2009/09/02 23:15:00"
      },
      {
        "y": 572381.028,
        "time": "2009/09/02 23:30:00"
      },
      {
        "y": 572339.484,
        "time": "2009/09/02 23:45:00"
      }
    ],
    "cvrmse": 0.283039,
    "nmbe": 0.028888
  },
  {
    "name": " Metered",
    "type": "InteriorLights:Electricity",
    "color": "red",
    "units": "J",
    "displayname": "Lighting Consumption",
    "data": [
      {
        "y": 571549.824,
        "time": "2009/09/02 00:00:00"
      },
      {
        "y": 571189.644,
        "time": "2009/09/02 00:15:00"
      },
      {
        "y": 571023.432,
        "time": "2009/09/02 00:30:00"
      },
      {
        "y": 570815.64,
        "time": "2009/09/02 00:45:00"
      },
      {
        "y": 570649.428,
        "time": "2009/09/02 01:00:00"
      },
      {
        "y": 570801.816,
        "time": "2009/09/02 01:15:00"
      },
      {
        "y": 570760.272,
        "time": "2009/09/02 01:30:00"
      },
      {
        "y": 570012.12,
        "time": "2009/09/02 01:45:00"
      },
      {
        "y": 569873.556,
        "time": "2009/09/02 02:00:00"
      },
      {
        "y": 570025.944,
        "time": "2009/09/02 02:15:00"
      },
      {
        "y": 569984.436,
        "time": "2009/09/02 02:30:00"
      },
      {
        "y": 570635.568,
        "time": "2009/09/02 02:45:00"
      },
      {
        "y": 570524.76,
        "time": "2009/09/02 03:00:00"
      },
      {
        "y": 570441.636,
        "time": "2009/09/02 03:15:00"
      },
      {
        "y": 570441.636,
        "time": "2009/09/02 03:30:00"
      },
      {
        "y": 570358.548,
        "time": "2009/09/02 03:45:00"
      },
      {
        "y": 570413.988,
        "time": "2009/09/02 04:00:00"
      },
      {
        "y": 570524.796,
        "time": "2009/09/02 04:15:00"
      },
      {
        "y": 570774.132,
        "time": "2009/09/02 04:30:00"
      },
      {
        "y": 570843.396,
        "time": "2009/09/02 04:45:00"
      },
      {
        "y": 570607.884,
        "time": "2009/09/02 05:00:00"
      },
      {
        "y": 570497.112,
        "time": "2009/09/02 05:15:00"
      },
      {
        "y": 570413.952,
        "time": "2009/09/02 05:30:00"
      },
      {
        "y": 570164.616,
        "time": "2009/09/02 05:45:00"
      },
      {
        "y": 570026.088,
        "time": "2009/09/02 06:00:00"
      },
      {
        "y": 569458.044,
        "time": "2009/09/02 06:15:00"
      },
      {
        "y": 551576.376,
        "time": "2009/09/02 06:30:00"
      },
      {
        "y": 492446.484,
        "time": "2009/09/02 06:45:00"
      },
      {
        "y": 497862.864,
        "time": "2009/09/02 07:00:00"
      },
      {
        "y": 704048.904,
        "time": "2009/09/02 07:15:00"
      },
      {
        "y": 1246412.52,
        "time": "2009/09/02 07:30:00"
      },
      {
        "y": 1250941.644,
        "time": "2009/09/02 07:45:00"
      },
      {
        "y": 1250512.308,
        "time": "2009/09/02 08:00:00"
      },
      {
        "y": 1291483.548,
        "time": "2009/09/02 08:15:00"
      },
      {
        "y": 1400892.984,
        "time": "2009/09/02 08:30:00"
      },
      {
        "y": 1402042.536,
        "time": "2009/09/02 08:45:00"
      },
      {
        "y": 1401973.2,
        "time": "2009/09/02 09:00:00"
      },
      {
        "y": 1832157.36,
        "time": "2009/09/02 09:15:00"
      },
      {
        "y": 2208821.4,
        "time": "2009/09/02 09:30:00"
      },
      {
        "y": 2209721.58,
        "time": "2009/09/02 09:45:00"
      },
      {
        "y": 2209084.74,
        "time": "2009/09/02 10:00:00"
      },
      {
        "y": 2208904.2,
        "time": "2009/09/02 10:15:00"
      },
      {
        "y": 2208724.74,
        "time": "2009/09/02 10:30:00"
      },
      {
        "y": 2208904.2,
        "time": "2009/09/02 10:45:00"
      },
      {
        "y": 2208848.76,
        "time": "2009/09/02 11:00:00"
      },
      {
        "y": 2208793.68,
        "time": "2009/09/02 11:15:00"
      },
      {
        "y": 2208904.56,
        "time": "2009/09/02 11:30:00"
      },
      {
        "y": 2208724.02,
        "time": "2009/09/02 11:45:00"
      },
      {
        "y": 2208433.32,
        "time": "2009/09/02 12:00:00"
      },
      {
        "y": 2208654.72,
        "time": "2009/09/02 12:15:00"
      },
      {
        "y": 2208253.5,
        "time": "2009/09/02 12:30:00"
      },
      {
        "y": 2208530.34,
        "time": "2009/09/02 12:45:00"
      },
      {
        "y": 2208405.6,
        "time": "2009/09/02 13:00:00"
      },
      {
        "y": 2208114.54,
        "time": "2009/09/02 13:15:00"
      },
      {
        "y": 2208433.32,
        "time": "2009/09/02 13:30:00"
      },
      {
        "y": 2208599.64,
        "time": "2009/09/02 13:45:00"
      },
      {
        "y": 2208807.18,
        "time": "2009/09/02 14:00:00"
      },
      {
        "y": 2208308.58,
        "time": "2009/09/02 14:15:00"
      },
      {
        "y": 2208613.5,
        "time": "2009/09/02 14:30:00"
      },
      {
        "y": 2208253.5,
        "time": "2009/09/02 14:45:00"
      },
      {
        "y": 2208336.3,
        "time": "2009/09/02 15:00:00"
      },
      {
        "y": 2208350.16,
        "time": "2009/09/02 15:15:00"
      },
      {
        "y": 2208502.62,
        "time": "2009/09/02 15:30:00"
      },
      {
        "y": 2208502.62,
        "time": "2009/09/02 15:45:00"
      },
      {
        "y": 2208848.76,
        "time": "2009/09/02 16:00:00"
      },
      {
        "y": 2208710.52,
        "time": "2009/09/02 16:15:00"
      },
      {
        "y": 2208544.2,
        "time": "2009/09/02 16:30:00"
      },
      {
        "y": 2207990.16,
        "time": "2009/09/02 16:45:00"
      },
      {
        "y": 2208128.76,
        "time": "2009/09/02 17:00:00"
      },
      {
        "y": 2208433.32,
        "time": "2009/09/02 17:15:00"
      },
      {
        "y": 2208530.34,
        "time": "2009/09/02 17:30:00"
      },
      {
        "y": 2207907.0,
        "time": "2009/09/02 17:45:00"
      },
      {
        "y": 2207463.84,
        "time": "2009/09/02 18:00:00"
      },
      {
        "y": 1924750.98,
        "time": "2009/09/02 18:15:00"
      },
      {
        "y": 1704256.92,
        "time": "2009/09/02 18:30:00"
      },
      {
        "y": 1704742.02,
        "time": "2009/09/02 18:45:00"
      },
      {
        "y": 1704922.2,
        "time": "2009/09/02 19:00:00"
      },
      {
        "y": 1535053.356,
        "time": "2009/09/02 19:15:00"
      },
      {
        "y": 1402471.692,
        "time": "2009/09/02 19:30:00"
      },
      {
        "y": 1407291.84,
        "time": "2009/09/02 19:45:00"
      },
      {
        "y": 1406239.2,
        "time": "2009/09/02 20:00:00"
      },
      {
        "y": 1438983.0,
        "time": "2009/09/02 20:15:00"
      },
      {
        "y": 1481422.644,
        "time": "2009/09/02 20:30:00"
      },
      {
        "y": 1480965.48,
        "time": "2009/09/02 20:45:00"
      },
      {
        "y": 1480799.376,
        "time": "2009/09/02 21:00:00"
      },
      {
        "y": 1211992.668,
        "time": "2009/09/02 21:15:00"
      },
      {
        "y": 573835.644,
        "time": "2009/09/02 21:30:00"
      },
      {
        "y": 574528.248,
        "time": "2009/09/02 21:45:00"
      },
      {
        "y": 575151.552,
        "time": "2009/09/02 22:00:00"
      },
      {
        "y": 574112.592,
        "time": "2009/09/02 22:15:00"
      },
      {
        "y": 573669.324,
        "time": "2009/09/02 22:30:00"
      },
      {
        "y": 573087.456,
        "time": "2009/09/02 22:45:00"
      },
      {
        "y": 572422.536,
        "time": "2009/09/02 23:00:00"
      },
      {
        "y": 572547.24,
        "time": "2009/09/02 23:15:00"
      },
      {
        "y": 572381.028,
        "time": "2009/09/02 23:30:00"
      },
      {
        "y": 572339.484,
        "time": "2009/09/02 23:45:00"
      }
    ],
    "cvrmse": 0.283039,
    "nmbe": 0.028888
  }
]