[
  {
    "name": "Rooftop Cooling Coil Simulated",
    "type": "Cooling Coil Total Cooling Rate",
    "color": "blue",
    "units": "W",
    "displayname": "Cooling Capacity",
    "data": [
      {
        "y": 0.0,
        "time": "2009/08/29 00:00:00"
      },
      {
        "y": 0.0,
        "time": "2009/08/29 00:15:00"
      },
      {
        "y": 0.0,
        "time": "2009/08/29 00:30:00"
      },
      {
        "y": 0.0,
        "time": "2009/08/29 00:45:00"
      },
      {
        "y": 0.0,
        "time": "2009/08/29 01:00:00"
      },
      {
        "y": 0.0,
        "time": "2009/08/29 01:15:00"
      },
      {
        "y": 0.0,
        "time": "2009/08/29 01:30:00"
      },
      {
        "y": 0.0,
        "time": "2009/08/29 01:45:00"
      },
      {
        "y": 0.0,
        "time": "2009/08/29 02:00:00"
      },
      {
        "y": 0.0,
        "time": "2009/08/29 02:15:00"
      },
      {
        "y": 0.0,
        "time": "2009/08/29 02:30:00"
      },
      {
        "y": 0.0,
        "time": "2009/08/29 02:45:00"
      },
      {
        "y": 0.0,
        "time": "2009/08/29 03:00:00"
      },
      {
        "y": 0.0,
        "time": "2009/08/29 03:15:00"
      },
      {
        "y": 0.0,
        "time": "2009/08/29 03:30:00"
      },
      {
        "y": 0.0,
        "time": "2009/08/29 03:45:00"
      },
      {
        "y": 0.0,
        "time": "2009/08/29 04:00:00"
      },
      {
        "y": 0.0,
        "time": "2009/08/29 04:15:00"
      },
      {
        "y": 0.0,
        "time": "2009/08/29 04:30:00"
      },
      {
        "y": 0.0,
        "time": "2009/08/29 04:45:00"
      },
      {
        "y": 0.0,
        "time": "2009/08/29 05:00:00"
      },
      {
        "y": 0.0,
        "time": "2009/08/29 05:15:00"
      },
      {
        "y": 0.0,
        "time": "2009/08/29 05:30:00"
      },
      {
        "y": 0.0,
        "time": "2009/08/29 05:45:00"
      },
      {
        "y": 0.0,
        "time": "2009/08/29 06:00:00"
      },
      {
        "y": 0.0,
        "time": "2009/08/29 06:15:00"
      },
      {
        "y": 0.0,
        "time": "2009/08/29 06:30:00"
      },
      {
        "y": 0.0,
        "time": "2009/08/29 06:45:00"
      },
      {
        "y": 44330.614931,
        "time": "2009/08/29 07:00:00"
      },
      {
        "y": 35285.563648,
        "time": "2009/08/29 07:15:00"
      },
      {
        "y": 30296.452014,
        "time": "2009/08/29 07:30:00"
      },
      {
        "y": 28467.149957,
        "time": "2009/08/29 07:45:00"
      },
      {
        "y": 28185.386092,
        "time": "2009/08/29 08:00:00"
      },
      {
        "y": 28177.946662,
        "time": "2009/08/29 08:15:00"
      },
      {
        "y": 27989.06931,
        "time": "2009/08/29 08:30:00"
      },
      {
        "y": 27858.57426,
        "time": "2009/08/29 08:45:00"
      },
      {
        "y": 27697.380501,
        "time": "2009/08/29 09:00:00"
      },
      {
        "y": 27606.958018,
        "time": "2009/08/29 09:15:00"
      },
      {
        "y": 27612.995586,
        "time": "2009/08/29 09:30:00"
      },
      {
        "y": 27641.34179,
        "time": "2009/08/29 09:45:00"
      },
      {
        "y": 27750.30578,
        "time": "2009/08/29 10:00:00"
      },
      {
        "y": 27824.156203,
        "time": "2009/08/29 10:15:00"
      },
      {
        "y": 27877.958628,
        "time": "2009/08/29 10:30:00"
      },
      {
        "y": 27890.227691,
        "time": "2009/08/29 10:45:00"
      },
      {
        "y": 27940.13375,
        "time": "2009/08/29 11:00:00"
      },
      {
        "y": 28023.206232,
        "time": "2009/08/29 11:15:00"
      },
      {
        "y": 28046.782962,
        "time": "2009/08/29 11:30:00"
      },
      {
        "y": 28129.190783,
        "time": "2009/08/29 11:45:00"
      },
      {
        "y": 28241.191552,
        "time": "2009/08/29 12:00:00"
      },
      {
        "y": 28336.51483,
        "time": "2009/08/29 12:15:00"
      },
      {
        "y": 28409.120241,
        "time": "2009/08/29 12:30:00"
      },
      {
        "y": 28472.793271,
        "time": "2009/08/29 12:45:00"
      },
      {
        "y": 28549.632031,
        "time": "2009/08/29 13:00:00"
      },
      {
        "y": 28642.95511,
        "time": "2009/08/29 13:15:00"
      },
      {
        "y": 28702.846155,
        "time": "2009/08/29 13:30:00"
      },
      {
        "y": 28792.977893,
        "time": "2009/08/29 13:45:00"
      },
      {
        "y": 28978.982913,
        "time": "2009/08/29 14:00:00"
      },
      {
        "y": 29065.303158,
        "time": "2009/08/29 14:15:00"
      },
      {
        "y": 29225.457184,
        "time": "2009/08/29 14:30:00"
      },
      {
        "y": 29454.707065,
        "time": "2009/08/29 14:45:00"
      },
      {
        "y": 29658.127581,
        "time": "2009/08/29 15:00:00"
      },
      {
        "y": 29857.085726,
        "time": "2009/08/29 15:15:00"
      },
      {
        "y": 30103.93155,
        "time": "2009/08/29 15:30:00"
      },
      {
        "y": 30311.420249,
        "time": "2009/08/29 15:45:00"
      },
      {
        "y": 30445.494559,
        "time": "2009/08/29 16:00:00"
      },
      {
        "y": 30504.005631,
        "time": "2009/08/29 16:15:00"
      },
      {
        "y": 30625.417286,
        "time": "2009/08/29 16:30:00"
      },
      {
        "y": 30793.876078,
        "time": "2009/08/29 16:45:00"
      },
      {
        "y": 30950.435953,
        "time": "2009/08/29 17:00:00"
      },
      {
        "y": 31081.323046,
        "time": "2009/08/29 17:15:00"
      },
      {
        "y": 31129.114052,
        "time": "2009/08/29 17:30:00"
      },
      {
        "y": 31075.541618,
        "time": "2009/08/29 17:45:00"
      },
      {
        "y": 31095.34668,
        "time": "2009/08/29 18:00:00"
      },
      {
        "y": 31173.295564,
        "time": "2009/08/29 18:15:00"
      },
      {
        "y": 31109.393446,
        "time": "2009/08/29 18:30:00"
      },
      {
        "y": 30968.765757,
        "time": "2009/08/29 18:45:00"
      },
      {
        "y": 30903.506929,
        "time": "2009/08/29 19:00:00"
      },
      {
        "y": 30804.242042,
        "time": "2009/08/29 19:15:00"
      },
      {
        "y": 30619.607937,
        "time": "2009/08/29 19:30:00"
      },
      {
        "y": 30375.899947,
        "time": "2009/08/29 19:45:00"
      },
      {
        "y": 30244.635846,
        "time": "2009/08/29 20:00:00"
      },
      {
        "y": 30137.989255,
        "time": "2009/08/29 20:15:00"
      },
      {
        "y": 29997.104325,
        "time": "2009/08/29 20:30:00"
      },
      {
        "y": 29831.306915,
        "time": "2009/08/29 20:45:00"
      },
      {
        "y": 29728.157249,
        "time": "2009/08/29 21:00:00"
      },
      {
        "y": 29577.595234,
        "time": "2009/08/29 21:15:00"
      },
      {
        "y": 29462.323243,
        "time": "2009/08/29 21:30:00"
      },
      {
        "y": 0.0,
        "time": "2009/08/29 21:45:00"
      },
      {
        "y": 0.0,
        "time": "2009/08/29 22:00:00"
      },
      {
        "y": 0.0,
        "time": "2009/08/29 22:15:00"
      },
      {
        "y": 0.0,
        "time": "2009/08/29 22:30:00"
      },
      {
        "y": 0.0,
        "time": "2009/08/29 22:45:00"
      },
      {
        "y": 0.0,
        "time": "2009/08/29 23:00:00"
      },
      {
        "y": 0.0,
        "time": "2009/08/29 23:15:00"
      },
      {
        "y": 0.0,
        "time": "2009/08/29 23:30:00"
      },
      {
        "y": 0.0,
        "time": "2009/08/29 23:45:00"
      }
    ],
    "cvrmse": 37.096313,
    "nmbe": -11.179574
  },
  {
    "name": "Rooftop Cooling Coil Metered",
    "type": "Cooling Coil Total Cooling Rate",
    "color": "red",
    "units": "W",
    "displayname": "Cooling Capacity",
    "data": [
      {
        "y": 0.0,
        "time": "2009/08/29 00:00:00"
      },
      {
        "y": 0.0,
        "time": "2009/08/29 00:15:00"
      },
      {
        "y": 0.0,
        "time": "2009/08/29 00:30:00"
      },
      {
        "y": 0.0,
        "time": "2009/08/29 00:45:00"
      },
      {
        "y": 0.0,
        "time": "2009/08/29 01:00:00"
      },
      {
        "y": 0.0,
        "time": "2009/08/29 01:15:00"
      },
      {
        "y": 0.0,
        "time": "2009/08/29 01:30:00"
      },
      {
        "y": 0.0,
        "time": "2009/08/29 01:45:00"
      },
      {
        "y": 0.0,
        "time": "2009/08/29 02:00:00"
      },
      {
        "y": 0.0,
        "time": "2009/08/29 02:15:00"
      },
      {
        "y": 0.0,
        "time": "2009/08/29 02:30:00"
      },
      {
        "y": 0.0,
        "time": "2009/08/29 02:45:00"
      },
      {
        "y": 0.0,
        "time": "2009/08/29 03:00:00"
      },
      {
        "y": 0.0,
        "time": "2009/08/29 03:15:00"
      },
      {
        "y": 0.0,
        "time": "2009/08/29 03:30:00"
      },
      {
        "y": 0.0,
        "time": "2009/08/29 03:45:00"
      },
      {
        "y": 0.0,
        "time": "2009/08/29 04:00:00"
      },
      {
        "y": 0.0,
        "time": "2009/08/29 04:15:00"
      },
      {
        "y": 0.0,
        "time": "2009/08/29 04:30:00"
      },
      {
        "y": 0.0,
        "time": "2009/08/29 04:45:00"
      },
      {
        "y": 0.0,
        "time": "2009/08/29 05:00:00"
      },
      {
        "y": 0.0,
        "time": "2009/08/29 05:15:00"
      },
      {
        "y": 0.0,
        "time": "2009/08/29 05:30:00"
      },
      {
        "y": 0.0,
        "time": "2009/08/29 05:45:00"
      },
      {
        "y": 0.0,
        "time": "2009/08/29 06:00:00"
      },
      {
        "y": 0.0,
        "time": "2009/08/29 06:15:00"
      },
      {
        "y": 0.0,
        "time": "2009/08/29 06:30:00"
      },
      {
        "y": 5815.752046,
        "time": "2009/08/29 06:45:00"
      },
      {
        "y": 1241.676878,
        "time": "2009/08/29 07:00:00"
      },
      {
        "y": 32866.04416,
        "time": "2009/08/29 07:15:00"
      },
      {
        "y": 32574.54987,
        "time": "2009/08/29 07:30:00"
      },
      {
        "y": 29371.50274,
        "time": "2009/08/29 07:45:00"
      },
      {
        "y": 21772.82656,
        "time": "2009/08/29 08:00:00"
      },
      {
        "y": 15803.47162,
        "time": "2009/08/29 08:15:00"
      },
      {
        "y": 24817.57798,
        "time": "2009/08/29 08:30:00"
      },
      {
        "y": 23744.37804,
        "time": "2009/08/29 08:45:00"
      },
      {
        "y": 23184.18992,
        "time": "2009/08/29 09:00:00"
      },
      {
        "y": 18684.91643,
        "time": "2009/08/29 09:15:00"
      },
      {
        "y": 25635.31095,
        "time": "2009/08/29 09:30:00"
      },
      {
        "y": 26632.72307,
        "time": "2009/08/29 09:45:00"
      },
      {
        "y": 25920.65417,
        "time": "2009/08/29 10:00:00"
      },
      {
        "y": 24276.17414,
        "time": "2009/08/29 10:15:00"
      },
      {
        "y": 23966.96612,
        "time": "2009/08/29 10:30:00"
      },
      {
        "y": 24091.66261,
        "time": "2009/08/29 10:45:00"
      },
      {
        "y": 24581.71072,
        "time": "2009/08/29 11:00:00"
      },
      {
        "y": 22402.80671,
        "time": "2009/08/29 11:15:00"
      },
      {
        "y": 26180.35409,
        "time": "2009/08/29 11:30:00"
      },
      {
        "y": 22208.87347,
        "time": "2009/08/29 11:45:00"
      },
      {
        "y": 31633.68157,
        "time": "2009/08/29 12:00:00"
      },
      {
        "y": 22893.13676,
        "time": "2009/08/29 12:15:00"
      },
      {
        "y": 22128.65491,
        "time": "2009/08/29 12:30:00"
      },
      {
        "y": 22071.8852,
        "time": "2009/08/29 12:45:00"
      },
      {
        "y": 30334.52059,
        "time": "2009/08/29 13:00:00"
      },
      {
        "y": 33336.49766,
        "time": "2009/08/29 13:15:00"
      },
      {
        "y": 21879.90876,
        "time": "2009/08/29 13:30:00"
      },
      {
        "y": 27496.65269,
        "time": "2009/08/29 13:45:00"
      },
      {
        "y": 24536.96828,
        "time": "2009/08/29 14:00:00"
      },
      {
        "y": 28423.69225,
        "time": "2009/08/29 14:15:00"
      },
      {
        "y": 24702.75715,
        "time": "2009/08/29 14:30:00"
      },
      {
        "y": 30074.13815,
        "time": "2009/08/29 14:45:00"
      },
      {
        "y": 23307.89447,
        "time": "2009/08/29 15:00:00"
      },
      {
        "y": 27853.66351,
        "time": "2009/08/29 15:15:00"
      },
      {
        "y": 33382.10896,
        "time": "2009/08/29 15:30:00"
      },
      {
        "y": 33051.97902,
        "time": "2009/08/29 15:45:00"
      },
      {
        "y": 32704.93766,
        "time": "2009/08/29 16:00:00"
      },
      {
        "y": 21666.69279,
        "time": "2009/08/29 16:15:00"
      },
      {
        "y": 27766.91443,
        "time": "2009/08/29 16:30:00"
      },
      {
        "y": 32912.15611,
        "time": "2009/08/29 16:45:00"
      },
      {
        "y": 32545.8149,
        "time": "2009/08/29 17:00:00"
      },
      {
        "y": 30807.82121,
        "time": "2009/08/29 17:15:00"
      },
      {
        "y": 21269.74934,
        "time": "2009/08/29 17:30:00"
      },
      {
        "y": 30330.00578,
        "time": "2009/08/29 17:45:00"
      },
      {
        "y": 32464.47924,
        "time": "2009/08/29 18:00:00"
      },
      {
        "y": 32541.14164,
        "time": "2009/08/29 18:15:00"
      },
      {
        "y": 30255.22248,
        "time": "2009/08/29 18:30:00"
      },
      {
        "y": 27051.75641,
        "time": "2009/08/29 18:45:00"
      },
      {
        "y": 29689.08594,
        "time": "2009/08/29 19:00:00"
      },
      {
        "y": 29091.88021,
        "time": "2009/08/29 19:15:00"
      },
      {
        "y": 26779.59644,
        "time": "2009/08/29 19:30:00"
      },
      {
        "y": 25132.32236,
        "time": "2009/08/29 19:45:00"
      },
      {
        "y": 28033.26,
        "time": "2009/08/29 20:00:00"
      },
      {
        "y": 22790.16736,
        "time": "2009/08/29 20:15:00"
      },
      {
        "y": 23018.98327,
        "time": "2009/08/29 20:30:00"
      },
      {
        "y": 23092.9846,
        "time": "2009/08/29 20:45:00"
      },
      {
        "y": 28904.16955,
        "time": "2009/08/29 21:00:00"
      },
      {
        "y": 27305.14076,
        "time": "2009/08/29 21:15:00"
      },
      {
        "y": 25253.9825,
        "time": "2009/08/29 21:30:00"
      },
      {
        "y": 21600.40444,
        "time": "2009/08/29 21:45:00"
      },
      {
        "y": 0.0,
        "time": "2009/08/29 22:00:00"
      },
      {
        "y": 0.0,
        "time": "2009/08/29 22:15:00"
      },
      {
        "y": 0.0,
        "time": "2009/08/29 22:30:00"
      },
      {
        "y": 0.0,
        "time": "2009/08/29 22:45:00"
      },
      {
        "y": 0.0,
        "time": "2009/08/29 23:00:00"
      },
      {
        "y": 0.0,
        "time": "2009/08/29 23:15:00"
      },
      {
        "y": 0.0,
        "time": "2009/08/29 23:30:00"
      },
      {
        "y": 0.0,
        "time": "2009/08/29 23:45:00"
      }
    ],
    "cvrmse": 37.096313,
    "nmbe": -11.179574
  }
]