[
  {
    "name": "Rooftop Cooling Coil Simulated",
    "type": "Cooling Coil Electric Energy",
    "color": "blue",
    "units": "J",
    "displayname": "Cooling Consumption",
    "data": [
      {
        "y": 0.0,
        "time": "2009/08/27 00:00:00"
      },
      {
        "y": 0.0,
        "time": "2009/08/27 00:15:00"
      },
      {
        "y": 0.0,
        "time": "2009/08/27 00:30:00"
      },
      {
        "y": 0.0,
        "time": "2009/08/27 00:45:00"
      },
      {
        "y": 0.0,
        "time": "2009/08/27 01:00:00"
      },
      {
        "y": 0.0,
        "time": "2009/08/27 01:15:00"
      },
      {
        "y": 0.0,
        "time": "2009/08/27 01:30:00"
      },
      {
        "y": 0.0,
        "time": "2009/08/27 01:45:00"
      },
      {
        "y": 0.0,
        "time": "2009/08/27 02:00:00"
      },
      {
        "y": 0.0,
        "time": "2009/08/27 02:15:00"
      },
      {
        "y": 0.0,
        "time": "2009/08/27 02:30:00"
      },
      {
        "y": 0.0,
        "time": "2009/08/27 02:45:00"
      },
      {
        "y": 0.0,
        "time": "2009/08/27 03:00:00"
      },
      {
        "y": 0.0,
        "time": "2009/08/27 03:15:00"
      },
      {
        "y": 0.0,
        "time": "2009/08/27 03:30:00"
      },
      {
        "y": 0.0,
        "time": "2009/08/27 03:45:00"
      },
      {
        "y": 0.0,
        "time": "2009/08/27 04:00:00"
      },
      {
        "y": 0.0,
        "time": "2009/08/27 04:15:00"
      },
      {
        "y": 0.0,
        "time": "2009/08/27 04:30:00"
      },
      {
        "y": 0.0,
        "time": "2009/08/27 04:45:00"
      },
      {
        "y": 0.0,
        "time": "2009/08/27 05:00:00"
      },
      {
        "y": 0.0,
        "time": "2009/08/27 05:15:00"
      },
      {
        "y": 0.0,
        "time": "2009/08/27 05:30:00"
      },
      {
        "y": 0.0,
        "time": "2009/08/27 05:45:00"
      },
      {
        "y": 0.0,
        "time": "2009/08/27 06:00:00"
      },
      {
        "y": 0.0,
        "time": "2009/08/27 06:15:00"
      },
      {
        "y": 0.0,
        "time": "2009/08/27 06:30:00"
      },
      {
        "y": 6995313.847838,
        "time": "2009/08/27 06:45:00"
      },
      {
        "y": 5572309.407373,
        "time": "2009/08/27 07:00:00"
      },
      {
        "y": 4695868.288439,
        "time": "2009/08/27 07:15:00"
      },
      {
        "y": 4474133.930586,
        "time": "2009/08/27 07:30:00"
      },
      {
        "y": 4389911.948513,
        "time": "2009/08/27 07:45:00"
      },
      {
        "y": 4348618.359298,
        "time": "2009/08/27 08:00:00"
      },
      {
        "y": 4307679.276086,
        "time": "2009/08/27 08:15:00"
      },
      {
        "y": 4276898.565804,
        "time": "2009/08/27 08:30:00"
      },
      {
        "y": 4287297.905846,
        "time": "2009/08/27 08:45:00"
      },
      {
        "y": 4344701.714728,
        "time": "2009/08/27 09:00:00"
      },
      {
        "y": 4380622.721926,
        "time": "2009/08/27 09:15:00"
      },
      {
        "y": 4413376.111341,
        "time": "2009/08/27 09:30:00"
      },
      {
        "y": 4444320.930359,
        "time": "2009/08/27 09:45:00"
      },
      {
        "y": 4548402.940966,
        "time": "2009/08/27 10:00:00"
      },
      {
        "y": 4648169.549302,
        "time": "2009/08/27 10:15:00"
      },
      {
        "y": 4842068.388559,
        "time": "2009/08/27 10:30:00"
      },
      {
        "y": 4933473.384797,
        "time": "2009/08/27 10:45:00"
      },
      {
        "y": 5081295.293043,
        "time": "2009/08/27 11:00:00"
      },
      {
        "y": 5134741.247193,
        "time": "2009/08/27 11:15:00"
      },
      {
        "y": 5231045.80494,
        "time": "2009/08/27 11:30:00"
      },
      {
        "y": 5313795.73109,
        "time": "2009/08/27 11:45:00"
      },
      {
        "y": 5394109.102175,
        "time": "2009/08/27 12:00:00"
      },
      {
        "y": 5479112.709068,
        "time": "2009/08/27 12:15:00"
      },
      {
        "y": 5554888.249533,
        "time": "2009/08/27 12:30:00"
      },
      {
        "y": 5680034.036247,
        "time": "2009/08/27 12:45:00"
      },
      {
        "y": 5825081.774353,
        "time": "2009/08/27 13:00:00"
      },
      {
        "y": 5962051.378172,
        "time": "2009/08/27 13:15:00"
      },
      {
        "y": 6030935.682192,
        "time": "2009/08/27 13:30:00"
      },
      {
        "y": 6145878.087264,
        "time": "2009/08/27 13:45:00"
      },
      {
        "y": 6227063.498689,
        "time": "2009/08/27 14:00:00"
      },
      {
        "y": 6324966.207886,
        "time": "2009/08/27 14:15:00"
      },
      {
        "y": 6428606.54732,
        "time": "2009/08/27 14:30:00"
      },
      {
        "y": 6505920.418245,
        "time": "2009/08/27 14:45:00"
      },
      {
        "y": 6531718.718012,
        "time": "2009/08/27 15:00:00"
      },
      {
        "y": 6645537.70902,
        "time": "2009/08/27 15:15:00"
      },
      {
        "y": 6807264.044839,
        "time": "2009/08/27 15:30:00"
      },
      {
        "y": 6813056.819127,
        "time": "2009/08/27 15:45:00"
      },
      {
        "y": 6768478.13854,
        "time": "2009/08/27 16:00:00"
      },
      {
        "y": 6853665.355306,
        "time": "2009/08/27 16:15:00"
      },
      {
        "y": 6887984.773035,
        "time": "2009/08/27 16:30:00"
      },
      {
        "y": 6799574.112684,
        "time": "2009/08/27 16:45:00"
      },
      {
        "y": 6832558.975197,
        "time": "2009/08/27 17:00:00"
      },
      {
        "y": 6891498.05536,
        "time": "2009/08/27 17:15:00"
      },
      {
        "y": 6957021.257271,
        "time": "2009/08/27 17:30:00"
      },
      {
        "y": 6968503.40487,
        "time": "2009/08/27 17:45:00"
      },
      {
        "y": 6762951.11771,
        "time": "2009/08/27 18:00:00"
      },
      {
        "y": 6429586.979385,
        "time": "2009/08/27 18:15:00"
      },
      {
        "y": 6216891.538615,
        "time": "2009/08/27 18:30:00"
      },
      {
        "y": 6171905.087627,
        "time": "2009/08/27 18:45:00"
      },
      {
        "y": 6250359.56938,
        "time": "2009/08/27 19:00:00"
      },
      {
        "y": 6304269.969581,
        "time": "2009/08/27 19:15:00"
      },
      {
        "y": 6156409.463627,
        "time": "2009/08/27 19:30:00"
      },
      {
        "y": 6003510.850141,
        "time": "2009/08/27 19:45:00"
      },
      {
        "y": 5853848.594209,
        "time": "2009/08/27 20:00:00"
      },
      {
        "y": 5745832.883793,
        "time": "2009/08/27 20:15:00"
      },
      {
        "y": 5594730.490321,
        "time": "2009/08/27 20:30:00"
      },
      {
        "y": 5407032.276486,
        "time": "2009/08/27 20:45:00"
      },
      {
        "y": 5298177.512306,
        "time": "2009/08/27 21:00:00"
      },
      {
        "y": 5217746.685975,
        "time": "2009/08/27 21:15:00"
      },
      {
        "y": 5110370.908245,
        "time": "2009/08/27 21:30:00"
      },
      {
        "y": 5024330.780877,
        "time": "2009/08/27 21:45:00"
      },
      {
        "y": 0.0,
        "time": "2009/08/27 22:00:00"
      },
      {
        "y": 0.0,
        "time": "2009/08/27 22:15:00"
      },
      {
        "y": 0.0,
        "time": "2009/08/27 22:30:00"
      },
      {
        "y": 0.0,
        "time": "2009/08/27 22:45:00"
      },
      {
        "y": 0.0,
        "time": "2009/08/27 23:00:00"
      },
      {
        "y": 0.0,
        "time": "2009/08/27 23:15:00"
      },
      {
        "y": 0.0,
        "time": "2009/08/27 23:30:00"
      },
      {
        "y": 0.0,
        "time": "2009/08/27 23:45:00"
      }
    ],
    "cvrmse": 31.131698,
    "nmbe": 14.209867
  },
  {
    "name": "Rooftop Cooling Coil Metered",
    "type": "Cooling Coil Electric Energy",
    "color": "red",
    "units": "J",
    "displayname": "Cooling Consumption",
    "data": [
      {
        "y": 97888.932,
        "time": "2009/08/27 00:00:00"
      },
      {
        "y": 97888.932,
        "time": "2009/08/27 00:15:00"
      },
      {
        "y": 98719.92,
        "time": "2009/08/27 00:30:00"
      },
      {
        "y": 97888.932,
        "time": "2009/08/27 00:45:00"
      },
      {
        "y": 98719.92,
        "time": "2009/08/27 01:00:00"
      },
      {
        "y": 97888.932,
        "time": "2009/08/27 01:15:00"
      },
      {
        "y": 98719.92,
        "time": "2009/08/27 01:30:00"
      },
      {
        "y": 98719.92,
        "time": "2009/08/27 01:45:00"
      },
      {
        "y": 98719.92,
        "time": "2009/08/27 02:00:00"
      },
      {
        "y": 98553.708,
        "time": "2009/08/27 02:15:00"
      },
      {
        "y": 98719.92,
        "time": "2009/08/27 02:30:00"
      },
      {
        "y": 98553.708,
        "time": "2009/08/27 02:45:00"
      },
      {
        "y": 98719.92,
        "time": "2009/08/27 03:00:00"
      },
      {
        "y": 98719.92,
        "time": "2009/08/27 03:15:00"
      },
      {
        "y": 98553.708,
        "time": "2009/08/27 03:30:00"
      },
      {
        "y": 98719.92,
        "time": "2009/08/27 03:45:00"
      },
      {
        "y": 99384.696,
        "time": "2009/08/27 04:00:00"
      },
      {
        "y": 98719.92,
        "time": "2009/08/27 04:15:00"
      },
      {
        "y": 98553.708,
        "time": "2009/08/27 04:30:00"
      },
      {
        "y": 99550.908,
        "time": "2009/08/27 04:45:00"
      },
      {
        "y": 98553.708,
        "time": "2009/08/27 05:00:00"
      },
      {
        "y": 98553.708,
        "time": "2009/08/27 05:15:00"
      },
      {
        "y": 99550.908,
        "time": "2009/08/27 05:30:00"
      },
      {
        "y": 99384.696,
        "time": "2009/08/27 05:45:00"
      },
      {
        "y": 97888.932,
        "time": "2009/08/27 06:00:00"
      },
      {
        "y": 97888.932,
        "time": "2009/08/27 06:15:00"
      },
      {
        "y": 98055.144,
        "time": "2009/08/27 06:30:00"
      },
      {
        "y": 1053302.76,
        "time": "2009/08/27 06:45:00"
      },
      {
        "y": 6572113.92,
        "time": "2009/08/27 07:00:00"
      },
      {
        "y": 6783348.96,
        "time": "2009/08/27 07:15:00"
      },
      {
        "y": 6564467.16,
        "time": "2009/08/27 07:30:00"
      },
      {
        "y": 2951166.6,
        "time": "2009/08/27 07:45:00"
      },
      {
        "y": 5378648.4,
        "time": "2009/08/27 08:00:00"
      },
      {
        "y": 5206135.68,
        "time": "2009/08/27 08:15:00"
      },
      {
        "y": 4945871.88,
        "time": "2009/08/27 08:30:00"
      },
      {
        "y": 4899832.2,
        "time": "2009/08/27 08:45:00"
      },
      {
        "y": 5334939.36,
        "time": "2009/08/27 09:00:00"
      },
      {
        "y": 5631436.44,
        "time": "2009/08/27 09:15:00"
      },
      {
        "y": 5077499.4,
        "time": "2009/08/27 09:30:00"
      },
      {
        "y": 4958004.6,
        "time": "2009/08/27 09:45:00"
      },
      {
        "y": 5236052.04,
        "time": "2009/08/27 10:00:00"
      },
      {
        "y": 6600202.56,
        "time": "2009/08/27 10:15:00"
      },
      {
        "y": 6141162.24,
        "time": "2009/08/27 10:30:00"
      },
      {
        "y": 6141496.32,
        "time": "2009/08/27 10:45:00"
      },
      {
        "y": 6132687.48,
        "time": "2009/08/27 11:00:00"
      },
      {
        "y": 6421537.8,
        "time": "2009/08/27 11:15:00"
      },
      {
        "y": 6549677.28,
        "time": "2009/08/27 11:30:00"
      },
      {
        "y": 6554001.24,
        "time": "2009/08/27 11:45:00"
      },
      {
        "y": 6608344.32,
        "time": "2009/08/27 12:00:00"
      },
      {
        "y": 6739476.48,
        "time": "2009/08/27 12:15:00"
      },
      {
        "y": 5629609.08,
        "time": "2009/08/27 12:30:00"
      },
      {
        "y": 6849997.92,
        "time": "2009/08/27 12:45:00"
      },
      {
        "y": 5727664.08,
        "time": "2009/08/27 13:00:00"
      },
      {
        "y": 7562819.16,
        "time": "2009/08/27 13:15:00"
      },
      {
        "y": 7156798.92,
        "time": "2009/08/27 13:30:00"
      },
      {
        "y": 7722368.28,
        "time": "2009/08/27 13:45:00"
      },
      {
        "y": 5727832.56,
        "time": "2009/08/27 14:00:00"
      },
      {
        "y": 9179586.72,
        "time": "2009/08/27 14:15:00"
      },
      {
        "y": 5872588.56,
        "time": "2009/08/27 14:30:00"
      },
      {
        "y": 8969515.92,
        "time": "2009/08/27 14:45:00"
      },
      {
        "y": 6942236.76,
        "time": "2009/08/27 15:00:00"
      },
      {
        "y": 7976815.2,
        "time": "2009/08/27 15:15:00"
      },
      {
        "y": 9177262.56,
        "time": "2009/08/27 15:30:00"
      },
      {
        "y": 5948211.24,
        "time": "2009/08/27 15:45:00"
      },
      {
        "y": 10592103.24,
        "time": "2009/08/27 16:00:00"
      },
      {
        "y": 6931102.68,
        "time": "2009/08/27 16:15:00"
      },
      {
        "y": 9421241.4,
        "time": "2009/08/27 16:30:00"
      },
      {
        "y": 8373363.84,
        "time": "2009/08/27 16:45:00"
      },
      {
        "y": 8044791.48,
        "time": "2009/08/27 17:00:00"
      },
      {
        "y": 9449825.76,
        "time": "2009/08/27 17:15:00"
      },
      {
        "y": 6938913.96,
        "time": "2009/08/27 17:30:00"
      },
      {
        "y": 10447842.24,
        "time": "2009/08/27 17:45:00"
      },
      {
        "y": 6345420.84,
        "time": "2009/08/27 18:00:00"
      },
      {
        "y": 8642603.52,
        "time": "2009/08/27 18:15:00"
      },
      {
        "y": 7862971.68,
        "time": "2009/08/27 18:30:00"
      },
      {
        "y": 5819572.8,
        "time": "2009/08/27 18:45:00"
      },
      {
        "y": 8040637.8,
        "time": "2009/08/27 19:00:00"
      },
      {
        "y": 6816757.32,
        "time": "2009/08/27 19:15:00"
      },
      {
        "y": 6505637.04,
        "time": "2009/08/27 19:30:00"
      },
      {
        "y": 6460264.44,
        "time": "2009/08/27 19:45:00"
      },
      {
        "y": 6428353.32,
        "time": "2009/08/27 20:00:00"
      },
      {
        "y": 6360046.2,
        "time": "2009/08/27 20:15:00"
      },
      {
        "y": 6315504.84,
        "time": "2009/08/27 20:30:00"
      },
      {
        "y": 5276769.84,
        "time": "2009/08/27 20:45:00"
      },
      {
        "y": 6283427.4,
        "time": "2009/08/27 21:00:00"
      },
      {
        "y": 5557476.96,
        "time": "2009/08/27 21:15:00"
      },
      {
        "y": 6850662.84,
        "time": "2009/08/27 21:30:00"
      },
      {
        "y": 2958399.0,
        "time": "2009/08/27 21:45:00"
      },
      {
        "y": 97057.944,
        "time": "2009/08/27 22:00:00"
      },
      {
        "y": 98719.92,
        "time": "2009/08/27 22:15:00"
      },
      {
        "y": 97888.932,
        "time": "2009/08/27 22:30:00"
      },
      {
        "y": 97057.944,
        "time": "2009/08/27 22:45:00"
      },
      {
        "y": 97224.156,
        "time": "2009/08/27 23:00:00"
      },
      {
        "y": 97888.932,
        "time": "2009/08/27 23:15:00"
      },
      {
        "y": 97057.944,
        "time": "2009/08/27 23:30:00"
      },
      {
        "y": 97224.156,
        "time": "2009/08/27 23:45:00"
      }
    ],
    "cvrmse": 31.131698,
    "nmbe": 14.209867
  }
]