[
  {
    "name": "Rooftop Cooling Coil Simulated",
    "type": "Cooling Coil Electric Energy",
    "color": "blue",
    "units": "J",
    "displayname": "Cooling Consumption",
    "data": [
      {
        "y": 0.0,
        "time": "2009/08/27 00:00:00"
      },
      {
        "y": 0.0,
        "time": "2009/08/27 00:15:00"
      },
      {
        "y": 0.0,
        "time": "2009/08/27 00:30:00"
      },
      {
        "y": 0.0,
        "time": "2009/08/27 00:45:00"
      },
      {
        "y": 0.0,
        "time": "2009/08/27 01:00:00"
      },
      {
        "y": 0.0,
        "time": "2009/08/27 01:15:00"
      },
      {
        "y": 0.0,
        "time": "2009/08/27 01:30:00"
      },
      {
        "y": 0.0,
        "time": "2009/08/27 01:45:00"
      },
      {
        "y": 0.0,
        "time": "2009/08/27 02:00:00"
      },
      {
        "y": 0.0,
        "time": "2009/08/27 02:15:00"
      },
      {
        "y": 0.0,
        "time": "2009/08/27 02:30:00"
      },
      {
        "y": 0.0,
        "time": "2009/08/27 02:45:00"
      },
      {
        "y": 0.0,
        "time": "2009/08/27 03:00:00"
      },
      {
        "y": 0.0,
        "time": "2009/08/27 03:15:00"
      },
      {
        "y": 0.0,
        "time": "2009/08/27 03:30:00"
      },
      {
        "y": 0.0,
        "time": "2009/08/27 03:45:00"
      },
      {
        "y": 0.0,
        "time": "2009/08/27 04:00:00"
      },
      {
        "y": 0.0,
        "time": "2009/08/27 04:15:00"
      },
      {
        "y": 0.0,
        "time": "2009/08/27 04:30:00"
      },
      {
        "y": 0.0,
        "time": "2009/08/27 04:45:00"
      },
      {
        "y": 0.0,
        "time": "2009/08/27 05:00:00"
      },
      {
        "y": 0.0,
        "time": "2009/08/27 05:15:00"
      },
      {
        "y": 0.0,
        "time": "2009/08/27 05:30:00"
      },
      {
        "y": 0.0,
        "time": "2009/08/27 05:45:00"
      },
      {
        "y": 0.0,
        "time": "2009/08/27 06:00:00"
      },
      {
        "y": 0.0,
        "time": "2009/08/27 06:15:00"
      },
      {
        "y": 0.0,
        "time": "2009/08/27 06:30:00"
      },
      {
        "y": 0.0,
        "time": "2009/08/27 06:45:00"
      },
      {
        "y": 10097635.295095,
        "time": "2009/08/27 07:00:00"
      },
      {
        "y": 7568471.886017,
        "time": "2009/08/27 07:15:00"
      },
      {
        "y": 5989399.314595,
        "time": "2009/08/27 07:30:00"
      },
      {
        "y": 5318651.98788,
        "time": "2009/08/27 07:45:00"
      },
      {
        "y": 5141944.5582,
        "time": "2009/08/27 08:00:00"
      },
      {
        "y": 5148978.334302,
        "time": "2009/08/27 08:15:00"
      },
      {
        "y": 5104880.115905,
        "time": "2009/08/27 08:30:00"
      },
      {
        "y": 5109358.482916,
        "time": "2009/08/27 08:45:00"
      },
      {
        "y": 5167910.807423,
        "time": "2009/08/27 09:00:00"
      },
      {
        "y": 5228129.027139,
        "time": "2009/08/27 09:15:00"
      },
      {
        "y": 5287334.655452,
        "time": "2009/08/27 09:30:00"
      },
      {
        "y": 5332399.863746,
        "time": "2009/08/27 09:45:00"
      },
      {
        "y": 5499359.325939,
        "time": "2009/08/27 10:00:00"
      },
      {
        "y": 5664389.899013,
        "time": "2009/08/27 10:15:00"
      },
      {
        "y": 5945410.997529,
        "time": "2009/08/27 10:30:00"
      },
      {
        "y": 6070696.621425,
        "time": "2009/08/27 10:45:00"
      },
      {
        "y": 6255871.146292,
        "time": "2009/08/27 11:00:00"
      },
      {
        "y": 6326831.872341,
        "time": "2009/08/27 11:15:00"
      },
      {
        "y": 6445285.188139,
        "time": "2009/08/27 11:30:00"
      },
      {
        "y": 6557086.894471,
        "time": "2009/08/27 11:45:00"
      },
      {
        "y": 6659955.630254,
        "time": "2009/08/27 12:00:00"
      },
      {
        "y": 6773124.572011,
        "time": "2009/08/27 12:15:00"
      },
      {
        "y": 6880960.845605,
        "time": "2009/08/27 12:30:00"
      },
      {
        "y": 7006318.591713,
        "time": "2009/08/27 12:45:00"
      },
      {
        "y": 7132507.691929,
        "time": "2009/08/27 13:00:00"
      },
      {
        "y": 7248596.005953,
        "time": "2009/08/27 13:15:00"
      },
      {
        "y": 7306873.21661,
        "time": "2009/08/27 13:30:00"
      },
      {
        "y": 7411492.406705,
        "time": "2009/08/27 13:45:00"
      },
      {
        "y": 7484064.500188,
        "time": "2009/08/27 14:00:00"
      },
      {
        "y": 7564080.22861,
        "time": "2009/08/27 14:15:00"
      },
      {
        "y": 7653533.544893,
        "time": "2009/08/27 14:30:00"
      },
      {
        "y": 7725226.980062,
        "time": "2009/08/27 14:45:00"
      },
      {
        "y": 7745709.944971,
        "time": "2009/08/27 15:00:00"
      },
      {
        "y": 7844599.771919,
        "time": "2009/08/27 15:15:00"
      },
      {
        "y": 8004767.230017,
        "time": "2009/08/27 15:30:00"
      },
      {
        "y": 8031007.107795,
        "time": "2009/08/27 15:45:00"
      },
      {
        "y": 7983459.904032,
        "time": "2009/08/27 16:00:00"
      },
      {
        "y": 8083177.003527,
        "time": "2009/08/27 16:15:00"
      },
      {
        "y": 8120225.858684,
        "time": "2009/08/27 16:30:00"
      },
      {
        "y": 8012821.191015,
        "time": "2009/08/27 16:45:00"
      },
      {
        "y": 8047569.698665,
        "time": "2009/08/27 17:00:00"
      },
      {
        "y": 8111103.738564,
        "time": "2009/08/27 17:15:00"
      },
      {
        "y": 8180481.358983,
        "time": "2009/08/27 17:30:00"
      },
      {
        "y": 8187228.131618,
        "time": "2009/08/27 17:45:00"
      },
      {
        "y": 7942485.762123,
        "time": "2009/08/27 18:00:00"
      },
      {
        "y": 7613916.550377,
        "time": "2009/08/27 18:15:00"
      },
      {
        "y": 7426956.884386,
        "time": "2009/08/27 18:30:00"
      },
      {
        "y": 7381877.390927,
        "time": "2009/08/27 18:45:00"
      },
      {
        "y": 7456613.639682,
        "time": "2009/08/27 19:00:00"
      },
      {
        "y": 7521196.960139,
        "time": "2009/08/27 19:15:00"
      },
      {
        "y": 7391838.688047,
        "time": "2009/08/27 19:30:00"
      },
      {
        "y": 7284418.478746,
        "time": "2009/08/27 19:45:00"
      },
      {
        "y": 7194060.244561,
        "time": "2009/08/27 20:00:00"
      },
      {
        "y": 7125266.943795,
        "time": "2009/08/27 20:15:00"
      },
      {
        "y": 7037963.254954,
        "time": "2009/08/27 20:30:00"
      },
      {
        "y": 6924290.149005,
        "time": "2009/08/27 20:45:00"
      },
      {
        "y": 6845647.618798,
        "time": "2009/08/27 21:00:00"
      },
      {
        "y": 6762872.867734,
        "time": "2009/08/27 21:15:00"
      },
      {
        "y": 6660717.87906,
        "time": "2009/08/27 21:30:00"
      },
      {
        "y": 0.0,
        "time": "2009/08/27 21:45:00"
      },
      {
        "y": 0.0,
        "time": "2009/08/27 22:00:00"
      },
      {
        "y": 0.0,
        "time": "2009/08/27 22:15:00"
      },
      {
        "y": 0.0,
        "time": "2009/08/27 22:30:00"
      },
      {
        "y": 0.0,
        "time": "2009/08/27 22:45:00"
      },
      {
        "y": 0.0,
        "time": "2009/08/27 23:00:00"
      },
      {
        "y": 0.0,
        "time": "2009/08/27 23:15:00"
      },
      {
        "y": 0.0,
        "time": "2009/08/27 23:30:00"
      },
      {
        "y": 0.0,
        "time": "2009/08/27 23:45:00"
      }
    ],
    "cvrmse": 22.225525,
    "nmbe": -1.466026
  },
  {
    "name": "Rooftop Cooling Coil Metered",
    "type": "Cooling Coil Electric Energy",
    "color": "red",
    "units": "J",
    "displayname": "Cooling Consumption",
    "data": [
      {
        "y": 97888.932,
        "time": "2009/08/27 00:00:00"
      },
      {
        "y": 97888.932,
        "time": "2009/08/27 00:15:00"
      },
      {
        "y": 98719.92,
        "time": "2009/08/27 00:30:00"
      },
      {
        "y": 97888.932,
        "time": "2009/08/27 00:45:00"
      },
      {
        "y": 98719.92,
        "time": "2009/08/27 01:00:00"
      },
      {
        "y": 97888.932,
        "time": "2009/08/27 01:15:00"
      },
      {
        "y": 98719.92,
        "time": "2009/08/27 01:30:00"
      },
      {
        "y": 98719.92,
        "time": "2009/08/27 01:45:00"
      },
      {
        "y": 98719.92,
        "time": "2009/08/27 02:00:00"
      },
      {
        "y": 98553.708,
        "time": "2009/08/27 02:15:00"
      },
      {
        "y": 98719.92,
        "time": "2009/08/27 02:30:00"
      },
      {
        "y": 98553.708,
        "time": "2009/08/27 02:45:00"
      },
      {
        "y": 98719.92,
        "time": "2009/08/27 03:00:00"
      },
      {
        "y": 98719.92,
        "time": "2009/08/27 03:15:00"
      },
      {
        "y": 98553.708,
        "time": "2009/08/27 03:30:00"
      },
      {
        "y": 98719.92,
        "time": "2009/08/27 03:45:00"
      },
      {
        "y": 99384.696,
        "time": "2009/08/27 04:00:00"
      },
      {
        "y": 98719.92,
        "time": "2009/08/27 04:15:00"
      },
      {
        "y": 98553.708,
        "time": "2009/08/27 04:30:00"
      },
      {
        "y": 99550.908,
        "time": "2009/08/27 04:45:00"
      },
      {
        "y": 98553.708,
        "time": "2009/08/27 05:00:00"
      },
      {
        "y": 98553.708,
        "time": "2009/08/27 05:15:00"
      },
      {
        "y": 99550.908,
        "time": "2009/08/27 05:30:00"
      },
      {
        "y": 99384.696,
        "time": "2009/08/27 05:45:00"
      },
      {
        "y": 97888.932,
        "time": "2009/08/27 06:00:00"
      },
      {
        "y": 97888.932,
        "time": "2009/08/27 06:15:00"
      },
      {
        "y": 98055.144,
        "time": "2009/08/27 06:30:00"
      },
      {
        "y": 1053302.76,
        "time": "2009/08/27 06:45:00"
      },
      {
        "y": 6572113.92,
        "time": "2009/08/27 07:00:00"
      },
      {
        "y": 6783348.96,
        "time": "2009/08/27 07:15:00"
      },
      {
        "y": 6564467.16,
        "time": "2009/08/27 07:30:00"
      },
      {
        "y": 2951166.6,
        "time": "2009/08/27 07:45:00"
      },
      {
        "y": 5378648.4,
        "time": "2009/08/27 08:00:00"
      },
      {
        "y": 5206135.68,
        "time": "2009/08/27 08:15:00"
      },
      {
        "y": 4945871.88,
        "time": "2009/08/27 08:30:00"
      },
      {
        "y": 4899832.2,
        "time": "2009/08/27 08:45:00"
      },
      {
        "y": 5334939.36,
        "time": "2009/08/27 09:00:00"
      },
      {
        "y": 5631436.44,
        "time": "2009/08/27 09:15:00"
      },
      {
        "y": 5077499.4,
        "time": "2009/08/27 09:30:00"
      },
      {
        "y": 4958004.6,
        "time": "2009/08/27 09:45:00"
      },
      {
        "y": 5236052.04,
        "time": "2009/08/27 10:00:00"
      },
      {
        "y": 6600202.56,
        "time": "2009/08/27 10:15:00"
      },
      {
        "y": 6141162.24,
        "time": "2009/08/27 10:30:00"
      },
      {
        "y": 6141496.32,
        "time": "2009/08/27 10:45:00"
      },
      {
        "y": 6132687.48,
        "time": "2009/08/27 11:00:00"
      },
      {
        "y": 6421537.8,
        "time": "2009/08/27 11:15:00"
      },
      {
        "y": 6549677.28,
        "time": "2009/08/27 11:30:00"
      },
      {
        "y": 6554001.24,
        "time": "2009/08/27 11:45:00"
      },
      {
        "y": 6608344.32,
        "time": "2009/08/27 12:00:00"
      },
      {
        "y": 6739476.48,
        "time": "2009/08/27 12:15:00"
      },
      {
        "y": 5629609.08,
        "time": "2009/08/27 12:30:00"
      },
      {
        "y": 6849997.92,
        "time": "2009/08/27 12:45:00"
      },
      {
        "y": 5727664.08,
        "time": "2009/08/27 13:00:00"
      },
      {
        "y": 7562819.16,
        "time": "2009/08/27 13:15:00"
      },
      {
        "y": 7156798.92,
        "time": "2009/08/27 13:30:00"
      },
      {
        "y": 7722368.28,
        "time": "2009/08/27 13:45:00"
      },
      {
        "y": 5727832.56,
        "time": "2009/08/27 14:00:00"
      },
      {
        "y": 9179586.72,
        "time": "2009/08/27 14:15:00"
      },
      {
        "y": 5872588.56,
        "time": "2009/08/27 14:30:00"
      },
      {
        "y": 8969515.92,
        "time": "2009/08/27 14:45:00"
      },
      {
        "y": 6942236.76,
        "time": "2009/08/27 15:00:00"
      },
      {
        "y": 7976815.2,
        "time": "2009/08/27 15:15:00"
      },
      {
        "y": 9177262.56,
        "time": "2009/08/27 15:30:00"
      },
      {
        "y": 5948211.24,
        "time": "2009/08/27 15:45:00"
      },
      {
        "y": 10592103.24,
        "time": "2009/08/27 16:00:00"
      },
      {
        "y": 6931102.68,
        "time": "2009/08/27 16:15:00"
      },
      {
        "y": 9421241.4,
        "time": "2009/08/27 16:30:00"
      },
      {
        "y": 8373363.84,
        "time": "2009/08/27 16:45:00"
      },
      {
        "y": 8044791.48,
        "time": "2009/08/27 17:00:00"
      },
      {
        "y": 9449825.76,
        "time": "2009/08/27 17:15:00"
      },
      {
        "y": 6938913.96,
        "time": "2009/08/27 17:30:00"
      },
      {
        "y": 10447842.24,
        "time": "2009/08/27 17:45:00"
      },
      {
        "y": 6345420.84,
        "time": "2009/08/27 18:00:00"
      },
      {
        "y": 8642603.52,
        "time": "2009/08/27 18:15:00"
      },
      {
        "y": 7862971.68,
        "time": "2009/08/27 18:30:00"
      },
      {
        "y": 5819572.8,
        "time": "2009/08/27 18:45:00"
      },
      {
        "y": 8040637.8,
        "time": "2009/08/27 19:00:00"
      },
      {
        "y": 6816757.32,
        "time": "2009/08/27 19:15:00"
      },
      {
        "y": 6505637.04,
        "time": "2009/08/27 19:30:00"
      },
      {
        "y": 6460264.44,
        "time": "2009/08/27 19:45:00"
      },
      {
        "y": 6428353.32,
        "time": "2009/08/27 20:00:00"
      },
      {
        "y": 6360046.2,
        "time": "2009/08/27 20:15:00"
      },
      {
        "y": 6315504.84,
        "time": "2009/08/27 20:30:00"
      },
      {
        "y": 5276769.84,
        "time": "2009/08/27 20:45:00"
      },
      {
        "y": 6283427.4,
        "time": "2009/08/27 21:00:00"
      },
      {
        "y": 5557476.96,
        "time": "2009/08/27 21:15:00"
      },
      {
        "y": 6850662.84,
        "time": "2009/08/27 21:30:00"
      },
      {
        "y": 2958399.0,
        "time": "2009/08/27 21:45:00"
      },
      {
        "y": 97057.944,
        "time": "2009/08/27 22:00:00"
      },
      {
        "y": 98719.92,
        "time": "2009/08/27 22:15:00"
      },
      {
        "y": 97888.932,
        "time": "2009/08/27 22:30:00"
      },
      {
        "y": 97057.944,
        "time": "2009/08/27 22:45:00"
      },
      {
        "y": 97224.156,
        "time": "2009/08/27 23:00:00"
      },
      {
        "y": 97888.932,
        "time": "2009/08/27 23:15:00"
      },
      {
        "y": 97057.944,
        "time": "2009/08/27 23:30:00"
      },
      {
        "y": 97224.156,
        "time": "2009/08/27 23:45:00"
      }
    ],
    "cvrmse": 22.225525,
    "nmbe": -1.466026
  }
]