Time,ROOM 102:OAK RIDGE ANN HTG 99.6% CONDNS DB:Des Heat Load [W],ROOM 102:OAK RIDGE ANN CLG 2% CONDNS DB=>MWB:Des Sens Cool Load [W],ROOM 102:OAK RIDGE ANN HTG 99.6% CONDNS DB:Des Heat Mass Flow [kg/s],ROOM 102:OAK RIDGE ANN CLG 2% CONDNS DB=>MWB:Des Cool Mass Flow [kg/s],ROOM 103:OAK RIDGE ANN HTG 99.6% CONDNS DB:Des Heat Load [W],ROOM 103:OAK RIDGE ANN CLG 2% CONDNS DB=>MWB:Des Sens Cool Load [W],ROOM 103:OAK RIDGE ANN HTG 99.6% CONDNS DB:Des Heat Mass Flow [kg/s],ROOM 103:OAK RIDGE ANN CLG 2% CONDNS DB=>MWB:Des Cool Mass Flow [kg/s],ROOM 104:OAK RIDGE ANN HTG 99.6% CONDNS DB:Des Heat Load [W],ROOM 104:OAK RIDGE ANN CLG 2% CONDNS DB=>MWB:Des Sens Cool Load [W],ROOM 104:OAK RIDGE ANN HTG 99.6% CONDNS DB:Des Heat Mass Flow [kg/s],ROOM 104:OAK RIDGE ANN CLG 2% CONDNS DB=>MWB:Des Cool Mass Flow [kg/s],ROOM 105:OAK RIDGE ANN HTG 99.6% CONDNS DB:Des Heat Load [W],ROOM 105:OAK RIDGE ANN CLG 2% CONDNS DB=>MWB:Des Sens Cool Load [W],ROOM 105:OAK RIDGE ANN HTG 99.6% CONDNS DB:Des Heat Mass Flow [kg/s],ROOM 105:OAK RIDGE ANN CLG 2% CONDNS DB=>MWB:Des Cool Mass Flow [kg/s],ROOM 106:OAK RIDGE ANN HTG 99.6% CONDNS DB:Des Heat Load [W],ROOM 106:OAK RIDGE ANN CLG 2% CONDNS DB=>MWB:Des Sens Cool Load [W],ROOM 106:OAK RIDGE ANN HTG 99.6% CONDNS DB:Des Heat Mass Flow [kg/s],ROOM 106:OAK RIDGE ANN CLG 2% CONDNS DB=>MWB:Des Cool Mass Flow [kg/s],ROOM 202:OAK RIDGE ANN HTG 99.6% CONDNS DB:Des Heat Load [W],ROOM 202:OAK RIDGE ANN CLG 2% CONDNS DB=>MWB:Des Sens Cool Load [W],ROOM 202:OAK RIDGE ANN HTG 99.6% CONDNS DB:Des Heat Mass Flow [kg/s],ROOM 202:OAK RIDGE ANN CLG 2% CONDNS DB=>MWB:Des Cool Mass Flow [kg/s],ROOM 203:OAK RIDGE ANN HTG 99.6% CONDNS DB:Des Heat Load [W],ROOM 203:OAK RIDGE ANN CLG 2% CONDNS DB=>MWB:Des Sens Cool Load [W],ROOM 203:OAK RIDGE ANN HTG 99.6% CONDNS DB:Des Heat Mass Flow [kg/s],ROOM 203:OAK RIDGE ANN CLG 2% CONDNS DB=>MWB:Des Cool Mass Flow [kg/s],ROOM 204:OAK RIDGE ANN HTG 99.6% CONDNS DB:Des Heat Load [W],ROOM 204:OAK RIDGE ANN CLG 2% CONDNS DB=>MWB:Des Sens Cool Load [W],ROOM 204:OAK RIDGE ANN HTG 99.6% CONDNS DB:Des Heat Mass Flow [kg/s],ROOM 204:OAK RIDGE ANN CLG 2% CONDNS DB=>MWB:Des Cool Mass Flow [kg/s],ROOM 205:OAK RIDGE ANN HTG 99.6% CONDNS DB:Des Heat Load [W],ROOM 205:OAK RIDGE ANN CLG 2% CONDNS DB=>MWB:Des Sens Cool Load [W],ROOM 205:OAK RIDGE ANN HTG 99.6% CONDNS DB:Des Heat Mass Flow [kg/s],ROOM 205:OAK RIDGE ANN CLG 2% CONDNS DB=>MWB:Des Cool Mass Flow [kg/s],ROOM 206:OAK RIDGE ANN HTG 99.6% CONDNS DB:Des Heat Load [W],ROOM 206:OAK RIDGE ANN CLG 2% CONDNS DB=>MWB:Des Sens Cool Load [W],ROOM 206:OAK RIDGE ANN HTG 99.6% CONDNS DB:Des Heat Mass Flow [kg/s],ROOM 206:OAK RIDGE ANN CLG 2% CONDNS DB=>MWB:Des Cool Mass Flow [kg/s]
00:15:00,9.354050E+02,0.000000E+00,2.638487E-02,0.000000E+00,0.000000E+00,0.000000E+00,0.000000E+00,0.000000E+00,1.007000E+03,0.000000E+00,2.840917E-02,0.000000E+00,2.953251E+02,0.000000E+00,8.335712E-03,0.000000E+00,9.880408E+02,0.000000E+00,2.787786E-02,0.000000E+00,2.787080E+02,0.000000E+00,7.865463E-03,0.000000E+00,5.816707E+02,0.000000E+00,1.641034E-02,0.000000E+00,1.763381E+03,0.000000E+00,4.973970E-02,0.000000E+00,1.820727E+03,0.000000E+00,5.135785E-02,0.000000E+00,1.986069E+03,0.000000E+00,5.602063E-02,0.000000E+00
00:30:00,9.539116E+02,0.000000E+00,2.690641E-02,0.000000E+00,0.000000E+00,0.000000E+00,0.000000E+00,0.000000E+00,1.030366E+03,0.000000E+00,2.906798E-02,0.000000E+00,3.740384E+02,0.000000E+00,1.055553E-02,0.000000E+00,1.055910E+03,0.000000E+00,2.979204E-02,0.000000E+00,3.090840E+02,0.000000E+00,8.722621E-03,0.000000E+00,6.015849E+02,0.000000E+00,1.697214E-02,0.000000E+00,1.794600E+03,0.000000E+00,5.062003E-02,0.000000E+00,1.851845E+03,0.000000E+00,5.223518E-02,0.000000E+00,2.016368E+03,0.000000E+00,5.687517E-02,0.000000E+00
00:45:00,9.692095E+02,0.000000E+00,2.733758E-02,0.000000E+00,0.000000E+00,0.000000E+00,0.000000E+00,0.000000E+00,1.049508E+03,0.000000E+00,2.960784E-02,0.000000E+00,4.379830E+02,0.000000E+00,1.235979E-02,0.000000E+00,1.106700E+03,0.000000E+00,3.122454E-02,0.000000E+00,3.330914E+02,0.000000E+00,9.400045E-03,0.000000E+00,6.180327E+02,0.000000E+00,1.743619E-02,0.000000E+00,1.820978E+03,0.000000E+00,5.136406E-02,0.000000E+00,1.877792E+03,0.000000E+00,5.296688E-02,0.000000E+00,2.041635E+03,0.000000E+00,5.758799E-02,0.000000E+00
01:00:00,9.817652E+02,0.000000E+00,2.769162E-02,0.000000E+00,0.000000E+00,0.000000E+00,0.000000E+00,0.000000E+00,1.065977E+03,0.000000E+00,3.007233E-02,0.000000E+00,4.872038E+02,0.000000E+00,1.374853E-02,0.000000E+00,1.145067E+03,0.000000E+00,3.230656E-02,0.000000E+00,3.529580E+02,0.000000E+00,9.960630E-03,0.000000E+00,6.316672E+02,0.000000E+00,1.782085E-02,0.000000E+00,1.843537E+03,0.000000E+00,5.200049E-02,0.000000E+00,1.899633E+03,0.000000E+00,5.358281E-02,0.000000E+00,2.062994E+03,0.000000E+00,5.819060E-02,0.000000E+00
01:15:00,9.950148E+02,0.000000E+00,2.806525E-02,0.000000E+00,0.000000E+00,0.000000E+00,0.000000E+00,0.000000E+00,1.082839E+03,0.000000E+00,3.054788E-02,0.000000E+00,5.354261E+02,0.000000E+00,1.510910E-02,0.000000E+00,1.178084E+03,0.000000E+00,3.323749E-02,0.000000E+00,3.699645E+02,0.000000E+00,1.044052E-02,0.000000E+00,6.430214E+02,0.000000E+00,1.814117E-02,0.000000E+00,1.862950E+03,0.000000E+00,5.254827E-02,0.000000E+00,1.918300E+03,0.000000E+00,5.410931E-02,0.000000E+00,2.081407E+03,0.000000E+00,5.871007E-02,0.000000E+00
01:30:00,1.006935E+03,0.000000E+00,2.840145E-02,0.000000E+00,0.000000E+00,0.000000E+00,0.000000E+00,0.000000E+00,1.097602E+03,0.000000E+00,3.096426E-02,0.000000E+00,5.761347E+02,0.000000E+00,1.625768E-02,0.000000E+00,1.205611E+03,0.000000E+00,3.401359E-02,0.000000E+00,3.846876E+02,0.000000E+00,1.085598E-02,0.000000E+00,6.524872E+02,0.000000E+00,1.840823E-02,0.000000E+00,1.879746E+03,0.000000E+00,5.302220E-02,0.000000E+00,1.934434E+03,0.000000E+00,5.456453E-02,0.000000E+00,2.097342E+03,0.000000E+00,5.915965E-02,0.000000E+00
01:45:00,1.017624E+03,0.000000E+00,2.870299E-02,0.000000E+00,0.000000E+00,0.000000E+00,0.000000E+00,0.000000E+00,1.110726E+03,0.000000E+00,3.133437E-02,0.000000E+00,6.110774E+02,0.000000E+00,1.724356E-02,0.000000E+00,1.229481E+03,0.000000E+00,3.468671E-02,0.000000E+00,3.975257E+02,0.000000E+00,1.121826E-02,0.000000E+00,6.606424E+02,0.000000E+00,1.863833E-02,0.000000E+00,1.894555E+03,0.000000E+00,5.344003E-02,0.000000E+00,1.948665E+03,0.000000E+00,5.496610E-02,0.000000E+00,2.111559E+03,0.000000E+00,5.956074E-02,0.000000E+00
02:00:00,1.027172E+03,0.000000E+00,2.897231E-02,0.000000E+00,0.000000E+00,0.000000E+00,0.000000E+00,0.000000E+00,1.122476E+03,0.000000E+00,3.166573E-02,0.000000E+00,6.412243E+02,0.000000E+00,1.809412E-02,0.000000E+00,1.251065E+03,0.000000E+00,3.529553E-02,0.000000E+00,4.089170E+02,0.000000E+00,1.153972E-02,0.000000E+00,6.678306E+02,0.000000E+00,1.884117E-02,0.000000E+00,1.907914E+03,0.000000E+00,5.381696E-02,0.000000E+00,1.961544E+03,0.000000E+00,5.532947E-02,0.000000E+00,2.124427E+03,0.000000E+00,5.992375E-02,0.000000E+00
02:15:00,1.035775E+03,0.000000E+00,2.921497E-02,0.000000E+00,0.000000E+00,0.000000E+00,0.000000E+00,0.000000E+00,1.133241E+03,0.000000E+00,3.196937E-02,0.000000E+00,6.679314E+02,0.000000E+00,1.884762E-02,0.000000E+00,1.271416E+03,0.000000E+00,3.586979E-02,0.000000E+00,4.191835E+02,0.000000E+00,1.182944E-02,0.000000E+00,6.742379E+02,0.000000E+00,1.902197E-02,0.000000E+00,1.920096E+03,0.000000E+00,5.416065E-02,0.000000E+00,1.973335E+03,0.000000E+00,5.566216E-02,0.000000E+00,2.136259E+03,0.000000E+00,6.025757E-02,0.000000E+00
02:30:00,1.043592E+03,0.000000E+00,2.943546E-02,0.000000E+00,0.000000E+00,0.000000E+00,0.000000E+00,0.000000E+00,1.143079E+03,0.000000E+00,3.224684E-02,0.000000E+00,6.919624E+02,0.000000E+00,1.952562E-02,0.000000E+00,1.289761E+03,0.000000E+00,3.638757E-02,0.000000E+00,4.285842E+02,0.000000E+00,1.209473E-02,0.000000E+00,6.800407E+02,0.000000E+00,1.918572E-02,0.000000E+00,1.931352E+03,0.000000E+00,5.447822E-02,0.000000E+00,1.984286E+03,0.000000E+00,5.597112E-02,0.000000E+00,2.147293E+03,0.000000E+00,6.056882E-02,0.000000E+00
02:45:00,1.050710E+03,0.000000E+00,2.963620E-02,0.000000E+00,0.000000E+00,0.000000E+00,0.000000E+00,0.000000E+00,1.152064E+03,0.000000E+00,3.250022E-02,0.000000E+00,7.135417E+02,0.000000E+00,2.013443E-02,0.000000E+00,1.306422E+03,0.000000E+00,3.685776E-02,0.000000E+00,4.373096E+02,0.000000E+00,1.234096E-02,0.000000E+00,6.853727E+02,0.000000E+00,1.933617E-02,0.000000E+00,1.941877E+03,0.000000E+00,5.477514E-02,0.000000E+00,1.994579E+03,0.000000E+00,5.626153E-02,0.000000E+00,2.157698E+03,0.000000E+00,6.086238E-02,0.000000E+00
03:00:00,1.057256E+03,0.000000E+00,2.982080E-02,0.000000E+00,0.000000E+00,0.000000E+00,0.000000E+00,0.000000E+00,1.160353E+03,0.000000E+00,3.273399E-02,0.000000E+00,7.332861E+02,0.000000E+00,2.069148E-02,0.000000E+00,1.321826E+03,0.000000E+00,3.729243E-02,0.000000E+00,4.455007E+02,0.000000E+00,1.257212E-02,0.000000E+00,6.903339E+02,0.000000E+00,1.947617E-02,0.000000E+00,1.951815E+03,0.000000E+00,5.505551E-02,0.000000E+00,2.004350E+03,0.000000E+00,5.653718E-02,0.000000E+00,2.167602E+03,0.000000E+00,6.114177E-02,0.000000E+00
03:15:00,1.059000E+03,0.000000E+00,2.986995E-02,0.000000E+00,0.000000E+00,0.000000E+00,0.000000E+00,0.000000E+00,1.164585E+03,0.000000E+00,3.285329E-02,0.000000E+00,7.461359E+02,0.000000E+00,2.105397E-02,0.000000E+00,1.328811E+03,0.000000E+00,3.748962E-02,0.000000E+00,4.522280E+02,0.000000E+00,1.276197E-02,0.000000E+00,6.906212E+02,0.000000E+00,1.948429E-02,0.000000E+00,1.956929E+03,0.000000E+00,5.519981E-02,0.000000E+00,2.005676E+03,0.000000E+00,5.657463E-02,0.000000E+00,2.171934E+03,0.000000E+00,6.126399E-02,0.000000E+00
03:30:00,1.057159E+03,0.000000E+00,2.981806E-02,0.000000E+00,0.000000E+00,0.000000E+00,0.000000E+00,0.000000E+00,1.165634E+03,0.000000E+00,3.288283E-02,0.000000E+00,7.535654E+02,0.000000E+00,2.126356E-02,0.000000E+00,1.329511E+03,0.000000E+00,3.750948E-02,0.000000E+00,4.574505E+02,0.000000E+00,1.290935E-02,0.000000E+00,6.877090E+02,0.000000E+00,1.940218E-02,0.000000E+00,1.958568E+03,0.000000E+00,5.524612E-02,0.000000E+00,2.001357E+03,0.000000E+00,5.645297E-02,0.000000E+00,2.172477E+03,0.000000E+00,6.127940E-02,0.000000E+00
03:45:00,1.053050E+03,0.000000E+00,2.970220E-02,0.000000E+00,0.000000E+00,0.000000E+00,0.000000E+00,0.000000E+00,1.164615E+03,0.000000E+00,3.285411E-02,0.000000E+00,7.573230E+02,0.000000E+00,2.136958E-02,0.000000E+00,1.325702E+03,0.000000E+00,3.740210E-02,0.000000E+00,4.614246E+02,0.000000E+00,1.302151E-02,0.000000E+00,6.829341E+02,0.000000E+00,1.926753E-02,0.000000E+00,1.958018E+03,0.000000E+00,5.523070E-02,0.000000E+00,1.994001E+03,0.000000E+00,5.624563E-02,0.000000E+00,2.170818E+03,0.000000E+00,6.123269E-02,0.000000E+00
04:00:00,1.047240E+03,0.000000E+00,2.953836E-02,0.000000E+00,0.000000E+00,0.000000E+00,0.000000E+00,0.000000E+00,1.162060E+03,0.000000E+00,3.278206E-02,0.000000E+00,7.582977E+02,0.000000E+00,2.139708E-02,0.000000E+00,1.318404E+03,0.000000E+00,3.719623E-02,0.000000E+00,4.643846E+02,0.000000E+00,1.310505E-02,0.000000E+00,6.768443E+02,0.000000E+00,1.909577E-02,0.000000E+00,1.955854E+03,0.000000E+00,5.516975E-02,0.000000E+00,1.984524E+03,0.000000E+00,5.597843E-02,0.000000E+00,2.167610E+03,0.000000E+00,6.114229E-02,0.000000E+00
04:15:00,1.044411E+03,0.000000E+00,2.945862E-02,0.000000E+00,0.000000E+00,0.000000E+00,0.000000E+00,0.000000E+00,1.161718E+03,0.000000E+00,3.277249E-02,0.000000E+00,7.623480E+02,0.000000E+00,2.151138E-02,0.000000E+00,1.315440E+03,0.000000E+00,3.711258E-02,0.000000E+00,4.675629E+02,0.000000E+00,1.319475E-02,0.000000E+00,6.741688E+02,0.000000E+00,1.902033E-02,0.000000E+00,1.956798E+03,0.000000E+00,5.519644E-02,0.000000E+00,1.981518E+03,0.000000E+00,5.589375E-02,0.000000E+00,2.168409E+03,0.000000E+00,6.116491E-02,0.000000E+00
04:30:00,1.043666E+03,0.000000E+00,2.943758E-02,0.000000E+00,0.000000E+00,0.000000E+00,0.000000E+00,0.000000E+00,1.162999E+03,0.000000E+00,3.280868E-02,0.000000E+00,7.685413E+02,0.000000E+00,2.168614E-02,0.000000E+00,1.315346E+03,0.000000E+00,3.710983E-02,0.000000E+00,4.712322E+02,0.000000E+00,1.329830E-02,0.000000E+00,6.737196E+02,0.000000E+00,1.900765E-02,0.000000E+00,1.959841E+03,0.000000E+00,5.528228E-02,0.000000E+00,1.982622E+03,0.000000E+00,5.592487E-02,0.000000E+00,2.171756E+03,0.000000E+00,6.125931E-02,0.000000E+00
04:45:00,1.043969E+03,0.000000E+00,2.944608E-02,0.000000E+00,0.000000E+00,0.000000E+00,0.000000E+00,0.000000E+00,1.165083E+03,0.000000E+00,3.286747E-02,0.000000E+00,7.758162E+02,0.000000E+00,2.189139E-02,0.000000E+00,1.316951E+03,0.000000E+00,3.715504E-02,0.000000E+00,4.753123E+02,0.000000E+00,1.341344E-02,0.000000E+00,6.743621E+02,0.000000E+00,1.902576E-02,0.000000E+00,1.963943E+03,0.000000E+00,5.539798E-02,0.000000E+00,1.985530E+03,0.000000E+00,5.600685E-02,0.000000E+00,2.176289E+03,0.000000E+00,6.138715E-02,0.000000E+00
05:00:00,1.044943E+03,0.000000E+00,2.947351E-02,0.000000E+00,0.000000E+00,0.000000E+00,0.000000E+00,0.000000E+00,1.167622E+03,0.000000E+00,3.293908E-02,0.000000E+00,7.836068E+02,0.000000E+00,2.211118E-02,0.000000E+00,1.319655E+03,0.000000E+00,3.723129E-02,0.000000E+00,4.797087E+02,0.000000E+00,1.353751E-02,0.000000E+00,6.756958E+02,0.000000E+00,1.906337E-02,0.000000E+00,1.968712E+03,0.000000E+00,5.553249E-02,0.000000E+00,1.989539E+03,0.000000E+00,5.611991E-02,0.000000E+00,2.181517E+03,0.000000E+00,6.153458E-02,0.000000E+00
05:15:00,1.046378E+03,0.000000E+00,2.951396E-02,0.000000E+00,0.000000E+00,0.000000E+00,0.000000E+00,0.000000E+00,1.170486E+03,0.000000E+00,3.301985E-02,0.000000E+00,7.917305E+02,0.000000E+00,2.234036E-02,0.000000E+00,1.323117E+03,0.000000E+00,3.732893E-02,0.000000E+00,4.843326E+02,0.000000E+00,1.366799E-02,0.000000E+00,6.774780E+02,0.000000E+00,1.911364E-02,0.000000E+00,1.973911E+03,0.000000E+00,5.567910E-02,0.000000E+00,1.994234E+03,0.000000E+00,5.625229E-02,0.000000E+00,2.187163E+03,0.000000E+00,6.169381E-02,0.000000E+00
05:30:00,1.048138E+03,0.000000E+00,2.956360E-02,0.000000E+00,0.000000E+00,0.000000E+00,0.000000E+00,0.000000E+00,1.173580E+03,0.000000E+00,3.310711E-02,0.000000E+00,8.000565E+02,0.000000E+00,2.257525E-02,0.000000E+00,1.327120E+03,0.000000E+00,3.744182E-02,0.000000E+00,4.891078E+02,0.000000E+00,1.380275E-02,0.000000E+00,6.795577E+02,0.000000E+00,1.917231E-02,0.000000E+00,1.979381E+03,0.000000E+00,5.583339E-02,0.000000E+00,1.999358E+03,0.000000E+00,5.639683E-02,0.000000E+00,2.193056E+03,0.000000E+00,6.186004E-02,0.000000E+00
05:45:00,1.050117E+03,0.000000E+00,2.961938E-02,0.000000E+00,0.000000E+00,0.000000E+00,0.000000E+00,0.000000E+00,1.176807E+03,0.000000E+00,3.319809E-02,0.000000E+00,8.083885E+02,0.000000E+00,2.281031E-02,0.000000E+00,1.331458E+03,0.000000E+00,3.756421E-02,0.000000E+00,4.939750E+02,0.000000E+00,1.394010E-02,0.000000E+00,6.818334E+02,0.000000E+00,1.923650E-02,0.000000E+00,1.985015E+03,0.000000E+00,5.599233E-02,0.000000E+00,2.004748E+03,0.000000E+00,5.654886E-02,0.000000E+00,2.199087E+03,0.000000E+00,6.203014E-02,0.000000E+00
06:00:00,1.052252E+03,0.000000E+00,2.967959E-02,0.000000E+00,0.000000E+00,0.000000E+00,0.000000E+00,0.000000E+00,1.180130E+03,0.000000E+00,3.329181E-02,0.000000E+00,8.167192E+02,0.000000E+00,2.304534E-02,0.000000E+00,1.336046E+03,0.000000E+00,3.769364E-02,0.000000E+00,4.988905E+02,0.000000E+00,1.407881E-02,0.000000E+00,6.842359E+02,0.000000E+00,1.930428E-02,0.000000E+00,1.990741E+03,0.000000E+00,5.615382E-02,0.000000E+00,2.010294E+03,0.000000E+00,5.670530E-02,0.000000E+00,2.205181E+03,0.000000E+00,6.220204E-02,0.000000E+00
06:15:00,1.054497E+03,0.000000E+00,2.974289E-02,0.000000E+00,0.000000E+00,0.000000E+00,0.000000E+00,0.000000E+00,1.183520E+03,0.000000E+00,3.338741E-02,0.000000E+00,8.250266E+02,0.000000E+00,2.327970E-02,0.000000E+00,1.340813E+03,0.000000E+00,3.782812E-02,0.000000E+00,5.038215E+02,0.000000E+00,1.421796E-02,0.000000E+00,6.867168E+02,0.000000E+00,1.937428E-02,0.000000E+00,1.996504E+03,0.000000E+00,5.631638E-02,0.000000E+00,2.015923E+03,0.000000E+00,5.686406E-02,0.000000E+00,2.211290E+03,0.000000E+00,6.237434E-02,0.000000E+00
06:30:00,1.056805E+03,0.000000E+00,2.980798E-02,0.000000E+00,0.000000E+00,0.000000E+00,0.000000E+00,0.000000E+00,1.186927E+03,0.000000E+00,3.348348E-02,0.000000E+00,8.332041E+02,0.000000E+00,2.351040E-02,0.000000E+00,1.345666E+03,0.000000E+00,3.796503E-02,0.000000E+00,5.087437E+02,0.000000E+00,1.435686E-02,0.000000E+00,6.892417E+02,0.000000E+00,1.944551E-02,0.000000E+00,2.002268E+03,0.000000E+00,5.647898E-02,0.000000E+00,2.021582E+03,0.000000E+00,5.702369E-02,0.000000E+00,2.217380E+03,0.000000E+00,6.254610E-02,0.000000E+00
06:45:00,1.216169E+03,0.000000E+00,3.475308E-02,0.000000E+00,3.004019E+01,0.000000E+00,8.935456E-04,0.000000E+00,1.431407E+03,0.000000E+00,4.087486E-02,0.000000E+00,1.259837E+03,0.000000E+00,3.616429E-02,0.000000E+00,1.699022E+03,0.000000E+00,4.862047E-02,0.000000E+00,7.135156E+02,0.000000E+00,2.040211E-02,0.000000E+00,8.110600E+02,0.000000E+00,2.319348E-02,0.000000E+00,2.287482E+03,0.000000E+00,6.532790E-02,0.000000E+00,2.307563E+03,0.000000E+00,6.590134E-02,0.000000E+00,2.514690E+03,0.000000E+00,7.181883E-02,0.000000E+00
07:00:00,1.392721E+03,0.000000E+00,4.069587E-02,0.000000E+00,7.731673E+01,0.000000E+00,2.329515E-03,0.000000E+00,1.666565E+03,0.000000E+00,4.866792E-02,0.000000E+00,1.714640E+03,0.000000E+00,5.045011E-02,0.000000E+00,2.141008E+03,0.000000E+00,6.279776E-02,0.000000E+00,9.226468E+02,0.000000E+00,2.703588E-02,0.000000E+00,9.464955E+02,0.000000E+00,2.768783E-02,0.000000E+00,2.572107E+03,0.000000E+00,7.506968E-02,0.000000E+00,2.593014E+03,0.000000E+00,7.567871E-02,0.000000E+00,2.810079E+03,0.000000E+00,8.200424E-02,0.000000E+00
07:15:00,1.591841E+03,0.000000E+00,4.756851E-02,0.000000E+00,1.513199E+02,1.862993E+01,4.614074E-03,1.165375E-03,1.942205E+03,0.000000E+00,5.799661E-02,0.000000E+00,2.226130E+03,0.000000E+00,6.684042E-02,0.000000E+00,2.618819E+03,1.420498E+02,7.849322E-02,8.864337E-03,1.156881E+03,1.898738E+01,3.462819E-02,1.196811E-03,1.093920E+03,2.855229E+00,3.271544E-02,1.820199E-04,2.892950E+03,0.000000E+00,8.634771E-02,0.000000E+00,2.914505E+03,0.000000E+00,8.698972E-02,0.000000E+00,3.141235E+03,2.908496E+01,9.374565E-02,1.864305E-03
07:30:00,1.803142E+03,5.291405E+00,5.505791E-02,3.529920E-04,2.390470E+02,6.575953E+01,7.367492E-03,4.203474E-03,2.231345E+03,0.000000E+00,6.804039E-02,0.000000E+00,2.773482E+03,0.000000E+00,8.472728E-02,0.000000E+00,3.112314E+03,4.791237E+02,9.509507E-02,3.086758E-02,1.397016E+03,8.195364E+01,4.259258E-02,5.262257E-03,1.247165E+03,3.906323E+01,3.808846E-02,2.531862E-03,3.227001E+03,0.000000E+00,9.845765E-02,0.000000E+00,3.249269E+03,0.000000E+00,9.913737E-02,0.000000E+00,3.486496E+03,1.611500E+02,1.063794E-01,1.044964E-02
07:45:00,1.958565E+03,1.070523E+02,6.154772E-02,7.392506E-03,3.846055E+02,1.879413E+02,1.215570E-02,1.260323E-02,2.432498E+03,1.423659E+02,7.646614E-02,9.790038E-03,3.175182E+03,1.748846E+02,1.000161E-01,1.222180E-02,3.501798E+03,1.110844E+03,1.101653E-01,7.508162E-02,1.559655E+03,2.380085E+02,4.906601E-02,1.601157E-02,1.353859E+03,1.420822E+02,4.255703E-02,9.695091E-03,3.450468E+03,1.032628E+02,1.083946E-01,7.244117E-03,3.473126E+03,1.316201E+02,1.091051E-01,9.106529E-03,3.713891E+03,4.723623E+02,1.166548E-01,3.207980E-02
08:00:00,2.125631E+03,2.640735E+02,6.871725E-02,1.916978E-02,5.346179E+02,3.432686E+02,1.739133E-02,2.422802E-02,2.673584E+03,3.556246E+02,8.645934E-02,2.575341E-02,3.647525E+03,5.113559E+02,1.182917E-01,3.747016E-02,3.861158E+03,1.873494E+03,1.250128E-01,1.322963E-01,1.739828E+03,4.345825E+02,5.632552E-02,3.072758E-02,1.464673E+03,2.770323E+02,4.736658E-02,1.981757E-02,3.705041E+03,2.811067E+02,1.197130E-01,2.054637E-02,3.728446E+03,3.400941E+02,1.204682E-01,2.471196E-02,3.975156E+03,8.642821E+02,1.284209E-01,6.146713E-02
08:15:00,2.209461E+03,4.334201E+02,7.312128E-02,3.215697E-02,5.882609E+02,4.861704E+02,1.947749E-02,3.544828E-02,2.765464E+03,5.953403E+02,9.150059E-02,4.413933E-02,3.904932E+03,8.748488E+02,1.294832E-01,6.534774E-02,4.008654E+03,2.481678E+03,1.327529E-01,1.809069E-01,1.828810E+03,5.943779E+02,6.057037E-02,4.323827E-02,1.526906E+03,4.021683E+02,5.055581E-02,2.944731E-02,3.841062E+03,4.531083E+02,1.270923E-01,3.373898E-02,3.865577E+03,5.425192E+02,1.279037E-01,4.023741E-02,4.117781E+03,1.221367E+03,1.362398E-01,8.920747E-02
08:30:00,2.265199E+03,5.941568E+02,7.636557E-02,4.455009E-02,6.191531E+02,5.901737E+02,2.078567E-02,4.400912E-02,2.833250E+03,8.353857E+02,9.546601E-02,6.256675E-02,4.072088E+03,1.229329E+03,1.373273E-01,9.255712E-02,4.077468E+03,2.865823E+03,1.374362E-01,2.142534E-01,1.894022E+03,6.985018E+02,6.383837E-02,5.199616E-02,1.568340E+03,4.878744E+02,5.289013E-02,3.645470E-02,3.946700E+03,6.285725E+02,1.330554E-01,4.720732E-02,3.972570E+03,7.477468E+02,1.339287E-01,5.599099E-02,4.229323E+03,1.479265E+03,1.425891E-01,1.105578E-01
08:45:00,2.201048E+03,6.563054E+02,7.509244E-02,5.009336E-02,5.432515E+02,6.111136E+02,1.851768E-02,4.659189E-02,2.722150E+03,9.346542E+02,9.287599E-02,7.132448E-02,3.912724E+03,1.405950E+03,1.335202E-01,1.073135E-01,3.843636E+03,2.944305E+03,1.311493E-01,2.245492E-01,1.810712E+03,7.003052E+02,6.180253E-02,5.336026E-02,1.521594E+03,5.025086E+02,5.192744E-02,3.832122E-02,3.854268E+03,7.033131E+02,1.315139E-01,5.362582E-02,3.881458E+03,8.253656E+02,1.324418E-01,6.294510E-02,4.139168E+03,1.565818E+03,1.412346E-01,1.194622E-01
09:00:00,2.096613E+03,6.634143E+02,7.175344E-02,5.091556E-02,4.355834E+02,5.951633E+02,1.491490E-02,4.566145E-02,2.566590E+03,9.703562E+02,8.784820E-02,7.447059E-02,3.621128E+03,1.426730E+03,1.239630E-01,1.094836E-01,3.516258E+03,2.894212E+03,1.203710E-01,2.220249E-01,1.690623E+03,6.571293E+02,5.789001E-02,5.041458E-02,1.447639E+03,4.833552E+02,4.955696E-02,3.708572E-02,3.714910E+03,7.117226E+02,1.271456E-01,5.461916E-02,3.743552E+03,8.360447E+02,1.281258E-01,6.416097E-02,4.001436E+03,1.585011E+03,1.369513E-01,1.216335E-01
09:15:00,2.036331E+03,6.671274E+02,6.968841E-02,5.121351E-02,3.786160E+02,5.824028E+02,1.296443E-02,4.469078E-02,2.491534E+03,1.007108E+03,8.527599E-02,7.730581E-02,3.445062E+03,1.448818E+03,1.179350E-01,1.111991E-01,3.322318E+03,2.880052E+03,1.137308E-01,2.210458E-01,1.625764E+03,6.288573E+02,5.566926E-02,4.825560E-02,1.403455E+03,4.703414E+02,4.804375E-02,3.609805E-02,3.645966E+03,7.361443E+02,1.247807E-01,5.650285E-02,3.676395E+03,8.646330E+02,1.258221E-01,6.636730E-02,3.935360E+03,1.622358E+03,1.346844E-01,1.245397E-01
09:30:00,1.985633E+03,6.763265E+02,6.795345E-02,5.191910E-02,3.253013E+02,5.787039E+02,1.113907E-02,4.440416E-02,2.419310E+03,1.053865E+03,8.280421E-02,8.089329E-02,3.304941E+03,1.491604E+03,1.131385E-01,1.144800E-01,3.173522E+03,2.900460E+03,1.086372E-01,2.226184E-01,1.570428E+03,6.107377E+02,5.377479E-02,4.686249E-02,1.369084E+03,4.636241E+02,4.686701E-02,3.558172E-02,3.584952E+03,7.682535E+02,1.226921E-01,5.896670E-02,3.617327E+03,9.029662E+02,1.238001E-01,6.930874E-02,3.877599E+03,1.667228E+03,1.327071E-01,1.279836E-01
09:45:00,1.948743E+03,6.909772E+02,6.669100E-02,5.304614E-02,2.868559E+02,5.821651E+02,9.822760E-03,4.466906E-02,2.366880E+03,1.108966E+03,8.101003E-02,8.512728E-02,3.203950E+03,1.548965E+03,1.096810E-01,1.188852E-01,3.069474E+03,2.934322E+03,1.050750E-01,2.252227E-01,1.534597E+03,6.011883E+02,5.254801E-02,4.612898E-02,1.346157E+03,4.622970E+02,4.608197E-02,3.548039E-02,3.545765E+03,8.086983E+02,1.213509E-01,6.207420E-02,3.579994E+03,9.490982E+02,1.225222E-01,7.285345E-02,3.841237E+03,1.711993E+03,1.314625E-01,1.314258E-01
10:00:00,1.919319E+03,7.099750E+02,6.568387E-02,5.450761E-02,2.553328E+02,5.889322E+02,8.743387E-03,4.518842E-02,2.323286E+03,1.167042E+03,7.951789E-02,8.959103E-02,3.124151E+03,1.612276E+03,1.069488E-01,1.237482E-01,2.990026E+03,2.963802E+03,1.023547E-01,2.274914E-01,1.508150E+03,5.961890E+02,5.164234E-02,4.574543E-02,1.329444E+03,4.648356E+02,4.550961E-02,3.567620E-02,3.516748E+03,8.522419E+02,1.203574E-01,6.542058E-02,3.552651E+03,9.972213E+02,1.215860E-01,7.655223E-02,3.814609E+03,1.747205E+03,1.305507E-01,1.341366E-01
10:15:00,1.891482E+03,7.347172E+02,6.473111E-02,5.640935E-02,2.334660E+02,5.923114E+02,7.994635E-03,4.544769E-02,2.292836E+03,1.216331E+03,7.847564E-02,9.337826E-02,3.062063E+03,1.671728E+03,1.048230E-01,1.283137E-01,2.923593E+03,2.983036E+03,1.000802E-01,2.289713E-01,1.443451E+03,6.383241E+02,4.942685E-02,4.897859E-02,1.289039E+03,4.963141E+02,4.412632E-02,3.809325E-02,3.429859E+03,9.575415E+02,1.173833E-01,7.350792E-02,3.458603E+03,1.112663E+03,1.183670E-01,8.541901E-02,3.728025E+03,1.831932E+03,1.275871E-01,1.406470E-01
10:30:00,1.859431E+03,7.702277E+02,6.363424E-02,5.913625E-02,2.101226E+02,6.020069E+02,7.195294E-03,4.619135E-02,2.259491E+03,1.272173E+03,7.733427E-02,9.766539E-02,3.000507E+03,1.740077E+03,1.027156E-01,1.335600E-01,2.854759E+03,2.996936E+03,9.772376E-02,2.300383E-01,1.380127E+03,6.852257E+02,4.725851E-02,5.257738E-02,1.244788E+03,5.366186E+02,4.261171E-02,4.118736E-02,3.340224E+03,1.069065E+03,1.143166E-01,8.207189E-02,3.356740E+03,1.237823E+03,1.148818E-01,9.503033E-02,3.637604E+03,1.907234E+03,1.244935E-01,1.464302E-01
10:45:00,1.825691E+03,8.118499E+02,6.247961E-02,6.233330E-02,1.863489E+02,6.154867E+02,6.381217E-03,4.722543E-02,2.225303E+03,1.330819E+03,7.616411E-02,1.021688E-01,2.940637E+03,1.812787E+03,1.006660E-01,1.391416E-01,2.785704E+03,2.997789E+03,9.535983E-02,2.301035E-01,1.317555E+03,7.354161E+02,4.511596E-02,5.642866E-02,1.198863E+03,5.822402E+02,4.103981E-02,4.468996E-02,3.249722E+03,1.183773E+03,1.112201E-01,9.088230E-02,3.251868E+03,1.367579E+03,1.112937E-01,1.049967E-01,3.546016E+03,1.969619E+03,1.213599E-01,1.512216E-01
11:00:00,1.790969E+03,8.571971E+02,6.129139E-02,6.581661E-02,1.623657E+02,6.315938E+02,5.559969E-03,4.846118E-02,2.190815E+03,1.390990E+03,7.498379E-02,1.067897E-01,2.882459E+03,1.888556E+03,9.867438E-02,1.449583E-01,2.716836E+03,2.985546E+03,9.300236E-02,2.291632E-01,1.255381E+03,7.877248E+02,4.298705E-02,6.044243E-02,1.151909E+03,6.312574E+02,3.943264E-02,4.845311E-02,3.158792E+03,1.300231E+03,1.081087E-01,9.982708E-02,3.145254E+03,1.500160E+03,1.076457E-01,1.151799E-01,3.453697E+03,2.021065E+03,1.182010E-01,1.551724E-01
11:15:00,1.763678E+03,8.972375E+02,6.035745E-02,6.889330E-02,1.430117E+02,6.453415E+02,4.897238E-03,4.951616E-02,2.163544E+03,1.444392E+03,7.405046E-02,1.108929E-01,2.835695E+03,1.955999E+03,9.707348E-02,1.501370E-01,2.662978E+03,2.949607E+03,9.115869E-02,2.264061E-01,1.236997E+03,7.982592E+02,4.235754E-02,6.125078E-02,1.128876E+03,6.591250E+02,3.864425E-02,5.059281E-02,3.128566E+03,1.357423E+03,1.070747E-01,1.042217E-01,3.104607E+03,1.569928E+03,1.062551E-01,1.205405E-01,3.423058E+03,2.005059E+03,1.171529E-01,1.539459E-01
11:30:00,1.741250E+03,9.320077E+02,5.958980E-02,7.156701E-02,1.269156E+02,6.568715E+02,4.346061E-03,5.040122E-02,2.140905E+03,1.491100E+03,7.327553E-02,1.144853E-01,2.796146E+03,2.016547E+03,9.571951E-02,1.547883E-01,2.618537E+03,2.903100E+03,8.963724E-02,2.228410E-01,1.220715E+03,8.077793E+02,4.179991E-02,6.198133E-02,1.109942E+03,6.835335E+02,3.799592E-02,5.246738E-02,3.103054E+03,1.408524E+03,1.062010E-01,1.081500E-01,3.071482E+03,1.631584E+03,1.051209E-01,1.252800E-01,3.397515E+03,1.983208E+03,1.162781E-01,1.522742E-01
11:45:00,1.721385E+03,9.633584E+02,5.890978E-02,7.397511E-02,1.127006E+02,6.673359E+02,3.859298E-03,5.120399E-02,2.120701E+03,1.533596E+03,7.258391E-02,1.177489E-01,2.760847E+03,2.072919E+03,9.451097E-02,1.591155E-01,2.579775E+03,2.859003E+03,8.831014E-02,2.194564E-01,1.206010E+03,8.165105E+02,4.129630E-02,6.265061E-02,1.093160E+03,7.057745E+02,3.742128E-02,5.417432E-02,3.080054E+03,1.455446E+03,1.054134E-01,1.117525E-01,3.041848E+03,1.688853E+03,1.041061E-01,1.296772E-01,3.374382E+03,1.965249E+03,1.154859E-01,1.508951E-01
12:00:00,1.703219E+03,9.915454E+02,5.828798E-02,7.613966E-02,9.979334E+01,6.769752E+02,3.417311E-03,5.194337E-02,2.102047E+03,1.571919E+03,7.194537E-02,1.206912E-01,2.728590E+03,2.123647E+03,9.340663E-02,1.630091E-01,2.544767E+03,2.822900E+03,8.711159E-02,2.166850E-01,1.192498E+03,8.245849E+02,4.083353E-02,6.326948E-02,1.077767E+03,7.262075E+02,3.689426E-02,5.574237E-02,3.058656E+03,1.498372E+03,1.046808E-01,1.150477E-01,3.014340E+03,1.741367E+03,1.031644E-01,1.337085E-01,3.352860E+03,1.954626E+03,1.147491E-01,1.500790E-01
12:15:00,1.689781E+03,1.014328E+03,5.782798E-02,7.788913E-02,8.985501E+01,6.839887E+02,3.076992E-03,5.248128E-02,2.087946E+03,1.604425E+03,7.146270E-02,1.231868E-01,2.703172E+03,2.166067E+03,9.253642E-02,1.662649E-01,2.518836E+03,2.793484E+03,8.622381E-02,2.144272E-01,1.180719E+03,8.315699E+02,4.043011E-02,6.380496E-02,1.066486E+03,7.425801E+02,3.650807E-02,5.699889E-02,3.041789E+03,1.536244E+03,1.041035E-01,1.179555E-01,2.994151E+03,1.786165E+03,1.024734E-01,1.371480E-01,3.336308E+03,1.951437E+03,1.141825E-01,1.498343E-01
12:30:00,1.679642E+03,1.032960E+03,5.748087E-02,7.931977E-02,8.211358E+01,6.890375E+02,2.811899E-03,5.286847E-02,2.076964E+03,1.632223E+03,7.108675E-02,1.253209E-01,2.682483E+03,2.202005E+03,9.182804E-02,1.690231E-01,2.499027E+03,2.771050E+03,8.554556E-02,2.127053E-01,1.170472E+03,8.376736E+02,4.007920E-02,6.427297E-02,1.057922E+03,7.559501E+02,3.621485E-02,5.802491E-02,3.028011E+03,1.569870E+03,1.036319E-01,1.205373E-01,2.978670E+03,1.825091E+03,1.019435E-01,1.401367E-01,3.322980E+03,1.953912E+03,1.137263E-01,1.500247E-01
12:45:00,1.671470E+03,1.048799E+03,5.720097E-02,8.053573E-02,7.577610E+01,6.928678E+02,2.594882E-03,5.316219E-02,2.067776E+03,1.656650E+03,7.077211E-02,1.271960E-01,2.664854E+03,2.232970E+03,9.122440E-02,1.713995E-01,2.483047E+03,2.753254E+03,8.499835E-02,2.113393E-01,1.161379E+03,8.432720E+02,3.976780E-02,6.470232E-02,1.050898E+03,7.674178E+02,3.597435E-02,5.890490E-02,3.016037E+03,1.600503E+03,1.032219E-01,1.228892E-01,2.965629E+03,1.860056E+03,1.014970E-01,1.428210E-01,3.311390E+03,1.958811E+03,1.133295E-01,1.504011E-01
13:00:00,1.664668E+03,1.062575E+03,5.696789E-02,8.159315E-02,7.043471E+01,6.959252E+02,2.411974E-03,5.339663E-02,2.059895E+03,1.679549E+03,7.050215E-02,1.289537E-01,2.649414E+03,2.262784E+03,9.069564E-02,1.736873E-01,2.469778E+03,2.741442E+03,8.454389E-02,2.104324E-01,1.153149E+03,8.487431E+02,3.948596E-02,6.512193E-02,1.044926E+03,7.775537E+02,3.576988E-02,5.968271E-02,3.005381E+03,1.629697E+03,1.028570E-01,1.251305E-01,2.954252E+03,1.893792E+03,1.011073E-01,1.454108E-01,3.301020E+03,1.966263E+03,1.129743E-01,1.509732E-01
13:15:00,1.658881E+03,1.074585E+03,5.676952E-02,8.251497E-02,6.585064E+01,6.985457E+02,2.254999E-03,5.359757E-02,2.053024E+03,1.699972E+03,7.026676E-02,1.305213E-01,2.635786E+03,2.290116E+03,9.022889E-02,1.757846E-01,2.458515E+03,2.732434E+03,8.415807E-02,2.097407E-01,1.145569E+03,8.543953E+02,3.922638E-02,6.555547E-02,1.039692E+03,7.867262E+02,3.559066E-02,6.038662E-02,2.995690E+03,1.656457E+03,1.025250E-01,1.271849E-01,2.944032E+03,1.925084E+03,1.007572E-01,1.478130E-01,3.291519E+03,1.974366E+03,1.126488E-01,1.515951E-01
13:30:00,1.653832E+03,1.085222E+03,5.659640E-02,8.333130E-02,6.182390E+01,7.009651E+02,2.117109E-03,5.378310E-02,2.046895E+03,1.717862E+03,7.005675E-02,1.318944E-01,2.623465E+03,2.314800E+03,8.980691E-02,1.776787E-01,2.448701E+03,2.726372E+03,8.382192E-02,2.092751E-01,1.138483E+03,8.604096E+02,3.898373E-02,6.601681E-02,1.034989E+03,7.952348E+02,3.542966E-02,6.103961E-02,2.986721E+03,1.680659E+03,1.022177E-01,1.290428E-01,2.934643E+03,1.953534E+03,1.004356E-01,1.499970E-01,3.282657E+03,1.983751E+03,1.123452E-01,1.523154E-01
13:45:00,1.649318E+03,1.094714E+03,5.644183E-02,8.406017E-02,5.822110E+01,7.034219E+02,1.993736E-03,5.397151E-02,2.041306E+03,1.736392E+03,6.986534E-02,1.333169E-01,2.612128E+03,2.342493E+03,8.941871E-02,1.798041E-01,2.439956E+03,2.725039E+03,8.352245E-02,2.091728E-01,1.131789E+03,8.670099E+02,3.875447E-02,6.652311E-02,1.030683E+03,8.032418E+02,3.528222E-02,6.165413E-02,2.978290E+03,1.705279E+03,1.019291E-01,1.309330E-01,2.925856E+03,1.983238E+03,1.001347E-01,1.522776E-01,3.274264E+03,1.996107E+03,1.120578E-01,1.532642E-01
14:00:00,1.645243E+03,1.103234E+03,5.630250E-02,8.471469E-02,5.497268E+01,7.060987E+02,1.882497E-03,5.417681E-02,2.036181E+03,1.759040E+03,6.969000E-02,1.350561E-01,2.601719E+03,2.376083E+03,8.906241E-02,1.823827E-01,2.432085E+03,2.725275E+03,8.325302E-02,2.091914E-01,1.125413E+03,8.743426E+02,3.853612E-02,6.708562E-02,1.026679E+03,8.108767E+02,3.514515E-02,6.224008E-02,2.970291E+03,1.733761E+03,1.016555E-01,1.331203E-01,2.917535E+03,2.017402E+03,9.985012E-02,1.549013E-01,3.266247E+03,2.009478E+03,1.117836E-01,1.542913E-01
14:15:00,1.641507E+03,1.110420E+03,5.617484E-02,8.526688E-02,5.199777E+01,7.091671E+02,1.780625E-03,5.441219E-02,2.031417E+03,1.791746E+03,6.952706E-02,1.375680E-01,2.592003E+03,2.421606E+03,8.872995E-02,1.858775E-01,2.424879E+03,2.724348E+03,8.300646E-02,2.091207E-01,1.119300E+03,8.825278E+02,3.832680E-02,6.771358E-02,1.022912E+03,8.180209E+02,3.501620E-02,6.278840E-02,2.962647E+03,1.771975E+03,1.013941E-01,1.360553E-01,2.909593E+03,2.061670E+03,9.957852E-02,1.583011E-01,3.258542E+03,2.021707E+03,1.115202E-01,1.552309E-01
14:30:00,1.638036E+03,1.116374E+03,5.605627E-02,8.572444E-02,4.923832E+01,7.128147E+02,1.686131E-03,5.469203E-02,2.026936E+03,1.840651E+03,6.937382E-02,1.413240E-01,2.582837E+03,2.486069E+03,8.841629E-02,1.908264E-01,2.418194E+03,2.721360E+03,8.277775E-02,2.088918E-01,1.113411E+03,8.917327E+02,3.812516E-02,6.841978E-02,1.019336E+03,8.247522E+02,3.489377E-02,6.330501E-02,2.955306E+03,1.826292E+03,1.011431E-01,1.402271E-01,2.901963E+03,2.122309E+03,9.931768E-02,1.629585E-01,3.251104E+03,2.032241E+03,1.112659E-01,1.560402E-01
14:45:00,1.634807E+03,1.121185E+03,5.594588E-02,8.609405E-02,4.667207E+01,7.171598E+02,1.598253E-03,5.502540E-02,2.022729E+03,1.907817E+03,6.922994E-02,1.464826E-01,2.574245E+03,2.569817E+03,8.812225E-02,1.972557E-01,2.411980E+03,2.714405E+03,8.256510E-02,2.083580E-01,1.107717E+03,9.020190E+02,3.793017E-02,6.920899E-02,1.015916E+03,8.311606E+02,3.477669E-02,6.379685E-02,2.948233E+03,1.898524E+03,1.009013E-01,1.457749E-01,2.894609E+03,2.199805E+03,9.906618E-02,1.689106E-01,3.243909E+03,2.039922E+03,1.110199E-01,1.566302E-01
15:00:00,1.631769E+03,1.124888E+03,5.584191E-02,8.637838E-02,4.425867E+01,7.222470E+02,1.515609E-03,5.541571E-02,2.018738E+03,1.991050E+03,6.909341E-02,1.528749E-01,2.566091E+03,2.671330E+03,8.784314E-02,2.050486E-01,2.406137E+03,2.703949E+03,8.236511E-02,2.075553E-01,1.102195E+03,9.133775E+02,3.774109E-02,7.008045E-02,1.012628E+03,8.372508E+02,3.466413E-02,6.426427E-02,2.941394E+03,1.986933E+03,1.006673E-01,1.525652E-01,2.887494E+03,2.292404E+03,9.882272E-02,1.760225E-01,3.236928E+03,2.044933E+03,1.107810E-01,1.570149E-01
15:15:00,1.631770E+03,1.124207E+03,5.584191E-02,8.632603E-02,4.351930E+01,7.261847E+02,1.490291E-03,5.571781E-02,2.017656E+03,2.081083E+03,6.905636E-02,1.597894E-01,2.562016E+03,2.779853E+03,8.770361E-02,2.133795E-01,2.405788E+03,2.683845E+03,8.235316E-02,2.060118E-01,1.097490E+03,9.250487E+02,3.757999E-02,7.097589E-02,1.012074E+03,8.403430E+02,3.464517E-02,6.450159E-02,2.937416E+03,2.083153E+03,1.005312E-01,1.599552E-01,2.885507E+03,2.389393E+03,9.875475E-02,1.834714E-01,3.233314E+03,2.044070E+03,1.106574E-01,1.569484E-01
15:30:00,1.633981E+03,1.119860E+03,5.591753E-02,8.599197E-02,4.411259E+01,7.291655E+02,1.510608E-03,5.594646E-02,2.018619E+03,2.171260E+03,6.908928E-02,1.667145E-01,2.560882E+03,2.887551E+03,8.766474E-02,2.216466E-01,2.409340E+03,2.655929E+03,8.247468E-02,2.038685E-01,1.093645E+03,9.366409E+02,3.744835E-02,7.186523E-02,1.013372E+03,8.410773E+02,3.468959E-02,6.455784E-02,2.935577E+03,2.180041E+03,1.004682E-01,1.673962E-01,2.886876E+03,2.484021E+03,9.880153E-02,1.907386E-01,3.231954E+03,2.037779E+03,1.106108E-01,1.564649E-01
15:45:00,1.637486E+03,1.112573E+03,5.603738E-02,8.543202E-02,4.556003E+01,7.314312E+02,1.560174E-03,5.612022E-02,2.020794E+03,2.254182E+03,6.916364E-02,1.730821E-01,2.561577E+03,2.985153E+03,8.768847E-02,2.291384E-01,2.415330E+03,2.621205E+03,8.267963E-02,2.012027E-01,1.090516E+03,9.478533E+02,3.734119E-02,7.272541E-02,1.015729E+03,8.400081E+02,3.477023E-02,6.447564E-02,2.935013E+03,2.270503E+03,1.004488E-01,1.743431E-01,2.890064E+03,2.569531E+03,9.891052E-02,1.973049E-01,3.231865E+03,2.026249E+03,1.106077E-01,1.555792E-01
16:00:00,1.641901E+03,1.102511E+03,5.618844E-02,8.465911E-02,4.764714E+01,7.329184E+02,1.631645E-03,5.623423E-02,2.023830E+03,2.324118E+03,6.926750E-02,1.784518E-01,2.563592E+03,3.064961E+03,8.775741E-02,2.352638E-01,2.423029E+03,2.579608E+03,8.294313E-02,1.980093E-01,1.087970E+03,9.583305E+02,3.725399E-02,7.352916E-02,1.018813E+03,8.372276E+02,3.487578E-02,6.426211E-02,2.935372E+03,2.348776E+03,1.004611E-01,1.803536E-01,2.894479E+03,2.639919E+03,9.906155E-02,2.027095E-01,3.232662E+03,2.008970E+03,1.106349E-01,1.542519E-01
16:15:00,1.641196E+03,1.096637E+03,5.616425E-02,8.420768E-02,4.710666E+01,7.371309E+02,1.613135E-03,5.655735E-02,2.022027E+03,2.385835E+03,6.920574E-02,1.831900E-01,2.559198E+03,3.132717E+03,8.760694E-02,2.404638E-01,2.421546E+03,2.544058E+03,8.289231E-02,1.952801E-01,1.084529E+03,9.689524E+02,3.713616E-02,7.434398E-02,1.017150E+03,8.381407E+02,3.481881E-02,6.433210E-02,2.930995E+03,2.418457E+03,1.003112E-01,1.857035E-01,2.889872E+03,2.702786E+03,9.890384E-02,2.075360E-01,3.227705E+03,1.992556E+03,1.104652E-01,1.529910E-01
16:30:00,1.636910E+03,1.092964E+03,5.601768E-02,8.392567E-02,4.454134E+01,7.431393E+02,1.525287E-03,5.701828E-02,2.017041E+03,2.437129E+03,6.903515E-02,1.871278E-01,2.550582E+03,3.184542E+03,8.731205E-02,2.444410E-01,2.413825E+03,2.508095E+03,8.262810E-02,1.925196E-01,1.080010E+03,9.795429E+02,3.698142E-02,7.515641E-02,1.012391E+03,8.407655E+02,3.465595E-02,6.453365E-02,2.923356E+03,2.477780E+03,1.000499E-01,1.902581E-01,2.879650E+03,2.754639E+03,9.855410E-02,2.115168E-01,3.219134E+03,1.973713E+03,1.101720E-01,1.515440E-01
16:45:00,1.630717E+03,1.089813E+03,5.580584E-02,8.368384E-02,4.079794E+01,7.497600E+02,1.397098E-03,5.752622E-02,2.010372E+03,2.477180E+03,6.880697E-02,1.902023E-01,2.539656E+03,3.219315E+03,8.693811E-02,2.471092E-01,2.402462E+03,2.470158E+03,8.223924E-02,1.896077E-01,1.074650E+03,9.895951E+02,3.679791E-02,7.592756E-02,1.006012E+03,8.437874E+02,3.443765E-02,6.476571E-02,2.913980E+03,2.525950E+03,9.972908E-02,1.939562E-01,2.866688E+03,2.793554E+03,9.811067E-02,2.145043E-01,3.208775E+03,1.951652E+03,1.098175E-01,1.498499E-01
17:00:00,1.623254E+03,1.086505E+03,5.555051E-02,8.342984E-02,3.621934E+01,7.564865E+02,1.240309E-03,5.804229E-02,2.002585E+03,2.507024E+03,6.854055E-02,1.924930E-01,2.527214E+03,3.238639E+03,8.651225E-02,2.485916E-01,2.388692E+03,2.430619E+03,8.176797E-02,1.865726E-01,1.068665E+03,9.987763E+02,3.659296E-02,7.663189E-02,9.986018E+02,8.469705E+02,3.418404E-02,6.501010E-02,2.903469E+03,2.563934E+03,9.936944E-02,1.968720E-01,2.852052E+03,2.820437E+03,9.760993E-02,2.165676E-01,3.197315E+03,1.927048E+03,1.094254E-01,1.479604E-01
17:15:00,1.617820E+03,1.079712E+03,5.536460E-02,8.290813E-02,3.260138E+01,7.612036E+02,1.116416E-03,5.840420E-02,1.996775E+03,2.524206E+03,6.834175E-02,1.938115E-01,2.517451E+03,3.239682E+03,8.617808E-02,2.486709E-01,2.378526E+03,2.384034E+03,8.142004E-02,1.829967E-01,1.062926E+03,1.006271E+03,3.639645E-02,7.720684E-02,9.931603E+02,8.475367E+02,3.399780E-02,6.505359E-02,2.894976E+03,2.589564E+03,9.907882E-02,1.988393E-01,2.841325E+03,2.831482E+03,9.724290E-02,2.174148E-01,3.188379E+03,1.897668E+03,1.091197E-01,1.457041E-01
17:30:00,1.613777E+03,1.070493E+03,5.522622E-02,8.219999E-02,2.971901E+01,7.654254E+02,1.017712E-03,5.872809E-02,1.992206E+03,2.530238E+03,6.818536E-02,1.942738E-01,2.509392E+03,3.227166E+03,8.590218E-02,2.477094E-01,2.370762E+03,2.334901E+03,8.115423E-02,1.792250E-01,1.057603E+03,1.013232E+03,3.621418E-02,7.774085E-02,9.889879E+02,8.464325E+02,3.385496E-02,6.496877E-02,2.887815E+03,2.604566E+03,9.883374E-02,1.999904E-01,2.832999E+03,2.831041E+03,9.695792E-02,2.173799E-01,3.181021E+03,1.866017E+03,1.088678E-01,1.432734E-01
17:45:00,1.610425E+03,1.059777E+03,5.511131E-02,8.137657E-02,2.722228E+01,7.709817E+02,9.322141E-04,5.915438E-02,1.988251E+03,2.525804E+03,6.804989E-02,1.939322E-01,2.502251E+03,3.204426E+03,8.565763E-02,2.459628E-01,2.364348E+03,2.283611E+03,8.093454E-02,1.752875E-01,1.052623E+03,1.021182E+03,3.604367E-02,7.835077E-02,9.854491E+02,8.441461E+02,3.373380E-02,6.479320E-02,2.881385E+03,2.609911E+03,9.861354E-02,2.003996E-01,2.825823E+03,2.822521E+03,9.671214E-02,2.167242E-01,3.174457E+03,1.832346E+03,1.086430E-01,1.406874E-01
18:00:00,1.607531E+03,1.048153E+03,5.501196E-02,8.048322E-02,2.499737E+01,7.784360E+02,8.560239E-04,5.972632E-02,1.984710E+03,2.510032E+03,6.792849E-02,1.927197E-01,2.495754E+03,3.171211E+03,8.543502E-02,2.434122E-01,2.358825E+03,2.229988E+03,8.074528E-02,1.711708E-01,1.047919E+03,1.030584E+03,3.588258E-02,7.907211E-02,9.823143E+02,8.407755E+02,3.362647E-02,6.453444E-02,2.875457E+03,2.603964E+03,9.841034E-02,1.999414E-01,2.819363E+03,2.806084E+03,9.649073E-02,2.154606E-01,3.168407E+03,1.796460E+03,1.084356E-01,1.379311E-01
18:15:00,1.604960E+03,1.035321E+03,5.492360E-02,7.949715E-02,2.297740E+01,7.869110E+02,7.868517E-04,6.037660E-02,1.981467E+03,2.480351E+03,6.781725E-02,1.904391E-01,2.489723E+03,3.125176E+03,8.522833E-02,2.398776E-01,2.353912E+03,2.173782E+03,8.057686E-02,1.668557E-01,1.043440E+03,1.040603E+03,3.572921E-02,7.984080E-02,9.794573E+02,8.364933E+02,3.352866E-02,6.420573E-02,2.869894E+03,2.583159E+03,9.821958E-02,1.983423E-01,2.813387E+03,2.779514E+03,9.628585E-02,2.134189E-01,3.162719E+03,1.757820E+03,1.082405E-01,1.349633E-01
18:30:00,1.602635E+03,1.021327E+03,5.484366E-02,7.842187E-02,2.112294E+01,7.937174E+02,7.233471E-04,6.089885E-02,1.978462E+03,2.430583E+03,6.771414E-02,1.866161E-01,2.484094E+03,3.058464E+03,8.503540E-02,2.347558E-01,2.349454E+03,2.114651E+03,8.042401E-02,1.623162E-01,1.039148E+03,1.048266E+03,3.558222E-02,8.042876E-02,9.768037E+02,8.316433E+02,3.343782E-02,6.383346E-02,2.864611E+03,2.541382E+03,9.803837E-02,1.951327E-01,2.807764E+03,2.736558E+03,9.609300E-02,2.101189E-01,3.157301E+03,1.716367E+03,1.080547E-01,1.317795E-01
18:45:00,1.600486E+03,1.006439E+03,5.476984E-02,7.727808E-02,1.939596E+01,7.963643E+02,6.642078E-04,6.110195E-02,1.975629E+03,2.359403E+03,6.761694E-02,1.811491E-01,2.478756E+03,2.967926E+03,8.485249E-02,2.278053E-01,2.345322E+03,2.053601E+03,8.028238E-02,1.576295E-01,1.035012E+03,1.050824E+03,3.544058E-02,8.062506E-02,9.743045E+02,8.270206E+02,3.335226E-02,6.347865E-02,2.859540E+03,2.476324E+03,9.786453E-02,1.901352E-01,2.802397E+03,2.672426E+03,9.590905E-02,2.051929E-01,3.152086E+03,1.672519E+03,1.078759E-01,1.284119E-01
19:00:00,1.598472E+03,9.901431E+02,5.470076E-02,7.602630E-02,1.776924E+01,7.936647E+02,6.085015E-04,6.089482E-02,1.972928E+03,2.265329E+03,6.752435E-02,1.739243E-01,2.473645E+03,2.850503E+03,8.467740E-02,2.187912E-01,2.341436E+03,1.990028E+03,8.014924E-02,1.527492E-01,1.031009E+03,1.046999E+03,3.530351E-02,8.033151E-02,9.719267E+02,8.224958E+02,3.327086E-02,6.313138E-02,2.854646E+03,2.386115E+03,9.769683E-02,1.832067E-01,2.797237E+03,2.582610E+03,9.573224E-02,1.982948E-01,3.147039E+03,1.625487E+03,1.077029E-01,1.248000E-01
19:15:00,1.596579E+03,9.732889E+02,5.463584E-02,7.473170E-02,1.623571E+01,7.860303E+02,5.559866E-04,6.030906E-02,1.970354E+03,2.148439E+03,6.743614E-02,1.649478E-01,2.468770E+03,2.705023E+03,8.451046E-02,2.076235E-01,2.337770E+03,1.925300E+03,8.002365E-02,1.477805E-01,1.046584E+03,1.017595E+03,3.583678E-02,7.807547E-02,9.777763E+02,8.092801E+02,3.347110E-02,6.211703E-02,2.875009E+03,2.247015E+03,9.839362E-02,1.725243E-01,2.817354E+03,2.441554E+03,9.642059E-02,1.874622E-01,3.167244E+03,1.551909E+03,1.083943E-01,1.191500E-01
19:30:00,1.594789E+03,9.528305E+02,5.457447E-02,7.316038E-02,1.478750E+01,7.743815E+02,5.063934E-04,5.941530E-02,1.967893E+03,2.001083E+03,6.735184E-02,1.536321E-01,2.464100E+03,2.523883E+03,8.435051E-02,1.937187E-01,2.334298E+03,1.857914E+03,7.990471E-02,1.426076E-01,1.062320E+03,9.829551E+02,3.637556E-02,7.541761E-02,9.837423E+02,7.916149E+02,3.367522E-02,6.076091E-02,2.895575E+03,2.075845E+03,9.909686E-02,1.593785E-01,2.837689E+03,2.268011E+03,9.711593E-02,1.741340E-01,3.187652E+03,1.475235E+03,1.090921E-01,1.132614E-01
19:45:00,1.593080E+03,9.260293E+02,5.451590E-02,7.110200E-02,1.340858E+01,7.591416E+02,4.591730E-04,5.824604E-02,1.965521E+03,1.824189E+03,6.727057E-02,1.400485E-01,2.459591E+03,2.311192E+03,8.419610E-02,1.773921E-01,2.330978E+03,1.785991E+03,7.979099E-02,1.370866E-01,1.078200E+03,9.436076E+02,3.691923E-02,7.239859E-02,9.898231E+02,7.655445E+02,3.388330E-02,5.875956E-02,2.916249E+03,1.873215E+03,9.980389E-02,1.438173E-01,2.858141E+03,2.066691E+03,9.781539E-02,1.586734E-01,3.208191E+03,1.393895E+03,1.097945E-01,1.070146E-01
20:00:00,1.591436E+03,8.934655E+02,5.445960E-02,6.860100E-02,1.208060E+01,7.410397E+02,4.136972E-04,5.685722E-02,1.963219E+03,1.638353E+03,6.719176E-02,1.257783E-01,2.455228E+03,2.090878E+03,8.404671E-02,1.604804E-01,2.327771E+03,1.711064E+03,7.968120E-02,1.313350E-01,1.094200E+03,9.005069E+02,3.746703E-02,6.909167E-02,9.960130E+02,7.313430E+02,3.409513E-02,5.613401E-02,2.937024E+03,1.660238E+03,1.005146E-01,1.274619E-01,2.878703E+03,1.858996E+03,9.851878E-02,1.427234E-01,3.228861E+03,1.309127E+03,1.105016E-01,1.005050E-01
20:15:00,1.603665E+03,8.434036E+02,5.487807E-02,6.475643E-02,1.820684E+01,7.128702E+02,6.234892E-04,5.469597E-02,1.974115E+03,1.451434E+03,6.756465E-02,1.114256E-01,2.468942E+03,1.868477E+03,8.451613E-02,1.434090E-01,2.349772E+03,1.611634E+03,8.043426E-02,1.237026E-01,1.094029E+03,8.720600E+02,3.746115E-02,6.690915E-02,1.006100E+03,6.889334E+02,3.444040E-02,5.287843E-02,2.945280E+03,1.471799E+03,1.007969E-01,1.129912E-01,2.896677E+03,1.669848E+03,9.913369E-02,1.281984E-01,3.239098E+03,1.237590E+03,1.108517E-01,9.501131E-02
20:30:00,1.626228E+03,7.848243E+02,5.564985E-02,6.025734E-02,3.053136E+01,6.788295E+02,1.045533E-03,5.208422E-02,1.994316E+03,1.290920E+03,6.825578E-02,9.910043E-02,2.494918E+03,1.675912E+03,8.540511E-02,1.286279E-01,2.389729E+03,1.502623E+03,8.180165E-02,1.153342E-01,1.097289E+03,8.408968E+02,3.757280E-02,6.451836E-02,1.024544E+03,6.394453E+02,3.507169E-02,4.907953E-02,2.962367E+03,1.309232E+03,1.013817E-01,1.005084E-01,2.929670E+03,1.501039E+03,1.002627E-01,1.152362E-01,3.259096E+03,1.162044E+03,1.115361E-01,8.921057E-02
20:45:00,1.654581E+03,7.249698E+02,5.661979E-02,5.566040E-02,4.668079E+01,6.430947E+02,1.598552E-03,4.934251E-02,2.019566E+03,1.167570E+03,6.911969E-02,8.962962E-02,2.528165E+03,1.523295E+03,8.654297E-02,1.169137E-01,2.440336E+03,1.393424E+03,8.353363E-02,1.069514E-01,1.103234E+03,8.098112E+02,3.777639E-02,6.213358E-02,1.047472E+03,5.904461E+02,3.585640E-02,4.531821E-02,2.984428E+03,1.183752E+03,1.021367E-01,9.087383E-02,2.970186E+03,1.363613E+03,1.016490E-01,1.046843E-01,3.284096E+03,1.088831E+03,1.123916E-01,8.358892E-02
21:00:00,1.686947E+03,6.659806E+02,5.772716E-02,5.113019E-02,6.563096E+01,6.077451E+02,2.247476E-03,4.663040E-02,2.048490E+03,1.069524E+03,7.010936E-02,8.210242E-02,2.566711E+03,1.398909E+03,8.786228E-02,1.073670E-01,2.498437E+03,1.287794E+03,8.552216E-02,9.884277E-02,1.111257E+03,7.803743E+02,3.805114E-02,5.987531E-02,1.073370E+03,5.439167E+02,3.674283E-02,4.174662E-02,3.010046E+03,1.084019E+03,1.030132E-01,8.321681E-02,3.015584E+03,1.248373E+03,1.032023E-01,9.583634E-02,3.312502E+03,1.019974E+03,1.133636E-01,7.830163E-02
21:15:00,1.713097E+03,6.172826E+02,5.862188E-02,4.739037E-02,8.159029E+01,5.796789E+02,2.793973E-03,4.447717E-02,2.070962E+03,9.940556E+02,7.087827E-02,7.630873E-02,2.596824E+03,1.303547E+03,8.889295E-02,1.000479E-01,2.545110E+03,1.202644E+03,8.711962E-02,9.230641E-02,1.141282E+03,7.321696E+02,3.907923E-02,5.617703E-02,1.103921E+03,4.967617E+02,3.778855E-02,3.812718E-02,3.059809E+03,9.757266E+02,1.047162E-01,7.490303E-02,3.080406E+03,1.128505E+03,1.054205E-01,8.663343E-02,3.363670E+03,9.319825E+02,1.151145E-01,7.154567E-02
21:30:00,1.734737E+03,5.751147E+02,5.936255E-02,4.415242E-02,9.522544E+01,5.565209E+02,3.260875E-03,4.270059E-02,2.089493E+03,9.319263E+02,7.151251E-02,7.153922E-02,2.621945E+03,1.225440E+03,8.975294E-02,9.405338E-02,2.583989E+03,1.129616E+03,8.845060E-02,8.670101E-02,1.170620E+03,6.870847E+02,4.008375E-02,5.271796E-02,1.131226E+03,4.551088E+02,3.872318E-02,3.493002E-02,3.106440E+03,8.799075E+02,1.063115E-01,6.754597E-02,3.139133E+03,1.023335E+03,1.074298E-01,7.855829E-02,3.411049E+03,8.502288E+02,1.167355E-01,6.526799E-02
21:45:00,1.754250E+03,5.367289E+02,6.003047E-02,4.120497E-02,1.076644E+02,5.364642E+02,3.686813E-03,4.116200E-02,2.106334E+03,8.778306E+02,7.208897E-02,6.738632E-02,2.644735E+03,1.157991E+03,9.053320E-02,8.887673E-02,2.618795E+03,1.064126E+03,8.964222E-02,8.167435E-02,1.199426E+03,6.442329E+02,4.107008E-02,4.943021E-02,1.157117E+03,4.165607E+02,3.960943E-02,3.197121E-02,3.151751E+03,7.915707E+02,1.078617E-01,6.076335E-02,3.195378E+03,9.263161E+02,1.093543E-01,7.110898E-02,3.456941E+03,7.718502E+02,1.183056E-01,5.924967E-02
22:00:00,1.380518E+03,3.869111E+02,4.690785E-02,2.970316E-02,8.618122E+01,3.942355E+02,2.951149E-03,3.024915E-02,1.587453E+03,6.374688E+02,5.433038E-02,4.893493E-02,1.993988E+03,8.422187E+02,6.825718E-02,6.464095E-02,1.979930E+03,7.713586E+02,6.777372E-02,5.920367E-02,9.191135E+02,4.585919E+02,3.147174E-02,3.518653E-02,8.990735E+02,2.931383E+02,3.068688E-02,2.249836E-02,2.549304E+03,5.489136E+02,8.631174E-02,4.213548E-02,2.596589E+03,6.453646E+02,8.789244E-02,4.954084E-02,2.822450E+03,5.372945E+02,9.549847E-02,4.124361E-02
22:15:00,1.063496E+03,2.488848E+02,3.536673E-02,1.910665E-02,6.058627E+01,2.581625E+02,2.074683E-03,1.980853E-02,1.192129E+03,4.127012E+02,4.010691E-02,3.168062E-02,1.334736E+03,5.464258E+02,4.569000E-02,4.193854E-02,1.328130E+03,4.990920E+02,4.546236E-02,3.830639E-02,6.144417E+02,3.008378E+02,2.103930E-02,2.308245E-02,6.642167E+02,1.886161E+02,2.233288E-02,1.447607E-02,2.022081E+03,3.522561E+02,6.672926E-02,2.703886E-02,2.066991E+03,4.145254E+02,6.818240E-02,3.181970E-02,2.258727E+03,3.463173E+02,7.443641E-02,2.658300E-02
22:30:00,7.892763E+02,1.205923E+02,2.497440E-02,9.257669E-03,3.144616E+01,1.272176E+02,1.076823E-03,9.761300E-03,8.348235E+02,2.010219E+02,2.684276E-02,1.543119E-02,6.693003E+02,2.666938E+02,2.291116E-02,2.046890E-02,6.669627E+02,2.431240E+02,2.283040E-02,1.866027E-02,3.078770E+02,1.482040E+02,1.054213E-02,1.137131E-02,4.607639E+02,9.149765E+01,1.481851E-02,7.022332E-03,1.582885E+03,1.700327E+02,4.954177E-02,1.305149E-02,1.621360E+03,2.005713E+02,5.073269E-02,1.539613E-02,1.792510E+03,1.678522E+02,5.602645E-02,1.288411E-02
22:45:00,5.299750E+02,0.000000E+00,1.498270E-02,0.000000E+00,0.000000E+00,0.000000E+00,0.000000E+00,0.000000E+00,4.902782E+02,0.000000E+00,1.392112E-02,0.000000E+00,0.000000E+00,0.000000E+00,0.000000E+00,0.000000E+00,4.985761E+01,0.000000E+00,1.407480E-03,0.000000E+00,1.367801E+00,0.000000E+00,3.899557E-05,0.000000E+00,2.701685E+02,0.000000E+00,7.650921E-03,0.000000E+00,1.159526E+03,0.000000E+00,3.278403E-02,0.000000E+00,1.195246E+03,0.000000E+00,3.380851E-02,0.000000E+00,1.346953E+03,0.000000E+00,3.818281E-02,0.000000E+00
23:00:00,6.781869E+02,0.000000E+00,1.916194E-02,0.000000E+00,0.000000E+00,0.000000E+00,0.000000E+00,0.000000E+00,7.077406E+02,0.000000E+00,2.005726E-02,0.000000E+00,0.000000E+00,0.000000E+00,0.000000E+00,0.000000E+00,1.747479E+02,0.000000E+00,4.932227E-03,0.000000E+00,3.929738E+01,0.000000E+00,1.112891E-03,0.000000E+00,3.745235E+02,0.000000E+00,1.058761E-02,0.000000E+00,1.406143E+03,0.000000E+00,3.973771E-02,0.000000E+00,1.446194E+03,0.000000E+00,4.086879E-02,0.000000E+00,1.603809E+03,0.000000E+00,4.532322E-02,0.000000E+00
23:15:00,7.743363E+02,0.000000E+00,2.184725E-02,0.000000E+00,0.000000E+00,0.000000E+00,0.000000E+00,0.000000E+00,8.087571E+02,0.000000E+00,2.282179E-02,0.000000E+00,0.000000E+00,0.000000E+00,0.000000E+00,0.000000E+00,3.525773E+02,0.000000E+00,9.950532E-03,0.000000E+00,8.990029E+01,0.000000E+00,2.541041E-03,0.000000E+00,4.481448E+02,0.000000E+00,1.264559E-02,0.000000E+00,1.554217E+03,0.000000E+00,4.385182E-02,0.000000E+00,1.600572E+03,0.000000E+00,4.515968E-02,0.000000E+00,1.767547E+03,0.000000E+00,4.986974E-02,0.000000E+00
23:30:00,8.316527E+02,0.000000E+00,2.346230E-02,0.000000E+00,0.000000E+00,0.000000E+00,0.000000E+00,0.000000E+00,8.774624E+02,0.000000E+00,2.475842E-02,0.000000E+00,3.776083E+01,0.000000E+00,1.067016E-03,0.000000E+00,5.676377E+02,0.000000E+00,1.601890E-02,0.000000E+00,1.458367E+02,0.000000E+00,4.119663E-03,0.000000E+00,4.934627E+02,0.000000E+00,1.392332E-02,0.000000E+00,1.622423E+03,0.000000E+00,4.577154E-02,0.000000E+00,1.675978E+03,0.000000E+00,4.728255E-02,0.000000E+00,1.842096E+03,0.000000E+00,5.196769E-02,0.000000E+00
23:45:00,8.774852E+02,0.000000E+00,2.475376E-02,0.000000E+00,0.000000E+00,0.000000E+00,0.000000E+00,0.000000E+00,9.393034E+02,0.000000E+00,2.650176E-02,0.000000E+00,1.031612E+02,0.000000E+00,2.912748E-03,0.000000E+00,7.589073E+02,0.000000E+00,2.141494E-02,0.000000E+00,2.113156E+02,0.000000E+00,5.967176E-03,0.000000E+00,5.297598E+02,0.000000E+00,1.494675E-02,0.000000E+00,1.682200E+03,0.000000E+00,4.745477E-02,0.000000E+00,1.738076E+03,0.000000E+00,4.903128E-02,0.000000E+00,1.903366E+03,0.000000E+00,5.369274E-02,0.000000E+00
24:00:00,9.113345E+02,0.000000E+00,2.570721E-02,0.000000E+00,0.000000E+00,0.000000E+00,0.000000E+00,0.000000E+00,9.783258E+02,0.000000E+00,2.760143E-02,0.000000E+00,1.942393E+02,0.000000E+00,5.483047E-03,0.000000E+00,8.944584E+02,0.000000E+00,2.523847E-02,0.000000E+00,2.482398E+02,0.000000E+00,7.005728E-03,0.000000E+00,5.577961E+02,0.000000E+00,1.573723E-02,0.000000E+00,1.725421E+03,0.000000E+00,4.867143E-02,0.000000E+00,1.782645E+03,0.000000E+00,5.028602E-02,0.000000E+00,1.948355E+03,0.000000E+00,5.495921E-02,0.000000E+00
Peak,2.265199E+03,1.124888E+03,7.636557E-02,8.637838E-02,6.191531E+02,7.963643E+02,2.078567E-02,6.110195E-02,2.833250E+03,2.530238E+03,9.546601E-02,1.942738E-01,4.072088E+03,3.239682E+03,1.373273E-01,2.486709E-01,4.077468E+03,2.997789E+03,1.374362E-01,2.301035E-01,1.894022E+03,1.050824E+03,6.383837E-02,8.062506E-02,1.568340E+03,8.475367E+02,5.289013E-02,6.505359E-02,3.946700E+03,2.609911E+03,1.330554E-01,2.003996E-01,3.972570E+03,2.831482E+03,1.339287E-01,2.174148E-01,4.229323E+03,2.044933E+03,1.425891E-01,1.570149E-01

Peak Vol Flow (m3/s),,,6.598157E-02,7.463287E-02,,,1.795928E-02,5.279346E-02,,,8.248479E-02,1.678569E-01,,,1.186539E-01,2.148573E-01,,,1.187480E-01,1.988146E-01,,,5.515779E-02,6.966187E-02,,,4.569827E-02,5.620776E-02,,,1.149629E-01,1.731498E-01,,,1.157174E-01,1.878513E-01,,,1.232002E-01,1.356644E-01
