{
  "high fault schedules": {
    "csv_name": "../../../lib/resources/Master_Condenser_Fouling_58pct.csv",
    "applicable": true
  },
  "custom run period": {
    "runPeriodName": "custom run period",
    "start_date": "2016-8-10",
    "end_date": "2016-9-3",
    "daylightsavings": false,
    "holiday": false,
    "applicable": true
  },
  "Change Start Day of Week": {
    "run_period_type": "RunPeriod",
    "applicable": true
  },
  "duct leakage": {
    "upstream_fraction": 0.0121705692534106,
    "downstream_fraction": 0.119758221206572,
    "applicable": true
  },
  "OpenStudio Results": {
    "building_summary_section": true,
    "annual_overview_section": true,
    "monthly_overview_section": true,
    "utility_bills_rates_section": true,
    "envelope_section_section": true,
    "space_type_breakdown_section": true,
    "space_type_details_section": true,
    "interior_lighting_section": true,
    "plug_loads_section": true,
    "exterior_light_section": true,
    "water_use_section": true,
    "hvac_load_profile": true,
    "zone_condition_section": true,
    "zone_summary_section": true,
    "zone_equipment_detail_section": true,
    "air_loops_detail_section": true,
    "plant_loops_detail_section": true,
    "outdoor_air_section": true,
    "cost_summary_section": true,
    "source_energy_section": true,
    "schedules_overview_section": true,
    "building_name": "building_name",
    "net_site_energy": 27799.476138789596,
    "total_building_area": 3528.517473701614,
    "eui": 7.878514516643834,
    "unmet_hours_during_heating": 24.75,
    "unmet_hours_during_cooling": 0.0,
    "unmet_hours_during_occupied_heating": 0.0,
    "unmet_hours_during_occupied_cooling": 0.0,
    "unmet_hours_tolerance_heating": 0.36,
    "unmet_hours_tolerance_cooling": 0.36,
    "end_use_heating": 4511.60949269139,
    "end_use_cooling": 10388.075638633958,
    "end_use_interior_lighting": 3232.056380268412,
    "end_use_exterior_lighting": 0.0,
    "end_use_interior_equipment": 6994.890347912281,
    "end_use_exterior_equipment": 0.0,
    "end_use_fans": 2672.844279283555,
    "end_use_pumps": 0.0,
    "end_use_heat_rejection": 0.0,
    "end_use_humidification": 0.0,
    "end_use_heat_recovery": 0.0,
    "end_use_water_systems": 0.0,
    "end_use_refrigeration": 0.0,
    "end_use_generators": 0.0,
    "fuel_electricity": 27799.476138789596,
    "fuel_natural_gas": 0.0,
    "fuel_additional_fuel": 0.0,
    "fuel_district_cooling": 0.0,
    "fuel_district_heating": 0.0,
    "end_use_electricity_heating": 1322.2222222222222,
    "end_use_electricity_cooling": 3044.4444444444443,
    "end_use_electricity_interior_lighting": 947.2222222222223,
    "end_use_electricity_exterior_lighting": 0.0,
    "end_use_electricity_interior_equipment": 2050.0,
    "end_use_electricity_exterior_equipment": 0.0,
    "end_use_electricity_fans": 783.3333333333334,
    "end_use_electricity_pumps": 0.0,
    "end_use_electricity_heat_rejection": 0.0,
    "end_use_electricity_humidification": 0.0,
    "end_use_electricity_heat_recovery": 0.0,
    "end_use_electricity_water_systems": 0.0,
    "end_use_electricity_refrigeration": 0.0,
    "end_use_electricity_generators": 0.0,
    "end_use_natural_gas_heating": 0.0,
    "end_use_natural_gas_cooling": 0.0,
    "end_use_natural_gas_interior_lighting": 0.0,
    "end_use_natural_gas_exterior_lighting": 0.0,
    "end_use_natural_gas_interior_equipment": 0.0,
    "end_use_natural_gas_exterior_equipment": 0.0,
    "end_use_natural_gas_fans": 0.0,
    "end_use_natural_gas_pumps": 0.0,
    "end_use_natural_gas_heat_rejection": 0.0,
    "end_use_natural_gas_humidification": 0.0,
    "end_use_natural_gas_heat_recovery": 0.0,
    "end_use_natural_gas_water_systems": 0.0,
    "end_use_natural_gas_refrigeration": 0.0,
    "end_use_natural_gas_generators": 0.0,
    "electricity_heating_ip": 1322.238888888889,
    "electricity_cooling_ip": 3044.803611111111,
    "electricity_interior_lighting_ip": 946.3813888888889,
    "electricity_exterior_lighting_ip": 0.0,
    "electricity_interior_equipment_ip": 2048.6930555555555,
    "electricity_exterior_equipment_ip": 0.0,
    "electricity_fans_ip": 783.9425,
    "electricity_pumps_ip": 0.0,
    "electricity_heat_rejection_ip": 0.0,
    "electricity_humidification_ip": 0.0,
    "electricity_heat_recovery_ip": 0.0,
    "electricity_water_systems_ip": 0.0,
    "electricity_refrigeration_ip": 0.0,
    "electricity_generators_ip": 0.0,
    "electricity_ip": 8146.059444444444,
    "natural_gas_heating_ip": 0.0,
    "natural_gas_cooling_ip": 0.0,
    "natural_gas_interior_lighting_ip": 0.0,
    "natural_gas_exterior_lighting_ip": 0.0,
    "natural_gas_interior_equipment_ip": 0.0,
    "natural_gas_exterior_equipment_ip": 0.0,
    "natural_gas_fans_ip": 0.0,
    "natural_gas_pumps_ip": 0.0,
    "natural_gas_heat_rejection_ip": 0.0,
    "natural_gas_humidification_ip": 0.0,
    "natural_gas_heat_recovery_ip": 0.0,
    "natural_gas_water_systems_ip": 0.0,
    "natural_gas_refrigeration_ip": 0.0,
    "natural_gas_generators_ip": 0.0,
    "natural_gas_ip": 0.0,
    "additional_fuel_heating_ip": 0.0,
    "additional_fuel_cooling_ip": 0.0,
    "additional_fuel_interior_lighting_ip": 0.0,
    "additional_fuel_exterior_lighting_ip": 0.0,
    "additional_fuel_interior_equipment_ip": 0.0,
    "additional_fuel_exterior_equipment_ip": 0.0,
    "additional_fuel_fans_ip": 0.0,
    "additional_fuel_pumps_ip": 0.0,
    "additional_fuel_heat_rejection_ip": 0.0,
    "additional_fuel_humidification_ip": 0.0,
    "additional_fuel_heat_recovery_ip": 0.0,
    "additional_fuel_water_systems_ip": 0.0,
    "additional_fuel_refrigeration_ip": 0.0,
    "additional_fuel_generators_ip": 0.0,
    "additional_fuel_ip": 0.0,
    "district_cooling_heating_ip": 0.0,
    "district_cooling_cooling_ip": 0.0,
    "district_cooling_interior_lighting_ip": 0.0,
    "district_cooling_exterior_lighting_ip": 0.0,
    "district_cooling_interior_equipment_ip": 0.0,
    "district_cooling_exterior_equipment_ip": 0.0,
    "district_cooling_fans_ip": 0.0,
    "district_cooling_pumps_ip": 0.0,
    "district_cooling_heat_rejection_ip": 0.0,
    "district_cooling_humidification_ip": 0.0,
    "district_cooling_heat_recovery_ip": 0.0,
    "district_cooling_water_systems_ip": 0.0,
    "district_cooling_refrigeration_ip": 0.0,
    "district_cooling_generators_ip": 0.0,
    "district_cooling_ip": 0.0,
    "district_heating_heating_ip": 0.0,
    "district_heating_cooling_ip": 0.0,
    "district_heating_interior_lighting_ip": 0.0,
    "district_heating_exterior_lighting_ip": 0.0,
    "district_heating_interior_equipment_ip": 0.0,
    "district_heating_exterior_equipment_ip": 0.0,
    "district_heating_fans_ip": 0.0,
    "district_heating_pumps_ip": 0.0,
    "district_heating_heat_rejection_ip": 0.0,
    "district_heating_humidification_ip": 0.0,
    "district_heating_heat_recovery_ip": 0.0,
    "district_heating_water_systems_ip": 0.0,
    "district_heating_refrigeration_ip": 0.0,
    "district_heating_generators_ip": 0.0,
    "district_heating_ip": 0.0,
    "water_heating_ip": 0.0,
    "water_cooling_ip": 0.0,
    "water_interior_lighting_ip": 0.0,
    "water_exterior_lighting_ip": 0.0,
    "water_interior_equipment_ip": 0.0,
    "water_exterior_equipment_ip": 0.0,
    "water_fans_ip": 0.0,
    "water_pumps_ip": 0.0,
    "water_heat_rejection_ip": 0.0,
    "water_humidification_ip": 0.0,
    "water_heat_recovery_ip": 0.0,
    "water_water_systems_ip": 0.0,
    "water_refrigeration_ip": 0.0,
    "water_generators_ip": 0.0,
    "water_ip": 0.0,
    "_2_frp_ext_wall_adj_exterior_wall_insulation": 2540.3204636920386,
    "_2_frp_roof_adj_exterior_wall_insulation": 1764.0,
    "hybrid_spray_foam_in_adj_exterior_wall_insulation": 408.00000000000006,
    "rigid_foam_board_in_adj_exterior_wall_insulation": 436.00000000000006,
    "door": 68.44444444444441,
    "windows_double": 1140.0006211723537,
    "gross_window_wall_ratio": 26.31,
    "gross_window_wall_ratio_conditioned": 26.34,
    "skylight_roof_ratio": 0.0,
    "space_type_plenum_space_type": 0.0,
    "space_type_primary_entry": 171.63888888888897,
    "space_type_no_space_type": 3356.858705161855,
    "exterior_lighting_total_power": 0.0,
    "exterior_lighting_total_consumption": 8147.222222222223,
    "inflation_approach": "Constant Dollar",
    "analysis_length": 25,
    "annual_peak_electric_demand": 47.501129999999996,
    "first_year_capital_cost": 0.0,
    "annual_utility_cost": 0.0,
    "total_lifecycle_cost": 0.0,
    "applicable": true
  },
  "high fault RTU exit": {
    "csv_name": "../../../lib/resources/Master_Condenser_Fouling_58pct.csv",
    "csv_time_header": "TIMESTAMP",
    "csv_var": "T_Sup_tot_Avg",
    "convert_data": "F to C",
    "csv_var_dn": "T_Sup_tot_Avg",
    "year": true,
    "seconds": false,
    "key_value": "ROOFTOP SUPPLY FAN OUTLET",
    "timeseries_name": "System Node Temperature",
    "reporting_frequency": "Timestep",
    "environment_period": "custom run period",
    "norm": 1.0,
    "scale": 1.0,
    "find_avail": true,
    "algorithm_download": true,
    "plot_flag": true,
    "plot_name": "RTU Exit",
    "verbose_messages": false,
    "warning_messages": true,
    "add_first_zero_for_plots": false,
    "add_last_zero_for_plots": false,
    "diff": 72.66009465792752,
    "simdata": 782.222455054328,
    "csvdata": 815.9763840000002,
    "cvrmse": 15.131092414840332,
    "nmbe": 4.136630619161641,
    "applicable": true
  },
  "high fault RTU enter": {
    "csv_name": "../../../lib/resources/Master_Condenser_Fouling_58pct.csv",
    "csv_time_header": "TIMESTAMP",
    "csv_var": "T_Ret_Avg",
    "convert_data": "F to C",
    "csv_var_dn": "T_Ret_Avg",
    "year": true,
    "seconds": false,
    "key_value": "ROOFTOP MIXED AIR OUTLET",
    "timeseries_name": "System Node Temperature",
    "reporting_frequency": "Timestep",
    "environment_period": "custom run period",
    "norm": 1.0,
    "scale": 1.0,
    "find_avail": true,
    "algorithm_download": true,
    "plot_flag": true,
    "plot_name": "RTU Enter",
    "verbose_messages": false,
    "warning_messages": true,
    "add_first_zero_for_plots": false,
    "add_last_zero_for_plots": false,
    "diff": 41.711683330948176,
    "simdata": 1319.2618786722662,
    "csvdata": 1359.5420880000001,
    "cvrmse": 3.756345065151213,
    "nmbe": 2.962777664867239,
    "applicable": true
  },
  "high fault cooling consumption": {
    "csv_name": "../../../lib/resources/Master_Condenser_Fouling_58pct.csv",
    "csv_time_header": "TIMESTAMP",
    "csv_var": "Cooling_Tot_electric",
    "convert_data": "WH to J",
    "csv_var_dn": "Cooling_Tot_electric",
    "year": true,
    "seconds": false,
    "key_value": "Rooftop Cooling Coil",
    "timeseries_name": "Cooling Coil Electric Energy",
    "reporting_frequency": "Timestep",
    "environment_period": "custom run period",
    "norm": 1.0,
    "scale": 1.0,
    "find_avail": true,
    "algorithm_download": true,
    "plot_flag": true,
    "plot_name": "Cooling Consumption",
    "verbose_messages": false,
    "warning_messages": true,
    "add_first_zero_for_plots": false,
    "add_last_zero_for_plots": false,
    "diff": 179521320.3829444,
    "simdata": 366704426.0392007,
    "csvdata": 521218730.91600007,
    "cvrmse": 55.24431859342015,
    "nmbe": 29.644810462826758,
    "applicable": true
  },
  "high fault cooling capacity": {
    "csv_name": "../../../lib/resources/Master_Condenser_Fouling_58pct.csv",
    "csv_time_header": "TIMESTAMP",
    "csv_var": "Gross_Cooling_Cap",
    "convert_data": "None",
    "csv_var_dn": "Gross_Cooling_Cap",
    "year": true,
    "seconds": false,
    "key_value": "Rooftop Cooling Coil",
    "timeseries_name": "Cooling Coil Total Cooling Rate",
    "reporting_frequency": "Timestep",
    "environment_period": "custom run period",
    "norm": 1.0,
    "scale": 1.0,
    "find_avail": true,
    "algorithm_download": true,
    "plot_flag": true,
    "plot_name": "Cooling Capacity",
    "verbose_messages": false,
    "warning_messages": true,
    "add_first_zero_for_plots": false,
    "add_last_zero_for_plots": false,
    "diff": 287813.4407248547,
    "simdata": 1752068.8199009253,
    "csvdata": 1575890.9316440003,
    "cvrmse": 37.09631341899463,
    "nmbe": -11.179573707752287,
    "applicable": true
  },
  "high fault heating": {
    "csv_name": "../../../lib/resources/Master_Condenser_Fouling_58pct.csv",
    "csv_time_header": "TIMESTAMP",
    "csv_var": "Heating_Tot_electric",
    "convert_data": "WH to J",
    "csv_var_dn": "Heating_Tot_electric",
    "year": true,
    "seconds": false,
    "key_value": "no_key",
    "timeseries_name": "Heating:Electricity",
    "reporting_frequency": "Timestep",
    "environment_period": "custom run period",
    "norm": 1.0,
    "scale": 1.0,
    "find_avail": true,
    "algorithm_download": false,
    "plot_flag": true,
    "plot_name": "Heating Consumption",
    "verbose_messages": false,
    "warning_messages": true,
    "add_first_zero_for_plots": false,
    "add_last_zero_for_plots": false,
    "diff": 57427998.31293507,
    "simdata": 174267518.2417928,
    "csvdata": 144459276.9804,
    "cvrmse": 85.15948449519408,
    "nmbe": -20.634355843714445,
    "applicable": true
  },
  "high fault total": {
    "csv_name": "../../../lib/resources/Master_Condenser_Fouling_58pct.csv",
    "csv_time_header": "TIMESTAMP",
    "csv_var": "WH_Total_electric",
    "convert_data": "WH to J",
    "csv_var_dn": "WH_Total_electric",
    "year": true,
    "seconds": false,
    "key_value": "no_key",
    "timeseries_name": "Electricity:Facility",
    "reporting_frequency": "Timestep",
    "environment_period": "custom run period",
    "norm": 1.0,
    "scale": 1.0,
    "find_avail": true,
    "algorithm_download": true,
    "plot_flag": true,
    "plot_name": "Total Consumption",
    "verbose_messages": false,
    "warning_messages": true,
    "add_first_zero_for_plots": false,
    "add_last_zero_for_plots": false,
    "diff": 192909159.29132557,
    "simdata": 1063409704.5276755,
    "csvdata": 1168867251.03384,
    "cvrmse": 25.773886412518042,
    "nmbe": 9.022200460564633,
    "applicable": true
  },
  "high fault lighting": {
    "csv_name": "../../../lib/resources/Master_Condenser_Fouling_58pct.csv",
    "csv_time_header": "TIMESTAMP",
    "csv_var": "Lights_Tot",
    "convert_data": "WH to J",
    "csv_var_dn": "Lights_Tot",
    "year": true,
    "seconds": false,
    "key_value": "no_key",
    "timeseries_name": "InteriorLights:Electricity",
    "reporting_frequency": "Timestep",
    "environment_period": "custom run period",
    "norm": 1.0,
    "scale": 1.0,
    "find_avail": true,
    "algorithm_download": false,
    "plot_flag": true,
    "plot_name": "Lighting Consumption",
    "verbose_messages": false,
    "warning_messages": true,
    "add_first_zero_for_plots": false,
    "add_last_zero_for_plots": false,
    "diff": 36824.75955402473,
    "simdata": 130765078.94444601,
    "csvdata": 130801903.704,
    "cvrmse": 0.2758426850179527,
    "nmbe": 0.028153076148879876,
    "applicable": true
  },
  "high fault equip": {
    "csv_name": "../../../lib/resources/Master_Condenser_Fouling_58pct.csv",
    "csv_time_header": "TIMESTAMP",
    "csv_var": "Plugloads_Tot",
    "convert_data": "WH to J",
    "csv_var_dn": "Plugloads_Tot",
    "year": true,
    "seconds": false,
    "key_value": "no_key",
    "timeseries_name": "InteriorEquipment:Electricity",
    "reporting_frequency": "Timestep",
    "environment_period": "custom run period",
    "norm": 1.0,
    "scale": 1.0,
    "find_avail": true,
    "algorithm_download": true,
    "plot_flag": true,
    "plot_name": "Equipment Consumption",
    "verbose_messages": false,
    "warning_messages": true,
    "add_first_zero_for_plots": false,
    "add_last_zero_for_plots": false,
    "diff": 1358373.1891930792,
    "simdata": 278784891.177236,
    "csvdata": 278000851.79267997,
    "cvrmse": 2.876814181699372,
    "nmbe": -0.2820276914621957,
    "applicable": true
  },
  "high fault fan": {
    "csv_name": "../../../lib/resources/Master_Condenser_Fouling_58pct.csv",
    "csv_time_header": "TIMESTAMP",
    "csv_var": "AirSCFM_RTU_Tot_Avg",
    "convert_data": "CFM to m3/s",
    "csv_var_dn": "AirSCFM_RTU_Tot_Avg",
    "year": true,
    "seconds": false,
    "key_value": "RoofTop Supply Fan Outlet",
    "timeseries_name": "System Node Standard Density Volume Flow Rate",
    "reporting_frequency": "Timestep",
    "environment_period": "custom run period",
    "norm": 1.0,
    "scale": 1.0,
    "find_avail": true,
    "algorithm_download": true,
    "plot_flag": true,
    "plot_name": "Standard Airflow Volume",
    "verbose_messages": false,
    "warning_messages": true,
    "add_first_zero_for_plots": false,
    "add_last_zero_for_plots": false,
    "diff": 9.204667644565216,
    "simdata": 115.40173235543486,
    "csvdata": 124.60640000000005,
    "cvrmse": 16.30223963998019,
    "nmbe": 7.386994283251271,
    "applicable": true
  },
  "high fault OA": {
    "csv_name": "../../../lib/resources/Master_Condenser_Fouling_58pct.csv",
    "csv_time_header": "TIMESTAMP",
    "csv_var": "T_out_Avg",
    "convert_data": "F to C",
    "csv_var_dn": "T_out_Avg",
    "year": true,
    "seconds": false,
    "key_value": "Environment",
    "timeseries_name": "Site Outdoor Air Drybulb Temperature",
    "reporting_frequency": "Timestep",
    "environment_period": "custom run period",
    "norm": 1.0,
    "scale": 1.0,
    "find_avail": true,
    "algorithm_download": true,
    "plot_flag": true,
    "plot_name": "Outdoor Air Temperature",
    "verbose_messages": false,
    "warning_messages": true,
    "add_first_zero_for_plots": false,
    "add_last_zero_for_plots": false,
    "diff": 3.0703079999999687,
    "simdata": 2117.0000000000005,
    "csvdata": 2117.574948,
    "cvrmse": 0.16713952334432702,
    "nmbe": 0.02715124678552579,
    "applicable": true
  }
}