[
  {
    "name": "ROOFTOP MIXED AIR OUTLET Simulated",
    "type": "System Node Temperature",
    "color": "blue",
    "units": "C",
    "displayname": "RTU Enter",
    "data": [
      {
        "y": 22.878463,
        "time": "2009/08/29 06:45:00"
      },
      {
        "y": 22.354366,
        "time": "2009/08/29 07:00:00"
      },
      {
        "y": 20.638937,
        "time": "2009/08/29 07:15:00"
      },
      {
        "y": 20.177848,
        "time": "2009/08/29 07:30:00"
      },
      {
        "y": 20.081585,
        "time": "2009/08/29 07:45:00"
      },
      {
        "y": 20.361758,
        "time": "2009/08/29 08:00:00"
      },
      {
        "y": 20.654932,
        "time": "2009/08/29 08:15:00"
      },
      {
        "y": 20.718035,
        "time": "2009/08/29 08:30:00"
      },
      {
        "y": 20.773048,
        "time": "2009/08/29 08:45:00"
      },
      {
        "y": 20.809978,
        "time": "2009/08/29 09:00:00"
      },
      {
        "y": 20.848243,
        "time": "2009/08/29 09:15:00"
      },
      {
        "y": 20.892177,
        "time": "2009/08/29 09:30:00"
      },
      {
        "y": 20.941398,
        "time": "2009/08/29 09:45:00"
      },
      {
        "y": 20.995011,
        "time": "2009/08/29 10:00:00"
      },
      {
        "y": 21.032232,
        "time": "2009/08/29 10:15:00"
      },
      {
        "y": 21.081543,
        "time": "2009/08/29 10:30:00"
      },
      {
        "y": 21.119138,
        "time": "2009/08/29 10:45:00"
      },
      {
        "y": 21.171948,
        "time": "2009/08/29 11:00:00"
      },
      {
        "y": 21.223605,
        "time": "2009/08/29 11:15:00"
      },
      {
        "y": 21.258004,
        "time": "2009/08/29 11:30:00"
      },
      {
        "y": 21.293551,
        "time": "2009/08/29 11:45:00"
      },
      {
        "y": 21.326997,
        "time": "2009/08/29 12:00:00"
      },
      {
        "y": 21.364821,
        "time": "2009/08/29 12:15:00"
      },
      {
        "y": 21.405355,
        "time": "2009/08/29 12:30:00"
      },
      {
        "y": 21.447423,
        "time": "2009/08/29 12:45:00"
      },
      {
        "y": 21.485149,
        "time": "2009/08/29 13:00:00"
      },
      {
        "y": 21.519731,
        "time": "2009/08/29 13:15:00"
      },
      {
        "y": 21.5572,
        "time": "2009/08/29 13:30:00"
      },
      {
        "y": 21.60539,
        "time": "2009/08/29 13:45:00"
      },
      {
        "y": 21.674643,
        "time": "2009/08/29 14:00:00"
      },
      {
        "y": 21.712211,
        "time": "2009/08/29 14:15:00"
      },
      {
        "y": 21.767462,
        "time": "2009/08/29 14:30:00"
      },
      {
        "y": 21.853253,
        "time": "2009/08/29 14:45:00"
      },
      {
        "y": 21.945053,
        "time": "2009/08/29 15:00:00"
      },
      {
        "y": 22.026344,
        "time": "2009/08/29 15:15:00"
      },
      {
        "y": 22.111476,
        "time": "2009/08/29 15:30:00"
      },
      {
        "y": 22.184767,
        "time": "2009/08/29 15:45:00"
      },
      {
        "y": 22.246065,
        "time": "2009/08/29 16:00:00"
      },
      {
        "y": 22.301294,
        "time": "2009/08/29 16:15:00"
      },
      {
        "y": 22.360919,
        "time": "2009/08/29 16:30:00"
      },
      {
        "y": 22.424955,
        "time": "2009/08/29 16:45:00"
      },
      {
        "y": 22.489921,
        "time": "2009/08/29 17:00:00"
      },
      {
        "y": 22.542186,
        "time": "2009/08/29 17:15:00"
      },
      {
        "y": 22.568346,
        "time": "2009/08/29 17:30:00"
      },
      {
        "y": 22.56248,
        "time": "2009/08/29 17:45:00"
      },
      {
        "y": 22.571369,
        "time": "2009/08/29 18:00:00"
      },
      {
        "y": 22.589234,
        "time": "2009/08/29 18:15:00"
      },
      {
        "y": 22.556558,
        "time": "2009/08/29 18:30:00"
      },
      {
        "y": 22.458384,
        "time": "2009/08/29 18:45:00"
      },
      {
        "y": 22.347764,
        "time": "2009/08/29 19:00:00"
      },
      {
        "y": 22.204087,
        "time": "2009/08/29 19:15:00"
      },
      {
        "y": 22.065738,
        "time": "2009/08/29 19:30:00"
      },
      {
        "y": 21.88828,
        "time": "2009/08/29 19:45:00"
      },
      {
        "y": 21.775798,
        "time": "2009/08/29 20:00:00"
      },
      {
        "y": 21.701179,
        "time": "2009/08/29 20:15:00"
      },
      {
        "y": 21.619133,
        "time": "2009/08/29 20:30:00"
      },
      {
        "y": 21.542604,
        "time": "2009/08/29 20:45:00"
      },
      {
        "y": 21.487925,
        "time": "2009/08/29 21:00:00"
      },
      {
        "y": 21.427498,
        "time": "2009/08/29 21:15:00"
      },
      {
        "y": 21.37141,
        "time": "2009/08/29 21:30:00"
      },
      {
        "y": 21.778732,
        "time": "2009/08/29 21:45:00"
      }
    ],
    "cvrmse": 3.762691,
    "nmbe": 2.969173
  },
  {
    "name": "ROOFTOP MIXED AIR OUTLET Metered",
    "type": "System Node Temperature",
    "color": "red",
    "units": "C",
    "displayname": "RTU Enter",
    "data": [
      {
        "y": 22.901832,
        "time": "2009/08/29 06:45:00"
      },
      {
        "y": 23.096292,
        "time": "2009/08/29 07:00:00"
      },
      {
        "y": 22.768488,
        "time": "2009/08/29 07:15:00"
      },
      {
        "y": 21.746184,
        "time": "2009/08/29 07:30:00"
      },
      {
        "y": 21.173916,
        "time": "2009/08/29 07:45:00"
      },
      {
        "y": 20.907228,
        "time": "2009/08/29 08:00:00"
      },
      {
        "y": 21.040572,
        "time": "2009/08/29 08:15:00"
      },
      {
        "y": 21.14058,
        "time": "2009/08/29 08:30:00"
      },
      {
        "y": 21.073908,
        "time": "2009/08/29 08:45:00"
      },
      {
        "y": 21.096132,
        "time": "2009/08/29 09:00:00"
      },
      {
        "y": 21.257256,
        "time": "2009/08/29 09:15:00"
      },
      {
        "y": 21.235032,
        "time": "2009/08/29 09:30:00"
      },
      {
        "y": 21.268368,
        "time": "2009/08/29 09:45:00"
      },
      {
        "y": 21.329484,
        "time": "2009/08/29 10:00:00"
      },
      {
        "y": 21.423936,
        "time": "2009/08/29 10:15:00"
      },
      {
        "y": 21.551724,
        "time": "2009/08/29 10:30:00"
      },
      {
        "y": 21.69618,
        "time": "2009/08/29 10:45:00"
      },
      {
        "y": 21.86286,
        "time": "2009/08/29 11:00:00"
      },
      {
        "y": 22.040652,
        "time": "2009/08/29 11:15:00"
      },
      {
        "y": 22.146216,
        "time": "2009/08/29 11:30:00"
      },
      {
        "y": 22.274004,
        "time": "2009/08/29 11:45:00"
      },
      {
        "y": 22.374012,
        "time": "2009/08/29 12:00:00"
      },
      {
        "y": 22.301784,
        "time": "2009/08/29 12:15:00"
      },
      {
        "y": 22.579584,
        "time": "2009/08/29 12:30:00"
      },
      {
        "y": 22.757376,
        "time": "2009/08/29 12:45:00"
      },
      {
        "y": 22.812936,
        "time": "2009/08/29 13:00:00"
      },
      {
        "y": 22.574028,
        "time": "2009/08/29 13:15:00"
      },
      {
        "y": 22.662924,
        "time": "2009/08/29 13:30:00"
      },
      {
        "y": 22.929612,
        "time": "2009/08/29 13:45:00"
      },
      {
        "y": 22.924056,
        "time": "2009/08/29 14:00:00"
      },
      {
        "y": 23.11296,
        "time": "2009/08/29 14:15:00"
      },
      {
        "y": 23.035176,
        "time": "2009/08/29 14:30:00"
      },
      {
        "y": 23.235192,
        "time": "2009/08/29 14:45:00"
      },
      {
        "y": 23.218524,
        "time": "2009/08/29 15:00:00"
      },
      {
        "y": 23.41854,
        "time": "2009/08/29 15:15:00"
      },
      {
        "y": 23.257416,
        "time": "2009/08/29 15:30:00"
      },
      {
        "y": 23.090736,
        "time": "2009/08/29 15:45:00"
      },
      {
        "y": 23.024064,
        "time": "2009/08/29 16:00:00"
      },
      {
        "y": 23.135184,
        "time": "2009/08/29 16:15:00"
      },
      {
        "y": 23.374092,
        "time": "2009/08/29 16:30:00"
      },
      {
        "y": 23.274084,
        "time": "2009/08/29 16:45:00"
      },
      {
        "y": 23.190744,
        "time": "2009/08/29 17:00:00"
      },
      {
        "y": 23.068512,
        "time": "2009/08/29 17:15:00"
      },
      {
        "y": 23.218524,
        "time": "2009/08/29 17:30:00"
      },
      {
        "y": 23.329644,
        "time": "2009/08/29 17:45:00"
      },
      {
        "y": 23.046288,
        "time": "2009/08/29 18:00:00"
      },
      {
        "y": 22.812936,
        "time": "2009/08/29 18:15:00"
      },
      {
        "y": 22.601808,
        "time": "2009/08/29 18:30:00"
      },
      {
        "y": 22.690704,
        "time": "2009/08/29 18:45:00"
      },
      {
        "y": 22.351788,
        "time": "2009/08/29 19:00:00"
      },
      {
        "y": 22.357344,
        "time": "2009/08/29 19:15:00"
      },
      {
        "y": 22.062876,
        "time": "2009/08/29 19:30:00"
      },
      {
        "y": 22.012872,
        "time": "2009/08/29 19:45:00"
      },
      {
        "y": 21.768408,
        "time": "2009/08/29 20:00:00"
      },
      {
        "y": 21.77952,
        "time": "2009/08/29 20:15:00"
      },
      {
        "y": 21.773964,
        "time": "2009/08/29 20:30:00"
      },
      {
        "y": 21.768408,
        "time": "2009/08/29 20:45:00"
      },
      {
        "y": 21.707292,
        "time": "2009/08/29 21:00:00"
      },
      {
        "y": 21.36282,
        "time": "2009/08/29 21:15:00"
      },
      {
        "y": 21.240588,
        "time": "2009/08/29 21:30:00"
      },
      {
        "y": 21.273924,
        "time": "2009/08/29 21:45:00"
      }
    ],
    "cvrmse": 3.762691,
    "nmbe": 2.969173
  }
]