Time,ROOM 102:OAK RIDGE ANN HTG 99.6% CONDNS DB:Des Heat Load [W],ROOM 102:OAK RIDGE ANN CLG 2% CONDNS DB=>MWB:Des Sens Cool Load [W],ROOM 102:OAK RIDGE ANN HTG 99.6% CONDNS DB:Des Heat Mass Flow [kg/s],ROOM 102:OAK RIDGE ANN CLG 2% CONDNS DB=>MWB:Des Cool Mass Flow [kg/s],ROOM 103:OAK RIDGE ANN HTG 99.6% CONDNS DB:Des Heat Load [W],ROOM 103:OAK RIDGE ANN CLG 2% CONDNS DB=>MWB:Des Sens Cool Load [W],ROOM 103:OAK RIDGE ANN HTG 99.6% CONDNS DB:Des Heat Mass Flow [kg/s],ROOM 103:OAK RIDGE ANN CLG 2% CONDNS DB=>MWB:Des Cool Mass Flow [kg/s],ROOM 104:OAK RIDGE ANN HTG 99.6% CONDNS DB:Des Heat Load [W],ROOM 104:OAK RIDGE ANN CLG 2% CONDNS DB=>MWB:Des Sens Cool Load [W],ROOM 104:OAK RIDGE ANN HTG 99.6% CONDNS DB:Des Heat Mass Flow [kg/s],ROOM 104:OAK RIDGE ANN CLG 2% CONDNS DB=>MWB:Des Cool Mass Flow [kg/s],ROOM 105:OAK RIDGE ANN HTG 99.6% CONDNS DB:Des Heat Load [W],ROOM 105:OAK RIDGE ANN CLG 2% CONDNS DB=>MWB:Des Sens Cool Load [W],ROOM 105:OAK RIDGE ANN HTG 99.6% CONDNS DB:Des Heat Mass Flow [kg/s],ROOM 105:OAK RIDGE ANN CLG 2% CONDNS DB=>MWB:Des Cool Mass Flow [kg/s],ROOM 106:OAK RIDGE ANN HTG 99.6% CONDNS DB:Des Heat Load [W],ROOM 106:OAK RIDGE ANN CLG 2% CONDNS DB=>MWB:Des Sens Cool Load [W],ROOM 106:OAK RIDGE ANN HTG 99.6% CONDNS DB:Des Heat Mass Flow [kg/s],ROOM 106:OAK RIDGE ANN CLG 2% CONDNS DB=>MWB:Des Cool Mass Flow [kg/s],ROOM 202:OAK RIDGE ANN HTG 99.6% CONDNS DB:Des Heat Load [W],ROOM 202:OAK RIDGE ANN CLG 2% CONDNS DB=>MWB:Des Sens Cool Load [W],ROOM 202:OAK RIDGE ANN HTG 99.6% CONDNS DB:Des Heat Mass Flow [kg/s],ROOM 202:OAK RIDGE ANN CLG 2% CONDNS DB=>MWB:Des Cool Mass Flow [kg/s],ROOM 203:OAK RIDGE ANN HTG 99.6% CONDNS DB:Des Heat Load [W],ROOM 203:OAK RIDGE ANN CLG 2% CONDNS DB=>MWB:Des Sens Cool Load [W],ROOM 203:OAK RIDGE ANN HTG 99.6% CONDNS DB:Des Heat Mass Flow [kg/s],ROOM 203:OAK RIDGE ANN CLG 2% CONDNS DB=>MWB:Des Cool Mass Flow [kg/s],ROOM 204:OAK RIDGE ANN HTG 99.6% CONDNS DB:Des Heat Load [W],ROOM 204:OAK RIDGE ANN CLG 2% CONDNS DB=>MWB:Des Sens Cool Load [W],ROOM 204:OAK RIDGE ANN HTG 99.6% CONDNS DB:Des Heat Mass Flow [kg/s],ROOM 204:OAK RIDGE ANN CLG 2% CONDNS DB=>MWB:Des Cool Mass Flow [kg/s],ROOM 205:OAK RIDGE ANN HTG 99.6% CONDNS DB:Des Heat Load [W],ROOM 205:OAK RIDGE ANN CLG 2% CONDNS DB=>MWB:Des Sens Cool Load [W],ROOM 205:OAK RIDGE ANN HTG 99.6% CONDNS DB:Des Heat Mass Flow [kg/s],ROOM 205:OAK RIDGE ANN CLG 2% CONDNS DB=>MWB:Des Cool Mass Flow [kg/s],ROOM 206:OAK RIDGE ANN HTG 99.6% CONDNS DB:Des Heat Load [W],ROOM 206:OAK RIDGE ANN CLG 2% CONDNS DB=>MWB:Des Sens Cool Load [W],ROOM 206:OAK RIDGE ANN HTG 99.6% CONDNS DB:Des Heat Mass Flow [kg/s],ROOM 206:OAK RIDGE ANN CLG 2% CONDNS DB=>MWB:Des Cool Mass Flow [kg/s]
00:15:00,1.106851E+03,0.000000E+00,3.121914E-02,0.000000E+00,0.000000E+00,0.000000E+00,0.000000E+00,0.000000E+00,1.251221E+03,0.000000E+00,3.529657E-02,0.000000E+00,9.487403E+02,0.000000E+00,2.676957E-02,0.000000E+00,1.450555E+03,0.000000E+00,4.092424E-02,0.000000E+00,5.047560E+02,2.400925E+01,1.424426E-02,1.388401E-03,7.136310E+02,0.000000E+00,2.013348E-02,0.000000E+00,2.018439E+03,0.000000E+00,5.693495E-02,0.000000E+00,2.062703E+03,0.000000E+00,5.818336E-02,0.000000E+00,2.237128E+03,0.000000E+00,6.310298E-02,0.000000E+00
00:30:00,1.110558E+03,0.000000E+00,3.132365E-02,0.000000E+00,0.000000E+00,0.000000E+00,0.000000E+00,0.000000E+00,1.255739E+03,0.000000E+00,3.542408E-02,0.000000E+00,9.554803E+02,0.000000E+00,2.695970E-02,0.000000E+00,1.460227E+03,0.000000E+00,4.119718E-02,0.000000E+00,5.113867E+02,1.760080E+01,1.443139E-02,1.017807E-03,7.184495E+02,0.000000E+00,2.026944E-02,0.000000E+00,2.027216E+03,0.000000E+00,5.718252E-02,0.000000E+00,2.072178E+03,0.000000E+00,5.845061E-02,0.000000E+00,2.245886E+03,0.000000E+00,6.335001E-02,0.000000E+00
00:45:00,1.113773E+03,0.000000E+00,3.141432E-02,0.000000E+00,0.000000E+00,0.000000E+00,0.000000E+00,0.000000E+00,1.259674E+03,0.000000E+00,3.553512E-02,0.000000E+00,9.611078E+02,0.000000E+00,2.711843E-02,0.000000E+00,1.468617E+03,0.000000E+00,4.143394E-02,0.000000E+00,5.178038E+02,1.141223E+01,1.461249E-02,6.599335E-04,7.231569E+02,0.000000E+00,2.040226E-02,0.000000E+00,2.035769E+03,0.000000E+00,5.742378E-02,0.000000E+00,2.081525E+03,0.000000E+00,5.871427E-02,0.000000E+00,2.254488E+03,0.000000E+00,6.359265E-02,0.000000E+00
01:00:00,1.116569E+03,0.000000E+00,3.149324E-02,0.000000E+00,0.000000E+00,0.000000E+00,0.000000E+00,0.000000E+00,1.263133E+03,0.000000E+00,3.563271E-02,0.000000E+00,9.658435E+02,0.000000E+00,2.725202E-02,0.000000E+00,1.475957E+03,0.000000E+00,4.164105E-02,0.000000E+00,5.240398E+02,6.143983E+00,1.478847E-02,3.552845E-04,7.277563E+02,0.000000E+00,2.053202E-02,0.000000E+00,2.044118E+03,0.000000E+00,5.765928E-02,0.000000E+00,2.090729E+03,0.000000E+00,5.897389E-02,0.000000E+00,2.262934E+03,0.000000E+00,6.383088E-02,0.000000E+00
01:15:00,1.121831E+03,0.000000E+00,3.164170E-02,0.000000E+00,0.000000E+00,0.000000E+00,0.000000E+00,0.000000E+00,1.269551E+03,0.000000E+00,3.581380E-02,0.000000E+00,9.785216E+02,0.000000E+00,2.760963E-02,0.000000E+00,1.486620E+03,0.000000E+00,4.194192E-02,0.000000E+00,5.304343E+02,2.711832E+00,1.496893E-02,1.568145E-04,7.321195E+02,0.000000E+00,2.065513E-02,0.000000E+00,2.052312E+03,0.000000E+00,5.789042E-02,0.000000E+00,2.099491E+03,0.000000E+00,5.922104E-02,0.000000E+00,2.271253E+03,0.000000E+00,6.406553E-02,0.000000E+00
01:30:00,1.126764E+03,0.000000E+00,3.178089E-02,0.000000E+00,0.000000E+00,0.000000E+00,0.000000E+00,0.000000E+00,1.275603E+03,0.000000E+00,3.598451E-02,0.000000E+00,9.904081E+02,0.000000E+00,2.794492E-02,0.000000E+00,1.496507E+03,0.000000E+00,4.222087E-02,0.000000E+00,5.365779E+02,6.394034E-01,1.514231E-02,3.697385E-05,7.361101E+02,0.000000E+00,2.076773E-02,0.000000E+00,2.060039E+03,0.000000E+00,5.810839E-02,0.000000E+00,2.107605E+03,0.000000E+00,5.944994E-02,0.000000E+00,2.279096E+03,0.000000E+00,6.428676E-02,0.000000E+00
01:45:00,1.131411E+03,0.000000E+00,3.191200E-02,0.000000E+00,0.000000E+00,0.000000E+00,0.000000E+00,0.000000E+00,1.281351E+03,0.000000E+00,3.614667E-02,0.000000E+00,1.001648E+03,0.000000E+00,2.826194E-02,0.000000E+00,1.505753E+03,0.000000E+00,4.248175E-02,0.000000E+00,5.425094E+02,0.000000E+00,1.530970E-02,0.000000E+00,7.398620E+02,0.000000E+00,2.087359E-02,0.000000E+00,2.067440E+03,0.000000E+00,5.831717E-02,0.000000E+00,2.115327E+03,0.000000E+00,5.966775E-02,0.000000E+00,2.286627E+03,0.000000E+00,6.449919E-02,0.000000E+00
02:00:00,1.135791E+03,0.000000E+00,3.203555E-02,0.000000E+00,0.000000E+00,0.000000E+00,0.000000E+00,0.000000E+00,1.286800E+03,0.000000E+00,3.630037E-02,0.000000E+00,1.012236E+03,0.000000E+00,2.856059E-02,0.000000E+00,1.514402E+03,0.000000E+00,4.272577E-02,0.000000E+00,5.482576E+02,0.000000E+00,1.547191E-02,0.000000E+00,7.434333E+02,0.000000E+00,2.097435E-02,0.000000E+00,2.074578E+03,0.000000E+00,5.851851E-02,0.000000E+00,2.122752E+03,0.000000E+00,5.987721E-02,0.000000E+00,2.293911E+03,0.000000E+00,6.470468E-02,0.000000E+00
02:15:00,1.139946E+03,0.000000E+00,3.215274E-02,0.000000E+00,0.000000E+00,0.000000E+00,0.000000E+00,0.000000E+00,1.292002E+03,0.000000E+00,3.644710E-02,0.000000E+00,1.022327E+03,0.000000E+00,2.884521E-02,0.000000E+00,1.522563E+03,0.000000E+00,4.295602E-02,0.000000E+00,5.538436E+02,0.000000E+00,1.562955E-02,0.000000E+00,7.468600E+02,0.000000E+00,2.107103E-02,0.000000E+00,2.081491E+03,0.000000E+00,5.871353E-02,0.000000E+00,2.129938E+03,0.000000E+00,6.007992E-02,0.000000E+00,2.300989E+03,0.000000E+00,6.490431E-02,0.000000E+00
02:30:00,1.143908E+03,0.000000E+00,3.226450E-02,0.000000E+00,0.000000E+00,0.000000E+00,0.000000E+00,0.000000E+00,1.296997E+03,0.000000E+00,3.658799E-02,0.000000E+00,1.032020E+03,0.000000E+00,2.911863E-02,0.000000E+00,1.530315E+03,0.000000E+00,4.317472E-02,0.000000E+00,5.592855E+02,0.000000E+00,1.578312E-02,0.000000E+00,7.501667E+02,0.000000E+00,2.116433E-02,0.000000E+00,2.088211E+03,0.000000E+00,5.890308E-02,0.000000E+00,2.136923E+03,0.000000E+00,6.027695E-02,0.000000E+00,2.307886E+03,0.000000E+00,6.509886E-02,0.000000E+00
02:45:00,1.147684E+03,0.000000E+00,3.237101E-02,0.000000E+00,0.000000E+00,0.000000E+00,0.000000E+00,0.000000E+00,1.301777E+03,0.000000E+00,3.672284E-02,0.000000E+00,1.041273E+03,0.000000E+00,2.937963E-02,0.000000E+00,1.537668E+03,0.000000E+00,4.338219E-02,0.000000E+00,5.645980E+02,0.000000E+00,1.593304E-02,0.000000E+00,7.533711E+02,0.000000E+00,2.125474E-02,0.000000E+00,2.094759E+03,0.000000E+00,5.908777E-02,0.000000E+00,2.143732E+03,0.000000E+00,6.046902E-02,0.000000E+00,2.314622E+03,0.000000E+00,6.528886E-02,0.000000E+00
03:00:00,1.151302E+03,0.000000E+00,3.247306E-02,0.000000E+00,0.000000E+00,0.000000E+00,0.000000E+00,0.000000E+00,1.306380E+03,0.000000E+00,3.685268E-02,0.000000E+00,1.050162E+03,0.000000E+00,2.963036E-02,0.000000E+00,1.544694E+03,0.000000E+00,4.358040E-02,0.000000E+00,5.697923E+02,0.000000E+00,1.607963E-02,0.000000E+00,7.564859E+02,0.000000E+00,2.134262E-02,0.000000E+00,2.101151E+03,0.000000E+00,5.926809E-02,0.000000E+00,2.150385E+03,0.000000E+00,6.065668E-02,0.000000E+00,2.321211E+03,0.000000E+00,6.547473E-02,0.000000E+00
03:15:00,1.150164E+03,0.000000E+00,3.244097E-02,0.000000E+00,0.000000E+00,0.000000E+00,0.000000E+00,0.000000E+00,1.306805E+03,0.000000E+00,3.686464E-02,0.000000E+00,1.054230E+03,0.000000E+00,2.974505E-02,0.000000E+00,1.543340E+03,0.000000E+00,4.354220E-02,0.000000E+00,5.737792E+02,0.000000E+00,1.619214E-02,0.000000E+00,7.549846E+02,0.000000E+00,2.130026E-02,0.000000E+00,2.102849E+03,0.000000E+00,5.931597E-02,0.000000E+00,2.148543E+03,0.000000E+00,6.060473E-02,0.000000E+00,2.322320E+03,0.000000E+00,6.550601E-02,0.000000E+00
03:30:00,1.145562E+03,0.000000E+00,3.231121E-02,0.000000E+00,0.000000E+00,0.000000E+00,0.000000E+00,0.000000E+00,1.304289E+03,0.000000E+00,3.679369E-02,0.000000E+00,1.054441E+03,0.000000E+00,2.975096E-02,0.000000E+00,1.536025E+03,0.000000E+00,4.333589E-02,0.000000E+00,5.764616E+02,0.000000E+00,1.626784E-02,0.000000E+00,7.503722E+02,0.000000E+00,2.117018E-02,0.000000E+00,2.101241E+03,0.000000E+00,5.927067E-02,0.000000E+00,2.141109E+03,0.000000E+00,6.039514E-02,0.000000E+00,2.319781E+03,0.000000E+00,6.543445E-02,0.000000E+00
03:45:00,1.138853E+03,0.000000E+00,3.212206E-02,0.000000E+00,0.000000E+00,0.000000E+00,0.000000E+00,0.000000E+00,1.299915E+03,0.000000E+00,3.667033E-02,0.000000E+00,1.052085E+03,0.000000E+00,2.968451E-02,0.000000E+00,1.524805E+03,0.000000E+00,4.301939E-02,0.000000E+00,5.780675E+02,0.000000E+00,1.631316E-02,0.000000E+00,7.440027E+02,0.000000E+00,2.099053E-02,0.000000E+00,2.097613E+03,0.000000E+00,5.916843E-02,0.000000E+00,2.130761E+03,0.000000E+00,6.010339E-02,0.000000E+00,2.315184E+03,0.000000E+00,6.530487E-02,0.000000E+00
04:00:00,1.130603E+03,0.000000E+00,3.188939E-02,0.000000E+00,0.000000E+00,0.000000E+00,0.000000E+00,0.000000E+00,1.294145E+03,0.000000E+00,3.650760E-02,0.000000E+00,1.047797E+03,0.000000E+00,2.956358E-02,0.000000E+00,1.510659E+03,0.000000E+00,4.262032E-02,0.000000E+00,5.787941E+02,0.000000E+00,1.633367E-02,0.000000E+00,7.364120E+02,0.000000E+00,2.077642E-02,0.000000E+00,2.092517E+03,0.000000E+00,5.902475E-02,0.000000E+00,2.118402E+03,0.000000E+00,5.975490E-02,0.000000E+00,2.309159E+03,0.000000E+00,6.513501E-02,0.000000E+00
04:15:00,1.125785E+03,0.000000E+00,3.175352E-02,0.000000E+00,0.000000E+00,0.000000E+00,0.000000E+00,0.000000E+00,1.291288E+03,0.000000E+00,3.642701E-02,0.000000E+00,1.046439E+03,0.000000E+00,2.952535E-02,0.000000E+00,1.502362E+03,0.000000E+00,4.238627E-02,0.000000E+00,5.799182E+02,0.000000E+00,1.636540E-02,0.000000E+00,7.324759E+02,0.000000E+00,2.066540E-02,0.000000E+00,2.090867E+03,0.000000E+00,5.897826E-02,0.000000E+00,2.112949E+03,0.000000E+00,5.960119E-02,0.000000E+00,2.307435E+03,0.000000E+00,6.508646E-02,0.000000E+00
04:30:00,1.123361E+03,0.000000E+00,3.168508E-02,0.000000E+00,0.000000E+00,0.000000E+00,0.000000E+00,0.000000E+00,1.290306E+03,0.000000E+00,3.639928E-02,0.000000E+00,1.047318E+03,0.000000E+00,2.955018E-02,0.000000E+00,1.497983E+03,0.000000E+00,4.226265E-02,0.000000E+00,5.816727E+02,0.000000E+00,1.641492E-02,0.000000E+00,7.309124E+02,0.000000E+00,2.062129E-02,0.000000E+00,2.091521E+03,0.000000E+00,5.899671E-02,0.000000E+00,2.111862E+03,0.000000E+00,5.957047E-02,0.000000E+00,2.308427E+03,0.000000E+00,6.511440E-02,0.000000E+00
04:45:00,1.122169E+03,0.000000E+00,3.165138E-02,0.000000E+00,0.000000E+00,0.000000E+00,0.000000E+00,0.000000E+00,1.290299E+03,0.000000E+00,3.639905E-02,0.000000E+00,1.049437E+03,0.000000E+00,2.960995E-02,0.000000E+00,1.495862E+03,0.000000E+00,4.220276E-02,0.000000E+00,5.839342E+02,0.000000E+00,1.647874E-02,0.000000E+00,7.305223E+02,0.000000E+00,2.061025E-02,0.000000E+00,2.093372E+03,0.000000E+00,5.904887E-02,0.000000E+00,2.112703E+03,0.000000E+00,5.959414E-02,0.000000E+00,2.310710E+03,0.000000E+00,6.517878E-02,0.000000E+00
05:00:00,1.121784E+03,0.000000E+00,3.164047E-02,0.000000E+00,0.000000E+00,0.000000E+00,0.000000E+00,0.000000E+00,1.290922E+03,0.000000E+00,3.641661E-02,0.000000E+00,1.052323E+03,0.000000E+00,2.969136E-02,0.000000E+00,1.495285E+03,0.000000E+00,4.218643E-02,0.000000E+00,5.865854E+02,0.000000E+00,1.655355E-02,0.000000E+00,7.308783E+02,0.000000E+00,2.062028E-02,0.000000E+00,2.095995E+03,0.000000E+00,5.912283E-02,0.000000E+00,2.114738E+03,0.000000E+00,5.965148E-02,0.000000E+00,2.313773E+03,0.000000E+00,6.526512E-02,0.000000E+00
05:15:00,1.121956E+03,0.000000E+00,3.164528E-02,0.000000E+00,0.000000E+00,0.000000E+00,0.000000E+00,0.000000E+00,1.291991E+03,0.000000E+00,3.644672E-02,0.000000E+00,1.055743E+03,0.000000E+00,2.978783E-02,0.000000E+00,1.495780E+03,0.000000E+00,4.220035E-02,0.000000E+00,5.895175E+02,0.000000E+00,1.663629E-02,0.000000E+00,7.317224E+02,0.000000E+00,2.064407E-02,0.000000E+00,2.099127E+03,0.000000E+00,5.921114E-02,0.000000E+00,2.117523E+03,0.000000E+00,5.973000E-02,0.000000E+00,2.317317E+03,0.000000E+00,6.536506E-02,0.000000E+00
05:30:00,1.122527E+03,0.000000E+00,3.166134E-02,0.000000E+00,0.000000E+00,0.000000E+00,0.000000E+00,0.000000E+00,1.293388E+03,0.000000E+00,3.648610E-02,0.000000E+00,1.059549E+03,0.000000E+00,2.989519E-02,0.000000E+00,1.497045E+03,0.000000E+00,4.223600E-02,0.000000E+00,5.926483E+02,0.000000E+00,1.672464E-02,0.000000E+00,7.328958E+02,0.000000E+00,2.067717E-02,0.000000E+00,2.102597E+03,0.000000E+00,5.930902E-02,0.000000E+00,2.120792E+03,0.000000E+00,5.982220E-02,0.000000E+00,2.321165E+03,0.000000E+00,6.547358E-02,0.000000E+00
05:45:00,1.123384E+03,0.000000E+00,3.168547E-02,0.000000E+00,0.000000E+00,0.000000E+00,0.000000E+00,0.000000E+00,1.295020E+03,0.000000E+00,3.653212E-02,0.000000E+00,1.063596E+03,0.000000E+00,3.000935E-02,0.000000E+00,1.498852E+03,0.000000E+00,4.228697E-02,0.000000E+00,5.959133E+02,0.000000E+00,1.681677E-02,0.000000E+00,7.342918E+02,0.000000E+00,2.071654E-02,0.000000E+00,2.106289E+03,0.000000E+00,5.941316E-02,0.000000E+00,2.124372E+03,0.000000E+00,5.992317E-02,0.000000E+00,2.325199E+03,0.000000E+00,6.558736E-02,0.000000E+00
06:00:00,1.124451E+03,0.000000E+00,3.171556E-02,0.000000E+00,0.000000E+00,0.000000E+00,0.000000E+00,0.000000E+00,1.296832E+03,0.000000E+00,3.658322E-02,0.000000E+00,1.067823E+03,0.000000E+00,3.012856E-02,0.000000E+00,1.501065E+03,0.000000E+00,4.234936E-02,0.000000E+00,5.992637E+02,0.000000E+00,1.691132E-02,0.000000E+00,7.358372E+02,0.000000E+00,2.076014E-02,0.000000E+00,2.110122E+03,0.000000E+00,5.952125E-02,0.000000E+00,2.128148E+03,0.000000E+00,6.002964E-02,0.000000E+00,2.329342E+03,0.000000E+00,6.570420E-02,0.000000E+00
06:15:00,1.125674E+03,0.000000E+00,3.175002E-02,0.000000E+00,0.000000E+00,0.000000E+00,0.000000E+00,0.000000E+00,1.298780E+03,0.000000E+00,3.663816E-02,0.000000E+00,1.072186E+03,0.000000E+00,3.025163E-02,0.000000E+00,1.503579E+03,0.000000E+00,4.242027E-02,0.000000E+00,6.026631E+02,0.000000E+00,1.700724E-02,0.000000E+00,7.374809E+02,0.000000E+00,2.080651E-02,0.000000E+00,2.114038E+03,0.000000E+00,5.963169E-02,0.000000E+00,2.132040E+03,0.000000E+00,6.013943E-02,0.000000E+00,2.333540E+03,0.000000E+00,6.582260E-02,0.000000E+00
06:30:00,1.213341E+03,0.000000E+00,3.444957E-02,0.000000E+00,0.000000E+00,0.000000E+00,0.000000E+00,0.000000E+00,1.433615E+03,0.000000E+00,4.070042E-02,0.000000E+00,1.279611E+03,0.000000E+00,3.637363E-02,0.000000E+00,1.708766E+03,0.000000E+00,4.855201E-02,0.000000E+00,7.175427E+02,0.000000E+00,2.038532E-02,0.000000E+00,8.055730E+02,0.000000E+00,2.288194E-02,0.000000E+00,2.273284E+03,0.000000E+00,6.453733E-02,0.000000E+00,2.291747E+03,0.000000E+00,6.506142E-02,0.000000E+00,2.498963E+03,0.000000E+00,7.094357E-02,0.000000E+00
06:45:00,1.384272E+03,0.000000E+00,4.006274E-02,0.000000E+00,6.395390E+01,4.879647E+01,1.887529E-03,2.924171E-03,1.674904E+03,0.000000E+00,4.847563E-02,0.000000E+00,1.714256E+03,0.000000E+00,4.985596E-02,0.000000E+00,2.137208E+03,1.102704E+02,6.204278E-02,6.967554E-03,9.330079E+02,4.134659E+01,2.708390E-02,2.517440E-03,9.385391E+02,1.223668E+01,2.718911E-02,7.762163E-04,2.566106E+03,0.000000E+00,7.422606E-02,0.000000E+00,2.585392E+03,0.000000E+00,7.478289E-02,0.000000E+00,2.801566E+03,4.487896E+00,8.102372E-02,2.874689E-04
07:00:00,1.622015E+03,1.451974E+01,4.827771E-02,9.654873E-04,1.986852E+02,1.333654E+02,6.055679E-03,8.416003E-03,2.005394E+03,2.556758E+01,5.968929E-02,1.694069E-03,2.332983E+03,4.146083E+01,6.989199E-02,2.743018E-03,2.729573E+03,4.102425E+02,8.157277E-02,2.655453E-02,1.219624E+03,1.374342E+02,3.643061E-02,8.755219E-03,1.117823E+03,5.947511E+01,3.330537E-02,3.847797E-03,2.954649E+03,0.000000E+00,8.784598E-02,0.000000E+00,2.974867E+03,6.468150E+00,8.844495E-02,4.308828E-04,3.201716E+03,1.148514E+02,9.516501E-02,7.479793E-03
07:15:00,1.921770E+03,1.307518E+02,5.910298E-02,9.020405E-03,3.803971E+02,2.938584E+02,1.189980E-02,1.952032E-02,2.422126E+03,2.043147E+02,7.445794E-02,1.397706E-02,3.133289E+03,3.307485E+02,9.684056E-02,2.283626E-02,3.462365E+03,1.023304E+03,1.067771E-01,6.945528E-02,1.572030E+03,3.276208E+02,4.841990E-02,2.191300E-02,1.338879E+03,1.752044E+02,4.119782E-02,1.190718E-02,3.434472E+03,1.348372E+02,1.054896E-01,9.317625E-03,3.455736E+03,1.682146E+02,1.061407E-01,1.151145E-02,3.695056E+03,4.123821E+02,1.134690E-01,2.814654E-02
07:30:00,2.203118E+03,3.026213E+02,7.031804E-02,2.191383E-02,6.217641E+02,4.867069E+02,1.998809E-02,3.396537E-02,2.803090E+03,4.490015E+02,8.946468E-02,3.229894E-02,3.929234E+03,7.756481E+02,1.258960E-01,5.622939E-02,4.143989E+03,1.784503E+03,1.324865E-01,1.265637E-01,1.886367E+03,5.598352E+02,6.026582E-02,3.930750E-02,1.539293E+03,3.236724E+02,4.913912E-02,2.304452E-02,3.861431E+03,3.410017E+02,1.231176E-01,2.474707E-02,3.883553E+03,4.008358E+02,1.238209E-01,2.892624E-02,4.132151E+03,7.999507E+02,1.317246E-01,5.720842E-02
07:45:00,2.340709E+03,4.704717E+02,7.695656E-02,3.478500E-02,7.295971E+02,6.119966E+02,2.398262E-02,4.438634E-02,2.969056E+03,6.827242E+02,9.758316E-02,5.022272E-02,4.338515E+03,1.194756E+03,1.429130E-01,8.836368E-02,4.415827E+03,2.397052E+03,1.452282E-01,1.749715E-01,2.005476E+03,7.328167E+02,6.592817E-02,5.322028E-02,1.625968E+03,4.521126E+02,5.345932E-02,3.305128E-02,4.035959E+03,5.382180E+02,1.326045E-01,3.987280E-02,4.058736E+03,6.243305E+02,1.333527E-01,4.606649E-02,4.312718E+03,1.181701E+03,1.416914E-01,8.653173E-02
08:00:00,2.398581E+03,6.201086E+02,8.055214E-02,4.642123E-02,7.663044E+02,6.884253E+02,2.568452E-02,5.124935E-02,3.048769E+03,8.873244E+02,1.023638E-01,6.619651E-02,4.508874E+03,1.549451E+03,1.515054E-01,1.160268E-01,4.459440E+03,2.792577E+03,1.497333E-01,2.087596E-01,2.044398E+03,8.384517E+02,6.863812E-02,6.246308E-02,1.652758E+03,5.394721E+02,5.550849E-02,4.031013E-02,4.109395E+03,7.342973E+02,1.379785E-01,5.492375E-02,4.132975E+03,8.393963E+02,1.387710E-01,6.264087E-02,4.390328E+03,1.461566E+03,1.474146E-01,1.092954E-01
08:15:00,2.354565E+03,6.827267E+02,8.017475E-02,5.209584E-02,7.075575E+02,7.012324E+02,2.405079E-02,5.344286E-02,2.972709E+03,9.739759E+02,1.012123E-01,7.428507E-02,4.392923E+03,1.681623E+03,1.496071E-01,1.282803E-01,4.252551E+03,2.899524E+03,1.448004E-01,2.211207E-01,1.983704E+03,8.393504E+02,6.755255E-02,6.396810E-02,1.618187E+03,5.546329E+02,5.511358E-02,4.229637E-02,4.053947E+03,7.963229E+02,1.380472E-01,6.071636E-02,4.078740E+03,9.010351E+02,1.388920E-01,6.870669E-02,4.338227E+03,1.561899E+03,1.477308E-01,1.191704E-01
08:30:00,2.228703E+03,6.909300E+02,7.627177E-02,5.302593E-02,5.763751E+02,6.760886E+02,1.973547E-02,5.186561E-02,2.782557E+03,1.000069E+03,9.523807E-02,7.674783E-02,4.037444E+03,1.658655E+03,1.382124E-01,1.272700E-01,3.851185E+03,2.861825E+03,1.318342E-01,2.195425E-01,1.831544E+03,7.925573E+02,6.271519E-02,6.080087E-02,1.526343E+03,5.355417E+02,5.225052E-02,4.108825E-02,3.876162E+03,7.931052E+02,1.326620E-01,6.086386E-02,3.902470E+03,8.997464E+02,1.335623E-01,6.904799E-02,4.162196E+03,1.586537E+03,1.424506E-01,1.217507E-01
08:45:00,2.153538E+03,7.046794E+02,7.369830E-02,5.409553E-02,5.057831E+02,6.661421E+02,1.731859E-02,5.111448E-02,2.689104E+03,1.044068E+03,9.203660E-02,8.014138E-02,3.813098E+03,1.666676E+03,1.305329E-01,1.279175E-01,3.607151E+03,2.871906E+03,1.234805E-01,2.204192E-01,1.761180E+03,7.596148E+02,6.030614E-02,5.828802E-02,1.475287E+03,5.232038E+02,5.050273E-02,4.015485E-02,3.803197E+03,8.063472E+02,1.301606E-01,6.189175E-02,3.831443E+03,9.172549E+02,1.311272E-01,7.040631E-02,4.092327E+03,1.628160E+03,1.400551E-01,1.249842E-01
09:00:00,2.083928E+03,7.236273E+02,7.131635E-02,5.555011E-02,4.288925E+02,6.669446E+02,1.468614E-02,5.117397E-02,2.583725E+03,1.100241E+03,8.843031E-02,8.445243E-02,3.622395E+03,1.706246E+03,1.240051E-01,1.309529E-01,3.406418E+03,2.921730E+03,1.166091E-01,2.242494E-01,1.690155E+03,7.362384E+02,5.787445E-02,5.649142E-02,1.431787E+03,5.163081E+02,4.901354E-02,3.962507E-02,3.724918E+03,8.298590E+02,1.274811E-01,6.369552E-02,3.755367E+03,9.479120E+02,1.285230E-01,7.275851E-02,4.017887E+03,1.681576E+03,1.375069E-01,1.290841E-01
09:15:00,2.040344E+03,7.375634E+02,6.982523E-02,5.662027E-02,3.837314E+02,6.656594E+02,1.313998E-02,5.107419E-02,2.522740E+03,1.149433E+03,8.634382E-02,8.822857E-02,3.501584E+03,1.750336E+03,1.198695E-01,1.343368E-01,3.282008E+03,2.976578E+03,1.123502E-01,2.284600E-01,1.645362E+03,7.213436E+02,5.634084E-02,5.534710E-02,1.403248E+03,5.129938E+02,4.803643E-02,3.937040E-02,3.675800E+03,8.631621E+02,1.258003E-01,6.625186E-02,3.708380E+03,9.892108E+02,1.269152E-01,7.592871E-02,3.972180E+03,1.741026E+03,1.359429E-01,1.336479E-01
09:30:00,2.006239E+03,7.529107E+02,6.865828E-02,5.779887E-02,3.474850E+02,6.691385E+02,1.189889E-02,5.134069E-02,2.473298E+03,1.204018E+03,8.465177E-02,9.241911E-02,3.408671E+03,1.806428E+03,1.166886E-01,1.386426E-01,3.188870E+03,3.037183E+03,1.091615E-01,2.331125E-01,1.612494E+03,7.109147E+02,5.521534E-02,5.454638E-02,1.382585E+03,5.118024E+02,4.732886E-02,3.927893E-02,3.639759E+03,9.016576E+02,1.245669E-01,6.920718E-02,3.674272E+03,1.035372E+03,1.257479E-01,7.947264E-02,3.938960E+03,1.798053E+03,1.348060E-01,1.380262E-01
09:45:00,1.978399E+03,7.703390E+02,6.770559E-02,5.913972E-02,3.172179E+02,6.756308E+02,1.086249E-02,5.183908E-02,2.431234E+03,1.261797E+03,8.321215E-02,9.686000E-02,3.333400E+03,1.869224E+03,1.141116E-01,1.434662E-01,3.115813E+03,3.093058E+03,1.066603E-01,2.374066E-01,1.587344E+03,7.039773E+02,5.435409E-02,5.401430E-02,1.367026E+03,5.129779E+02,4.679607E-02,3.937007E-02,3.611918E+03,9.434229E+02,1.236140E-01,7.241707E-02,3.648122E+03,1.083666E+03,1.248529E-01,8.318440E-02,3.913400E+03,1.847285E+03,1.339313E-01,1.418126E-01
10:00:00,1.954936E+03,7.909746E+02,6.690259E-02,6.072733E-02,2.911560E+02,6.841459E+02,9.970079E-03,5.249285E-02,2.394322E+03,1.321291E+03,8.194881E-02,1.014335E-01,3.270116E+03,1.935069E+03,1.119450E-01,1.485244E-01,3.056259E+03,3.135749E+03,1.046214E-01,2.406896E-01,1.567456E+03,7.001047E+02,5.367302E-02,5.371757E-02,1.354957E+03,5.168742E+02,4.638280E-02,3.967026E-02,3.589655E+03,9.871759E+02,1.228519E-01,7.578032E-02,3.627312E+03,1.132499E+03,1.241406E-01,8.693848E-02,3.892951E+03,1.884389E+03,1.332313E-01,1.446692E-01
10:15:00,1.930987E+03,8.169741E+02,6.608292E-02,6.272592E-02,2.729442E+02,6.887247E+02,9.346467E-03,5.284437E-02,2.368199E+03,1.371489E+03,8.105477E-02,1.052910E-01,3.218639E+03,1.995941E+03,1.101827E-01,1.531993E-01,3.002910E+03,3.163027E+03,1.027950E-01,2.427872E-01,1.506756E+03,7.425521E+02,5.159447E-02,5.697486E-02,1.317464E+03,5.491749E+02,4.509926E-02,4.215052E-02,3.506747E+03,1.092175E+03,1.200144E-01,8.384522E-02,3.536979E+03,1.248055E+03,1.210490E-01,9.581466E-02,3.809758E+03,1.969527E+03,1.303840E-01,1.512116E-01
10:30:00,1.901395E+03,8.534382E+02,6.507023E-02,6.552611E-02,2.519818E+02,6.991843E+02,8.628655E-03,5.364678E-02,2.337505E+03,1.427824E+03,8.000415E-02,1.096161E-01,3.163829E+03,2.064811E+03,1.083063E-01,1.584856E-01,2.942729E+03,3.181553E+03,1.007348E-01,2.442092E-01,1.445731E+03,7.892270E+02,4.950492E-02,6.055633E-02,1.274947E+03,5.899211E+02,4.364406E-02,4.527855E-02,3.419196E+03,1.203020E+03,1.170190E-01,9.235729E-02,3.436937E+03,1.372874E+03,1.176262E-01,1.054000E-01,3.721007E+03,2.044212E+03,1.273476E-01,1.569476E-01
10:45:00,1.869178E+03,8.957395E+02,6.396776E-02,6.877533E-02,2.297149E+02,7.130711E+02,7.866179E-03,5.471219E-02,2.304970E+03,1.486614E+03,7.889060E-02,1.141306E-01,3.108296E+03,2.137348E+03,1.064052E-01,1.640539E-01,2.879341E+03,3.184699E+03,9.856495E-02,2.444503E-01,1.384324E+03,8.388032E+02,4.740227E-02,6.436050E-02,1.230011E+03,6.356975E+02,4.210604E-02,4.879299E-02,3.329660E+03,1.316758E+03,1.139556E-01,1.010932E-01,3.332788E+03,1.501937E+03,1.140629E-01,1.153130E-01,3.630062E+03,2.105237E+03,1.242361E-01,1.616345E-01
11:00:00,1.835322E+03,9.415526E+02,6.280921E-02,7.229442E-02,2.066283E+02,7.293432E+02,7.075635E-03,5.596063E-02,2.271384E+03,1.546680E+03,7.774112E-02,1.187434E-01,3.052698E+03,2.212511E+03,1.045019E-01,1.698238E-01,2.814265E+03,3.173143E+03,9.633735E-02,2.435626E-01,1.322556E+03,8.902299E+02,4.528724E-02,6.830656E-02,1.183527E+03,6.846553E+02,4.051496E-02,5.255153E-02,3.238902E+03,1.432028E+03,1.108502E-01,1.099467E-01,3.226130E+03,1.633572E+03,1.104134E-01,1.254235E-01,3.537670E+03,2.154793E+03,1.210747E-01,1.654401E-01
11:15:00,1.808538E+03,9.816622E+02,6.189263E-02,7.537651E-02,1.877752E+02,7.428868E+02,6.430060E-03,5.699996E-02,2.244590E+03,1.599572E+03,7.682416E-02,1.228076E-01,3.007505E+03,2.278589E+03,1.029548E-01,1.748978E-01,2.762886E+03,3.136638E+03,9.457858E-02,2.407621E-01,1.304083E+03,8.996197E+02,4.465473E-02,6.902710E-02,1.160640E+03,7.121780E+02,3.973158E-02,5.466474E-02,3.208366E+03,1.487718E+03,1.098056E-01,1.142262E-01,3.185012E+03,1.701982E+03,1.090068E-01,1.306799E-01,3.506523E+03,2.136457E+03,1.200092E-01,1.640348E-01
11:30:00,1.786369E+03,1.016241E+03,6.113386E-02,7.803577E-02,1.719257E+02,7.539924E+02,5.887332E-03,5.785247E-02,2.222134E+03,1.645502E+03,7.605550E-02,1.263408E-01,2.968805E+03,2.337346E+03,1.016300E-01,1.794119E-01,2.720054E+03,3.088827E+03,9.311222E-02,2.370971E-01,1.287393E+03,9.078372E+02,4.408312E-02,6.965774E-02,1.141641E+03,7.360638E+02,3.908103E-02,5.649925E-02,3.182228E+03,1.537109E+03,1.089105E-01,1.180236E-01,3.151141E+03,1.762038E+03,1.078470E-01,1.352971E-01,3.480193E+03,2.112059E+03,1.191075E-01,1.621679E-01
11:45:00,1.766563E+03,1.047257E+03,6.045587E-02,8.041821E-02,1.577547E+02,7.639110E+02,5.402077E-03,5.861338E-02,2.201874E+03,1.687084E+03,7.536202E-02,1.295345E-01,2.933783E+03,2.391740E+03,1.004309E-01,1.835875E-01,2.682250E+03,3.043069E+03,9.181796E-02,2.335851E-01,1.272051E+03,9.151613E+02,4.355768E-02,7.021913E-02,1.124640E+03,7.576749E+02,3.849891E-02,5.815787E-02,3.158383E+03,1.582215E+03,1.080940E-01,1.214868E-01,3.120565E+03,1.817596E+03,1.068000E-01,1.395629E-01,3.456085E+03,2.091537E+03,1.182819E-01,1.605922E-01
12:00:00,1.748311E+03,1.075015E+03,5.983114E-02,8.254982E-02,1.447426E+02,7.729295E+02,4.956507E-03,5.930513E-02,2.182998E+03,1.724414E+03,7.471587E-02,1.324005E-01,2.901395E+03,2.440299E+03,9.932211E-02,1.873145E-01,2.647698E+03,3.005182E+03,9.063505E-02,2.306768E-01,1.257743E+03,9.217676E+02,4.306766E-02,7.072545E-02,1.108921E+03,7.774115E+02,3.796073E-02,5.967248E-02,3.135989E+03,1.623268E+03,1.073273E-01,1.246383E-01,3.091982E+03,1.868305E+03,1.058215E-01,1.434558E-01,3.433461E+03,2.078432E+03,1.175074E-01,1.595856E-01
12:15:00,1.734749E+03,1.097219E+03,5.936694E-02,8.425488E-02,1.346493E+02,7.792144E+02,4.610884E-03,5.978716E-02,2.168620E+03,1.755794E+03,7.422373E-02,1.348096E-01,2.875672E+03,2.480291E+03,9.844147E-02,1.903838E-01,2.622007E+03,2.973936E+03,8.975549E-02,2.282785E-01,1.245089E+03,9.272303E+02,4.263431E-02,7.114418E-02,1.097270E+03,7.930037E+02,3.756186E-02,6.086910E-02,3.118066E+03,1.659179E+03,1.067139E-01,1.273954E-01,3.070687E+03,1.911183E+03,1.050926E-01,1.467479E-01,3.415760E+03,2.072850E+03,1.169016E-01,1.591572E-01
12:30:00,1.724446E+03,1.115194E+03,5.901422E-02,8.563501E-02,1.267041E+02,7.834825E+02,4.338818E-03,6.011446E-02,2.157308E+03,1.782407E+03,7.383649E-02,1.368527E-01,2.854513E+03,2.513725E+03,9.771701E-02,1.929497E-01,2.602228E+03,2.949692E+03,8.907830E-02,2.264177E-01,1.233903E+03,9.317670E+02,4.225120E-02,7.149201E-02,1.088297E+03,8.055475E+02,3.725464E-02,6.183170E-02,3.103186E+03,1.690795E+03,1.062046E-01,1.298229E-01,3.054070E+03,1.948123E+03,1.045238E-01,1.495841E-01,3.401247E+03,2.073018E+03,1.164048E-01,1.591705E-01
12:45:00,1.716071E+03,1.130339E+03,5.872736E-02,8.679763E-02,1.201252E+02,7.865083E+02,4.113535E-03,6.034647E-02,2.147741E+03,1.805630E+03,7.350888E-02,1.386352E-01,2.836279E+03,2.542187E+03,9.709265E-02,1.951338E-01,2.586112E+03,2.930120E+03,8.852642E-02,2.249153E-01,1.223829E+03,9.357693E+02,4.190621E-02,7.179891E-02,1.080835E+03,8.161668E+02,3.699915E-02,6.264657E-02,3.090073E+03,1.719380E+03,1.057556E-01,1.320175E-01,3.039866E+03,1.981071E+03,1.040375E-01,1.521134E-01,3.388444E+03,2.075664E+03,1.159665E-01,1.593738E-01
13:00:00,1.709035E+03,1.143405E+03,5.848628E-02,8.780042E-02,1.145164E+02,7.887540E+02,3.921471E-03,6.051864E-02,2.139442E+03,1.827352E+03,7.322464E-02,1.403025E-01,2.820130E+03,2.569621E+03,9.653963E-02,1.972388E-01,2.572577E+03,2.916587E+03,8.806286E-02,2.238763E-01,1.214595E+03,9.396398E+02,4.159002E-02,7.209574E-02,1.074407E+03,8.254473E+02,3.677906E-02,6.335872E-02,3.078259E+03,1.746566E+03,1.053510E-01,1.341045E-01,3.027313E+03,2.012828E+03,1.036076E-01,1.545512E-01,3.376850E+03,2.080940E+03,1.155693E-01,1.597788E-01
13:15:00,1.702994E+03,1.154704E+03,5.827921E-02,8.866756E-02,1.096530E+02,7.905732E+02,3.754932E-03,6.065811E-02,2.132129E+03,1.846655E+03,7.297411E-02,1.417841E-01,2.805719E+03,2.594685E+03,9.604608E-02,1.991621E-01,2.560954E+03,2.905915E+03,8.766473E-02,2.230568E-01,1.206010E+03,9.437061E+02,4.129602E-02,7.240760E-02,1.068708E+03,8.337682E+02,3.658392E-02,6.399726E-02,3.067405E+03,1.771363E+03,1.049792E-01,1.360081E-01,3.015916E+03,2.042157E+03,1.032172E-01,1.568026E-01,3.366125E+03,2.086937E+03,1.152020E-01,1.602390E-01
13:30:00,1.697679E+03,1.164636E+03,5.809701E-02,8.942975E-02,1.053471E+02,7.922062E+02,3.607484E-03,6.078330E-02,2.125543E+03,1.863490E+03,7.274847E-02,1.430761E-01,2.792567E+03,2.617189E+03,9.559563E-02,2.008888E-01,2.550718E+03,2.898228E+03,8.731410E-02,2.224664E-01,1.197936E+03,9.481598E+02,4.101952E-02,7.274919E-02,1.063540E+03,8.414342E+02,3.640701E-02,6.458557E-02,3.057280E+03,1.793653E+03,1.046324E-01,1.377192E-01,3.005361E+03,2.068677E+03,1.028557E-01,1.588384E-01,3.356052E+03,2.094281E+03,1.148569E-01,1.608025E-01
13:45:00,1.692891E+03,1.173435E+03,5.793308E-02,9.010534E-02,1.014648E+02,7.938927E+02,3.474542E-03,6.091260E-02,2.119486E+03,1.881068E+03,7.254106E-02,1.444255E-01,2.780360E+03,2.642855E+03,9.517768E-02,2.028586E-01,2.541501E+03,2.895313E+03,8.699848E-02,2.222427E-01,1.190270E+03,9.532303E+02,4.075698E-02,7.313813E-02,1.058771E+03,8.486111E+02,3.624375E-02,6.513637E-02,3.047703E+03,1.816466E+03,1.043046E-01,1.394707E-01,2.995420E+03,2.096527E+03,1.025154E-01,1.609766E-01,3.346464E+03,2.104664E+03,1.145287E-01,1.615998E-01
14:00:00,1.688537E+03,1.181277E+03,5.778417E-02,9.070780E-02,9.793585E+01,7.958265E+02,3.353699E-03,6.106090E-02,2.113887E+03,1.902919E+03,7.234946E-02,1.461035E-01,2.769055E+03,2.674603E+03,9.479073E-02,2.052959E-01,2.533119E+03,2.893987E+03,8.671160E-02,2.221414E-01,1.182936E+03,9.590744E+02,4.050586E-02,7.358643E-02,1.054309E+03,8.554308E+02,3.609098E-02,6.565976E-02,3.038569E+03,1.843245E+03,1.039921E-01,1.415273E-01,2.985962E+03,2.128943E+03,1.021918E-01,1.634660E-01,3.337266E+03,2.116107E+03,1.142140E-01,1.624789E-01
14:15:00,1.684512E+03,1.187800E+03,5.764666E-02,9.120912E-02,9.467155E+01,7.981763E+02,3.241919E-03,6.124115E-02,2.108639E+03,1.935067E+03,7.216996E-02,1.485726E-01,2.758419E+03,2.718662E+03,9.442676E-02,2.086784E-01,2.525368E+03,2.891499E+03,8.644637E-02,2.219510E-01,1.175871E+03,9.658088E+02,4.026392E-02,7.410308E-02,1.050085E+03,8.617742E+02,3.594638E-02,6.614660E-02,3.029802E+03,1.879940E+03,1.036923E-01,1.443456E-01,2.976891E+03,2.171609E+03,1.018816E-01,1.667430E-01,3.328394E+03,2.126437E+03,1.139107E-01,1.632727E-01
14:30:00,1.680747E+03,1.193102E+03,5.751803E-02,9.161668E-02,9.161483E+01,8.011249E+02,3.137247E-03,6.146736E-02,2.103666E+03,1.983690E+03,7.199994E-02,1.523071E-01,2.748313E+03,2.782064E+03,9.408096E-02,2.135458E-01,2.518111E+03,2.886949E+03,8.619809E-02,2.216022E-01,1.169035E+03,9.735919E+02,4.002984E-02,7.470020E-02,1.046053E+03,8.677157E+02,3.580837E-02,6.660260E-02,3.021346E+03,1.932954E+03,1.034032E-01,1.484174E-01,2.968146E+03,2.230824E+03,1.015826E-01,1.712910E-01,3.319803E+03,2.135094E+03,1.136170E-01,1.639379E-01
14:45:00,1.677221E+03,1.197275E+03,5.739746E-02,9.193728E-02,8.874766E+01,8.047970E+02,3.039066E-03,6.174910E-02,2.098965E+03,2.050828E+03,7.183916E-02,1.574634E-01,2.738774E+03,2.865078E+03,9.375447E-02,2.199187E-01,2.511306E+03,2.878419E+03,8.596523E-02,2.209475E-01,1.162403E+03,9.824899E+02,3.980276E-02,7.538288E-02,1.042183E+03,8.733462E+02,3.567586E-02,6.703472E-02,3.013174E+03,2.004067E+03,1.031237E-01,1.538793E-01,2.959692E+03,2.307035E+03,1.012935E-01,1.771444E-01,3.311471E+03,2.140906E+03,1.133321E-01,1.643844E-01
15:00:00,1.673883E+03,1.200350E+03,5.728325E-02,9.217336E-02,8.603115E+01,8.092289E+02,2.946044E-03,6.208913E-02,2.094479E+03,2.134175E+03,7.168567E-02,1.638645E-01,2.729666E+03,2.966085E+03,9.344272E-02,2.276728E-01,2.504859E+03,2.866377E+03,8.574457E-02,2.200230E-01,1.155956E+03,9.924843E+02,3.958199E-02,7.614969E-02,1.038449E+03,8.786679E+02,3.554806E-02,6.744316E-02,3.005251E+03,2.091467E+03,1.028526E-01,1.605920E-01,2.951492E+03,2.398434E+03,1.010129E-01,1.841641E-01,3.303370E+03,2.144057E+03,1.130549E-01,1.646263E-01
15:15:00,1.673642E+03,1.198983E+03,5.727497E-02,9.206831E-02,8.504225E+01,8.124793E+02,2.912182E-03,6.233850E-02,2.092962E+03,2.224255E+03,7.163373E-02,1.707826E-01,2.724746E+03,3.073935E+03,9.327429E-02,2.359518E-01,2.503989E+03,2.844613E+03,8.571478E-02,2.183522E-01,1.150348E+03,1.002798E+03,3.938997E-02,7.694093E-02,1.037475E+03,8.809737E+02,3.551471E-02,6.762011E-02,3.000229E+03,2.186654E+03,1.026808E-01,1.679027E-01,2.948475E+03,2.494197E+03,1.009097E-01,1.915189E-01,3.298585E+03,2.141316E+03,1.128911E-01,1.644155E-01
15:30:00,1.675643E+03,1.193920E+03,5.734340E-02,9.167925E-02,8.541706E+01,8.147599E+02,2.925017E-03,6.251343E-02,2.093527E+03,2.314360E+03,7.165305E-02,1.777022E-01,2.722830E+03,3.180783E+03,9.320863E-02,2.441537E-01,2.507053E+03,2.815011E+03,8.581959E-02,2.160795E-01,1.145625E+03,1.013043E+03,3.922823E-02,7.772693E-02,1.038370E+03,8.809186E+02,3.554533E-02,6.761577E-02,2.997382E+03,2.282433E+03,1.025833E-01,1.752585E-01,2.948855E+03,2.587539E+03,1.009226E-01,1.986872E-01,3.296161E+03,2.133148E+03,1.128081E-01,1.637880E-01
15:45:00,1.678953E+03,1.185907E+03,5.745660E-02,9.106359E-02,8.666958E+01,8.163219E+02,2.967907E-03,6.263319E-02,2.095321E+03,2.397049E+03,7.171436E-02,1.840517E-01,2.722768E+03,3.277307E+03,9.320645E-02,2.515626E-01,2.512566E+03,2.778596E+03,8.600822E-02,2.132838E-01,1.141635E+03,1.022923E+03,3.909161E-02,7.848488E-02,1.040335E+03,8.790658E+02,3.561253E-02,6.747343E-02,2.995831E+03,2.371690E+03,1.025302E-01,1.821129E-01,2.951077E+03,2.671691E+03,1.009986E-01,2.051493E-01,3.295037E+03,2.119757E+03,1.127696E-01,1.627593E-01
16:00:00,1.683184E+03,1.175115E+03,5.760133E-02,9.023457E-02,8.857796E+01,8.170990E+02,3.033256E-03,6.269273E-02,2.097985E+03,2.466542E+03,7.180550E-02,1.893875E-01,2.724041E+03,3.355781E+03,9.324997E-02,2.575856E-01,2.519788E+03,2.735305E+03,8.625539E-02,2.099604E-01,1.138243E+03,1.032077E+03,3.897545E-02,7.918712E-02,1.043035E+03,8.755091E+02,3.570493E-02,6.720032E-02,2.995221E+03,2.448652E+03,1.025092E-01,1.880226E-01,2.954545E+03,2.740638E+03,1.011172E-01,2.104432E-01,3.294818E+03,2.100631E+03,1.127621E-01,1.612903E-01
16:15:00,1.682182E+03,1.168637E+03,5.756702E-02,8.973684E-02,8.776036E+01,8.206881E+02,3.005256E-03,6.296801E-02,2.095695E+03,2.527783E+03,7.172708E-02,1.940890E-01,2.718695E+03,3.422194E+03,9.306693E-02,2.626824E-01,2.517648E+03,2.698198E+03,8.618210E-02,2.071118E-01,1.133951E+03,1.041418E+03,3.882847E-02,7.990364E-02,1.040955E+03,8.757036E+02,3.563372E-02,6.721517E-02,2.989837E+03,2.516979E+03,1.023250E-01,1.932686E-01,2.948933E+03,2.802062E+03,1.009251E-01,2.151589E-01,3.288912E+03,2.082443E+03,1.125599E-01,1.598931E-01
16:30:00,1.677540E+03,1.164428E+03,5.740825E-02,8.941363E-02,8.485828E+01,8.261148E+02,2.905878E-03,6.338432E-02,2.090159E+03,2.578500E+03,7.153767E-02,1.979825E-01,2.709023E+03,3.472555E+03,9.273591E-02,2.665473E-01,2.509190E+03,2.660717E+03,8.589264E-02,2.042348E-01,1.128577E+03,1.050757E+03,3.864448E-02,8.062006E-02,1.035768E+03,8.776405E+02,3.545621E-02,6.736392E-02,2.981181E+03,2.574891E+03,1.020288E-01,1.977148E-01,2.937682E+03,2.852444E+03,1.005401E-01,2.190267E-01,3.279314E+03,2.061863E+03,1.122315E-01,1.583127E-01
16:45:00,1.670966E+03,1.160765E+03,5.718336E-02,8.913252E-02,8.074320E+01,8.321695E+02,2.764964E-03,6.384884E-02,2.082917E+03,2.617861E+03,7.128989E-02,2.010040E-01,2.697005E+03,3.505716E+03,9.232459E-02,2.690918E-01,2.497061E+03,2.621279E+03,8.547757E-02,2.012076E-01,1.122373E+03,1.059584E+03,3.843205E-02,8.129721E-02,1.028962E+03,8.799929E+02,3.522327E-02,6.754459E-02,2.970796E+03,2.621594E+03,1.016735E-01,2.013002E-01,2.923696E+03,2.889847E+03,1.000617E-01,2.218981E-01,3.267933E+03,2.038093E+03,1.118421E-01,1.564873E-01
17:00:00,1.663109E+03,1.156964E+03,5.691456E-02,8.884066E-02,7.577265E+01,8.383452E+02,2.594756E-03,6.432264E-02,2.074548E+03,2.646949E+03,7.100354E-02,2.032367E-01,2.683460E+03,3.523319E+03,9.186096E-02,2.704421E-01,2.482521E+03,2.580268E+03,8.497994E-02,1.980596E-01,1.115558E+03,1.067564E+03,3.819869E-02,8.190939E-02,1.021129E+03,8.825231E+02,3.495519E-02,6.773887E-02,2.959290E+03,2.658066E+03,1.012798E-01,2.041000E-01,2.908051E+03,2.915186E+03,9.952635E-02,2.238429E-01,3.255467E+03,2.011812E+03,1.114156E-01,1.544691E-01
17:15:00,1.657335E+03,1.149629E+03,5.671701E-02,8.827738E-02,7.180690E+01,8.424788E+02,2.458957E-03,6.463978E-02,2.068215E+03,2.663226E+03,7.078683E-02,2.044857E-01,2.672699E+03,3.522439E+03,9.149265E-02,2.703738E-01,2.471677E+03,2.532175E+03,8.460881E-02,1.943679E-01,1.109017E+03,1.073862E+03,3.797473E-02,8.239255E-02,1.015291E+03,8.824297E+02,3.475538E-02,6.773174E-02,2.949845E+03,2.682121E+03,1.009566E-01,2.059463E-01,2.896371E+03,2.924624E+03,9.912670E-02,2.245667E-01,3.245565E+03,1.980764E+03,1.110768E-01,1.520848E-01
17:30:00,1.652984E+03,1.139851E+03,5.656808E-02,8.752627E-02,6.860849E+01,8.461227E+02,2.349434E-03,6.491933E-02,2.063155E+03,2.668236E+03,7.061363E-02,2.048695E-01,2.663699E+03,3.507853E+03,9.118451E-02,2.692533E-01,2.463283E+03,2.481556E+03,8.432144E-02,1.904821E-01,1.102916E+03,1.079645E+03,3.776580E-02,8.283613E-02,1.010739E+03,8.806715E+02,3.459954E-02,6.759673E-02,2.941760E+03,2.695498E+03,1.006799E-01,2.069726E-01,2.887123E+03,2.922534E+03,9.881021E-02,2.244051E-01,3.237265E+03,1.947472E+03,1.107927E-01,1.495281E-01
17:45:00,1.649339E+03,1.128579E+03,5.644314E-02,8.666016E-02,6.581265E+01,8.511337E+02,2.253695E-03,6.530379E-02,2.058725E+03,2.662664E+03,7.046191E-02,2.044405E-01,2.655646E+03,3.482924E+03,9.090874E-02,2.673389E-01,2.456263E+03,2.428806E+03,8.408103E-02,1.864327E-01,1.097175E+03,1.086440E+03,3.756921E-02,8.335746E-02,1.006831E+03,8.777393E+02,3.446575E-02,6.737160E-02,2.934428E+03,2.699166E+03,1.004288E-01,2.072531E-01,2.879049E+03,2.912327E+03,9.853369E-02,2.236200E-01,3.229778E+03,1.912187E+03,1.105363E-01,1.468181E-01
18:00:00,1.646161E+03,1.116406E+03,5.633408E-02,8.572466E-02,6.330001E+01,8.580751E+02,2.167654E-03,6.583638E-02,2.054720E+03,2.645632E+03,7.032462E-02,2.031312E-01,2.648257E+03,3.447364E+03,9.065558E-02,2.646083E-01,2.450148E+03,2.373738E+03,8.387149E-02,1.822050E-01,1.091723E+03,1.094715E+03,3.738253E-02,8.399235E-02,1.003336E+03,8.737310E+02,3.434608E-02,6.706390E-02,2.927615E+03,2.691484E+03,1.001953E-01,2.066617E-01,2.871710E+03,2.894162E+03,9.828218E-02,2.222236E-01,3.222824E+03,1.874709E+03,1.102979E-01,1.439396E-01
18:15:00,1.273557E+03,8.351952E+02,4.335410E-02,6.408854E-02,4.655437E+01,6.465107E+02,1.594215E-03,4.960396E-02,1.539570E+03,2.127727E+03,5.269308E-02,1.608721E-01,1.983467E+03,2.572369E+03,6.789830E-02,1.974461E-01,1.835390E+03,1.759477E+03,6.282752E-02,1.350549E-01,8.167700E+02,8.244719E+02,2.796765E-02,6.325786E-02,7.512248E+02,6.728476E+02,2.571584E-02,5.129238E-02,2.288095E+03,2.172017E+03,7.778164E-02,1.641990E-01,2.236725E+03,2.352364E+03,7.608120E-02,1.775880E-01,2.556992E+03,1.406047E+03,8.666897E-02,1.077255E-01
18:30:00,9.248518E+02,5.721141E+02,3.105824E-02,4.358208E-02,3.046152E+01,4.644151E+02,1.043129E-03,3.506873E-02,1.076326E+03,1.635076E+03,3.655817E-02,1.198822E-01,1.320596E+03,1.763006E+03,4.520673E-02,1.342654E-01,1.222227E+03,1.158839E+03,4.183813E-02,8.895046E-02,5.432062E+02,6.017559E+02,1.860034E-02,4.533780E-02,5.128476E+02,4.795228E+02,1.748055E-02,3.598135E-02,1.768010E+03,1.673631E+03,5.878032E-02,1.226856E-01,1.724666E+03,1.842782E+03,5.739329E-02,1.344861E-01,1.991488E+03,9.796994E+02,6.592681E-02,7.419369E-02
18:45:00,6.209018E+02,3.207993E+02,2.001339E-02,2.378802E-02,1.495844E+01,2.921401E+02,5.122392E-04,2.103485E-02,6.564840E+02,1.172114E+03,2.162842E-02,8.060096E-02,6.594728E+02,9.886481E+02,2.257507E-02,7.323128E-02,6.104692E+02,5.729577E+02,2.089697E-02,4.396751E-02,2.709672E+02,3.838955E+02,9.278395E-03,2.754621E-02,3.048781E+02,3.090513E+02,1.010641E-02,2.199948E-02,1.319701E+03,1.203048E+03,4.173993E-02,8.271666E-02,1.274819E+03,1.363303E+03,4.039383E-02,9.307484E-02,1.514996E+03,5.712383E+02,4.764790E-02,4.178004E-02
19:00:00,3.341153E+02,8.578034E+01,9.456665E-03,4.993571E-03,0.000000E+00,1.192038E+02,0.000000E+00,6.912510E-03,2.518699E+02,7.258882E+02,7.133606E-03,4.245006E-02,0.000000E+00,2.546827E+02,0.000000E+00,1.477526E-02,0.000000E+00,1.297997E+01,0.000000E+00,7.514698E-04,0.000000E+00,1.703160E+02,0.000000E+00,9.948971E-03,1.126328E+02,1.550937E+02,3.180548E-03,8.995842E-03,8.912921E+02,7.494315E+02,2.526918E-02,4.385039E-02,8.465670E+02,9.025022E+02,2.401249E-02,5.287932E-02,1.061490E+03,1.828741E+02,3.002584E-02,1.071529E-02
19:15:00,4.342097E+02,1.342757E+02,1.226898E-02,7.793371E-03,0.000000E+00,1.823979E+02,0.000000E+00,1.056702E-02,3.890731E+02,7.722777E+02,1.100544E-02,4.478468E-02,0.000000E+00,3.757638E+02,0.000000E+00,2.177846E-02,0.000000E+00,7.656946E+01,0.000000E+00,4.428684E-03,0.000000E+00,2.338798E+02,0.000000E+00,1.362482E-02,1.938694E+02,2.011706E+02,5.472956E-03,1.165106E-02,1.145843E+03,7.730929E+02,3.240764E-02,4.483503E-02,1.100098E+03,9.331017E+02,3.112047E-02,5.411862E-02,1.318786E+03,2.230228E+02,3.727076E-02,1.299806E-02
19:30:00,5.216770E+02,1.698237E+02,1.472014E-02,9.822667E-03,0.000000E+00,2.195764E+02,0.000000E+00,1.269803E-02,4.883894E+02,7.630813E+02,1.378240E-02,4.414420E-02,0.000000E+00,4.155008E+02,0.000000E+00,2.403121E-02,1.997154E+01,1.452562E+02,5.650382E-04,8.401250E-03,6.504741E+00,2.523079E+02,1.850061E-04,1.459089E-02,2.712112E+02,2.430030E+02,7.653371E-03,1.405581E-02,1.295003E+03,7.428580E+02,3.654008E-02,4.297460E-02,1.246084E+03,9.021638E+02,3.516028E-02,5.219314E-02,1.491043E+03,2.279363E+02,4.207061E-02,1.318293E-02
19:45:00,5.729169E+02,1.944406E+02,1.616522E-02,1.124708E-02,0.000000E+00,2.468682E+02,0.000000E+00,1.427677E-02,5.548753E+02,6.908454E+02,1.565812E-02,3.996510E-02,0.000000E+00,3.984715E+02,0.000000E+00,2.304670E-02,8.802585E+01,2.203657E+02,2.485696E-03,1.274447E-02,3.015771E+01,2.642343E+02,8.525770E-04,1.528053E-02,3.252749E+02,2.605276E+02,9.178676E-03,1.506994E-02,1.383476E+03,6.473354E+02,3.903388E-02,3.744794E-02,1.340623E+03,8.079186E+02,3.782544E-02,4.673948E-02,1.584453E+03,2.182627E+02,4.470358E-02,1.262376E-02
20:00:00,6.139507E+02,2.018816E+02,1.732207E-02,1.167778E-02,0.000000E+00,2.728091E+02,0.000000E+00,1.577739E-02,6.148415E+02,5.832744E+02,1.734955E-02,3.374250E-02,0.000000E+00,3.304463E+02,0.000000E+00,1.911231E-02,1.854931E+02,2.836293E+02,5.236295E-03,1.640368E-02,6.598329E+01,2.683573E+02,1.863662E-03,1.551920E-02,3.690888E+02,2.587105E+02,1.041449E-02,1.496522E-02,1.460910E+03,5.125429E+02,4.121572E-02,2.965030E-02,1.422231E+03,6.746062E+02,4.012517E-02,3.902735E-02,1.665060E+03,1.903256E+02,4.697458E-02,1.100784E-02
20:15:00,6.544124E+02,1.833889E+02,1.846266E-02,1.060819E-02,0.000000E+00,2.746387E+02,0.000000E+00,1.588361E-02,6.614325E+02,4.573054E+02,1.866343E-02,2.645413E-02,0.000000E+00,2.263222E+02,0.000000E+00,1.308975E-02,3.293649E+02,2.753931E+02,9.296299E-03,1.592800E-02,1.079747E+02,2.695841E+02,3.048741E-03,1.559034E-02,4.005254E+02,2.415162E+02,1.130096E-02,1.397053E-02,1.504223E+03,3.842016E+02,4.243466E-02,2.222450E-02,1.470489E+03,5.425239E+02,4.148353E-02,3.138453E-02,1.713612E+03,1.582290E+02,4.834114E-02,9.151290E-03
20:30:00,6.968827E+02,1.519745E+02,1.965978E-02,8.790855E-03,0.000000E+00,2.670691E+02,0.000000E+00,1.544605E-02,7.064348E+02,3.456873E+02,1.993237E-02,1.999616E-02,3.524273E+01,1.283330E+02,9.957323E-04,7.422142E-03,4.853219E+02,2.479233E+02,1.369558E-02,1.433919E-02,1.534293E+02,2.630948E+02,4.330115E-03,1.521527E-02,4.313293E+02,2.130288E+02,1.216950E-02,1.232250E-02,1.548666E+03,2.696904E+02,4.368565E-02,1.559958E-02,1.523635E+03,4.202214E+02,4.297965E-02,2.430827E-02,1.762935E+03,1.161713E+02,4.972965E-02,6.718774E-03
20:45:00,7.400076E+02,1.150252E+02,2.087537E-02,6.653318E-03,0.000000E+00,2.540453E+02,0.000000E+00,1.469294E-02,7.506319E+02,2.594829E+02,2.117854E-02,1.500887E-02,9.186354E+01,6.096751E+01,2.593687E-03,3.525936E-03,6.160023E+02,2.029077E+02,1.738253E-02,1.173547E-02,1.891609E+02,2.525235E+02,5.338453E-03,1.460405E-02,4.624696E+02,1.812097E+02,1.304751E-02,1.048168E-02,1.592970E+03,1.811806E+02,4.493336E-02,1.047933E-02,1.578613E+03,3.197662E+02,4.452816E-02,1.849637E-02,1.813078E+03,7.140974E+01,5.114189E-02,4.129920E-03
21:00:00,7.831248E+02,7.564643E+01,2.209116E-02,4.375333E-03,0.000000E+00,2.381375E+02,0.000000E+00,1.377295E-02,7.933795E+02,1.901044E+02,2.238417E-02,1.099538E-02,1.693210E+02,1.695692E+01,4.779617E-03,9.806392E-04,7.341027E+02,1.496718E+02,2.071435E-02,8.656229E-03,2.188955E+02,2.403042E+02,6.177542E-03,1.389748E-02,4.941207E+02,1.489254E+02,1.394024E-02,8.613973E-03,1.637523E+03,1.103601E+02,4.618995E-02,6.382803E-03,1.635000E+03,2.348856E+02,4.611827E-02,1.358589E-02,1.861810E+03,3.352585E+01,5.251645E-02,1.938888E-03
21:15:00,8.182431E+02,4.311222E+01,2.308129E-02,2.493426E-03,0.000000E+00,2.253034E+02,0.000000E+00,1.303060E-02,8.284578E+02,1.370911E+02,2.337340E-02,7.928755E-03,2.679319E+02,0.000000E+00,7.562440E-03,0.000000E+00,8.245168E+02,1.044814E+02,2.326480E-02,6.042400E-03,2.708981E+02,2.061099E+02,7.645051E-03,1.191991E-02,5.318223E+02,1.130076E+02,1.500376E-02,6.536192E-03,1.706990E+03,5.868008E+01,4.814964E-02,3.393665E-03,1.715720E+03,1.480165E+02,4.839526E-02,8.560994E-03,1.932206E+03,1.125290E+01,5.450222E-02,6.507547E-04
21:30:00,8.474356E+02,2.143845E+01,2.390428E-02,1.239852E-03,0.000000E+00,2.146297E+02,0.000000E+00,1.241313E-02,8.594232E+02,9.332720E+01,2.424670E-02,5.397429E-03,3.475239E+02,0.000000E+00,9.807290E-03,0.000000E+00,8.963105E+02,6.326448E+01,2.528991E-02,3.658644E-03,3.185438E+02,1.719535E+02,8.989510E-03,9.944424E-03,5.677480E+02,8.066336E+01,1.601719E-02,4.665297E-03,1.771524E+03,2.614622E+01,4.996981E-02,1.512064E-03,1.789098E+03,8.416284E+01,5.046501E-02,4.867668E-03,1.996792E+03,1.096015E+00,5.632368E-02,6.337952E-05
21:45:00,8.731244E+02,7.570960E+00,2.462848E-02,4.378369E-04,0.000000E+00,2.050196E+02,0.000000E+00,1.185740E-02,8.870308E+02,5.500486E+01,2.502534E-02,3.181016E-03,4.183090E+02,0.000000E+00,1.180460E-02,0.000000E+00,9.542044E+02,3.251035E+01,2.692281E-02,1.880063E-03,3.634052E+02,1.376395E+02,1.025539E-02,7.959865E-03,6.015595E+02,5.014482E+01,1.697107E-02,2.900113E-03,1.832943E+03,7.554438E+00,5.170200E-02,4.368662E-04,1.858890E+03,3.606747E+01,5.243344E-02,2.085961E-03,2.057956E+03,0.000000E+00,5.804859E-02,0.000000E+00
22:00:00,8.967794E+02,0.000000E+00,2.529538E-02,0.000000E+00,0.000000E+00,1.961393E+02,0.000000E+00,1.134387E-02,9.126442E+02,2.647917E+01,2.574773E-02,1.531267E-03,4.786924E+02,0.000000E+00,1.350835E-02,0.000000E+00,1.003943E+03,1.016298E+01,2.832549E-02,5.877013E-04,4.060607E+02,1.029065E+02,1.145904E-02,5.951057E-03,6.337020E+02,2.152387E+01,1.787788E-02,1.244745E-03,1.891943E+03,0.000000E+00,5.336602E-02,0.000000E+00,1.925977E+03,0.000000E+00,5.432559E-02,0.000000E+00,2.116665E+03,0.000000E+00,5.970431E-02,0.000000E+00
22:15:00,9.416295E+02,0.000000E+00,2.656058E-02,0.000000E+00,0.000000E+00,1.530508E+02,0.000000E+00,8.851837E-03,9.891867E+02,8.868131E+00,2.790720E-02,5.128240E-04,5.818604E+02,0.000000E+00,1.641932E-02,0.000000E+00,1.098577E+03,0.000000E+00,3.099516E-02,0.000000E+00,4.237582E+02,9.091779E+01,1.195843E-02,5.257695E-03,6.513057E+02,9.379546E+00,1.837475E-02,5.424054E-04,1.916646E+03,0.000000E+00,5.406370E-02,0.000000E+00,1.955214E+03,0.000000E+00,5.515122E-02,0.000000E+00,2.140416E+03,0.000000E+00,6.037524E-02,0.000000E+00
22:30:00,9.839948E+02,0.000000E+00,2.775633E-02,0.000000E+00,0.000000E+00,1.090139E+02,0.000000E+00,6.305020E-03,1.062566E+03,5.646402E-01,2.997778E-02,3.265138E-05,6.771933E+02,0.000000E+00,1.910921E-02,0.000000E+00,1.187638E+03,0.000000E+00,3.350802E-02,0.000000E+00,4.387872E+02,7.999136E+01,1.238266E-02,4.625830E-03,6.646915E+02,2.611424E+00,1.875300E-02,1.510134E-04,1.936495E+03,0.000000E+00,5.462619E-02,0.000000E+00,1.977246E+03,0.000000E+00,5.577540E-02,0.000000E+00,2.159093E+03,0.000000E+00,6.090486E-02,0.000000E+00
22:45:00,1.024178E+03,0.000000E+00,2.889067E-02,0.000000E+00,0.000000E+00,6.562614E+01,0.000000E+00,3.795522E-03,1.133191E+03,0.000000E+00,3.197078E-02,0.000000E+00,7.665931E+02,0.000000E+00,2.163173E-02,0.000000E+00,1.273595E+03,0.000000E+00,3.593357E-02,0.000000E+00,4.516560E+02,7.009542E+01,1.274595E-02,4.053515E-03,6.753189E+02,0.000000E+00,1.905342E-02,0.000000E+00,1.952565E+03,0.000000E+00,5.508208E-02,0.000000E+00,1.994536E+03,0.000000E+00,5.626583E-02,0.000000E+00,2.174075E+03,0.000000E+00,6.133030E-02,0.000000E+00
23:00:00,1.063076E+03,0.000000E+00,2.998770E-02,0.000000E+00,0.000000E+00,2.226870E+01,0.000000E+00,1.287776E-03,1.202864E+03,0.000000E+00,3.393573E-02,0.000000E+00,8.517725E+02,0.000000E+00,2.403483E-02,0.000000E+00,1.356896E+03,0.000000E+00,3.828357E-02,0.000000E+00,4.629812E+02,6.098276E+01,1.306557E-02,3.526524E-03,6.841600E+02,0.000000E+00,1.930300E-02,0.000000E+00,1.966821E+03,0.000000E+00,5.548460E-02,0.000000E+00,2.009498E+03,0.000000E+00,5.668833E-02,0.000000E+00,2.187503E+03,0.000000E+00,6.170951E-02,0.000000E+00
23:15:00,1.075139E+03,0.000000E+00,3.032731E-02,0.000000E+00,0.000000E+00,1.478395E+01,0.000000E+00,8.548987E-04,1.215497E+03,0.000000E+00,3.429123E-02,0.000000E+00,8.782669E+02,0.000000E+00,2.478200E-02,0.000000E+00,1.381452E+03,0.000000E+00,3.897590E-02,0.000000E+00,4.729184E+02,5.261790E+01,1.334596E-02,3.042795E-03,6.914668E+02,0.000000E+00,1.950899E-02,0.000000E+00,1.978686E+03,0.000000E+00,5.581832E-02,0.000000E+00,2.021795E+03,0.000000E+00,5.703423E-02,0.000000E+00,2.198651E+03,0.000000E+00,6.202287E-02,0.000000E+00
23:30:00,1.085287E+03,0.000000E+00,3.061242E-02,0.000000E+00,0.000000E+00,9.031345E+00,0.000000E+00,5.222471E-04,1.226461E+03,0.000000E+00,3.459932E-02,0.000000E+00,9.012902E+02,0.000000E+00,2.543126E-02,0.000000E+00,1.402718E+03,0.000000E+00,3.957515E-02,0.000000E+00,4.818860E+02,4.493409E+01,1.359893E-02,2.598463E-03,6.978063E+02,0.000000E+00,1.968744E-02,0.000000E+00,1.989405E+03,0.000000E+00,5.611846E-02,0.000000E+00,2.032796E+03,0.000000E+00,5.734228E-02,0.000000E+00,2.208826E+03,0.000000E+00,6.230746E-02,0.000000E+00
23:45:00,1.094513E+03,0.000000E+00,3.087140E-02,0.000000E+00,0.000000E+00,4.586616E+00,0.000000E+00,2.652267E-04,1.236933E+03,0.000000E+00,3.489348E-02,0.000000E+00,9.220375E+02,0.000000E+00,2.601625E-02,0.000000E+00,1.422209E+03,0.000000E+00,4.012431E-02,0.000000E+00,4.902130E+02,3.765536E+01,1.383382E-02,2.177554E-03,7.035945E+02,0.000000E+00,1.985031E-02,0.000000E+00,2.000000E+03,0.000000E+00,5.641502E-02,0.000000E+00,2.043603E+03,0.000000E+00,5.764477E-02,0.000000E+00,2.219056E+03,0.000000E+00,6.259348E-02,0.000000E+00
24:00:00,1.102467E+03,0.000000E+00,3.109556E-02,0.000000E+00,0.000000E+00,1.616387E+00,0.000000E+00,9.346902E-05,1.246013E+03,0.000000E+00,3.514961E-02,0.000000E+00,9.405627E+02,0.000000E+00,2.653886E-02,0.000000E+00,1.439298E+03,0.000000E+00,4.060656E-02,0.000000E+00,4.978572E+02,3.081991E+01,1.404956E-02,1.782259E-03,7.087464E+02,0.000000E+00,1.999566E-02,0.000000E+00,2.009440E+03,0.000000E+00,5.668113E-02,0.000000E+00,2.053217E+03,0.000000E+00,5.791578E-02,0.000000E+00,2.228264E+03,0.000000E+00,6.285298E-02,0.000000E+00
Peak,2.398581E+03,1.200350E+03,8.055214E-02,9.217336E-02,7.663044E+02,8.580751E+02,2.568452E-02,6.583638E-02,3.048769E+03,2.668236E+03,1.023638E-01,2.048695E-01,4.508874E+03,3.523319E+03,1.515054E-01,2.704421E-01,4.459440E+03,3.184699E+03,1.497333E-01,2.444503E-01,2.044398E+03,1.094715E+03,6.863812E-02,8.399235E-02,1.652758E+03,8.825231E+02,5.550849E-02,6.773887E-02,4.109395E+03,2.699166E+03,1.379785E-01,2.072531E-01,4.132975E+03,2.924624E+03,1.387710E-01,2.245667E-01,4.390328E+03,2.154793E+03,1.474146E-01,1.654401E-01

Peak Vol Flow (m3/s),,,6.959887E-02,7.963986E-02,,,2.219200E-02,5.688412E-02,,,8.844464E-02,1.770119E-01,,,1.309041E-01,2.336680E-01,,,1.293730E-01,2.112106E-01,,,5.930488E-02,7.257128E-02,,,4.796059E-02,5.852791E-02,,,1.192165E-01,1.790713E-01,,,1.199013E-01,1.940307E-01,,,1.273695E-01,1.429440E-01
