[
  {
    "name": "ROOFTOP MIXED AIR OUTLET Simulated",
    "type": "System Node Temperature",
    "color": "blue",
    "units": "C",
    "displayname": "RTU Enter",
    "data": [
      {
        "y": 23.411094,
        "time": "2009/09/01 06:45:00"
      },
      {
        "y": 22.06314,
        "time": "2009/09/01 07:00:00"
      },
      {
        "y": 21.556623,
        "time": "2009/09/01 07:15:00"
      },
      {
        "y": 21.49409,
        "time": "2009/09/01 07:30:00"
      },
      {
        "y": 21.568822,
        "time": "2009/09/01 07:45:00"
      },
      {
        "y": 21.522968,
        "time": "2009/09/01 08:00:00"
      },
      {
        "y": 21.470869,
        "time": "2009/09/01 08:15:00"
      },
      {
        "y": 21.407466,
        "time": "2009/09/01 08:30:00"
      },
      {
        "y": 21.368837,
        "time": "2009/09/01 08:45:00"
      },
      {
        "y": 21.334533,
        "time": "2009/09/01 09:00:00"
      },
      {
        "y": 21.29854,
        "time": "2009/09/01 09:15:00"
      },
      {
        "y": 21.279101,
        "time": "2009/09/01 09:30:00"
      },
      {
        "y": 21.271956,
        "time": "2009/09/01 09:45:00"
      },
      {
        "y": 21.272866,
        "time": "2009/09/01 10:00:00"
      },
      {
        "y": 21.301072,
        "time": "2009/09/01 10:15:00"
      },
      {
        "y": 21.368788,
        "time": "2009/09/01 10:30:00"
      },
      {
        "y": 21.457972,
        "time": "2009/09/01 10:45:00"
      },
      {
        "y": 21.481953,
        "time": "2009/09/01 11:00:00"
      },
      {
        "y": 21.593736,
        "time": "2009/09/01 11:15:00"
      },
      {
        "y": 21.776992,
        "time": "2009/09/01 11:30:00"
      },
      {
        "y": 21.895668,
        "time": "2009/09/01 11:45:00"
      },
      {
        "y": 21.974515,
        "time": "2009/09/01 12:00:00"
      },
      {
        "y": 21.967162,
        "time": "2009/09/01 12:15:00"
      },
      {
        "y": 21.988311,
        "time": "2009/09/01 12:30:00"
      },
      {
        "y": 22.04623,
        "time": "2009/09/01 12:45:00"
      },
      {
        "y": 22.105925,
        "time": "2009/09/01 13:00:00"
      },
      {
        "y": 22.142702,
        "time": "2009/09/01 13:15:00"
      },
      {
        "y": 22.157757,
        "time": "2009/09/01 13:30:00"
      },
      {
        "y": 22.11581,
        "time": "2009/09/01 13:45:00"
      },
      {
        "y": 22.025051,
        "time": "2009/09/01 14:00:00"
      },
      {
        "y": 21.949302,
        "time": "2009/09/01 14:15:00"
      },
      {
        "y": 21.912439,
        "time": "2009/09/01 14:30:00"
      },
      {
        "y": 21.944977,
        "time": "2009/09/01 14:45:00"
      },
      {
        "y": 22.024788,
        "time": "2009/09/01 15:00:00"
      },
      {
        "y": 22.046798,
        "time": "2009/09/01 15:15:00"
      },
      {
        "y": 22.140811,
        "time": "2009/09/01 15:30:00"
      },
      {
        "y": 22.232158,
        "time": "2009/09/01 15:45:00"
      },
      {
        "y": 22.299853,
        "time": "2009/09/01 16:00:00"
      },
      {
        "y": 22.21021,
        "time": "2009/09/01 16:15:00"
      },
      {
        "y": 21.979439,
        "time": "2009/09/01 16:30:00"
      },
      {
        "y": 21.909634,
        "time": "2009/09/01 16:45:00"
      },
      {
        "y": 21.939395,
        "time": "2009/09/01 17:00:00"
      },
      {
        "y": 22.027536,
        "time": "2009/09/01 17:15:00"
      },
      {
        "y": 22.031233,
        "time": "2009/09/01 17:30:00"
      },
      {
        "y": 21.952019,
        "time": "2009/09/01 17:45:00"
      },
      {
        "y": 21.833616,
        "time": "2009/09/01 18:00:00"
      },
      {
        "y": 21.70274,
        "time": "2009/09/01 18:15:00"
      },
      {
        "y": 21.576946,
        "time": "2009/09/01 18:30:00"
      },
      {
        "y": 21.493319,
        "time": "2009/09/01 18:45:00"
      },
      {
        "y": 21.432806,
        "time": "2009/09/01 19:00:00"
      },
      {
        "y": 21.309379,
        "time": "2009/09/01 19:15:00"
      },
      {
        "y": 21.111738,
        "time": "2009/09/01 19:30:00"
      },
      {
        "y": 20.971161,
        "time": "2009/09/01 19:45:00"
      },
      {
        "y": 20.876769,
        "time": "2009/09/01 20:00:00"
      },
      {
        "y": 20.760856,
        "time": "2009/09/01 20:15:00"
      },
      {
        "y": 20.649852,
        "time": "2009/09/01 20:30:00"
      },
      {
        "y": 20.457802,
        "time": "2009/09/01 20:45:00"
      },
      {
        "y": 20.28076,
        "time": "2009/09/01 21:00:00"
      },
      {
        "y": 20.221018,
        "time": "2009/09/01 21:15:00"
      },
      {
        "y": 20.091787,
        "time": "2009/09/01 21:30:00"
      },
      {
        "y": 19.952488,
        "time": "2009/09/01 21:45:00"
      }
    ],
    "cvrmse": 2.833027,
    "nmbe": -1.132703
  },
  {
    "name": "ROOFTOP MIXED AIR OUTLET Metered",
    "type": "System Node Temperature",
    "color": "red",
    "units": "C",
    "displayname": "RTU Enter",
    "data": [
      {
        "y": 24.151932,
        "time": "2009/09/01 06:45:00"
      },
      {
        "y": 23.768568,
        "time": "2009/09/01 07:00:00"
      },
      {
        "y": 23.079624,
        "time": "2009/09/01 07:15:00"
      },
      {
        "y": 22.52958,
        "time": "2009/09/01 07:30:00"
      },
      {
        "y": 21.873972,
        "time": "2009/09/01 07:45:00"
      },
      {
        "y": 21.47394,
        "time": "2009/09/01 08:00:00"
      },
      {
        "y": 21.512832,
        "time": "2009/09/01 08:15:00"
      },
      {
        "y": 21.3906,
        "time": "2009/09/01 08:30:00"
      },
      {
        "y": 21.246144,
        "time": "2009/09/01 08:45:00"
      },
      {
        "y": 21.246144,
        "time": "2009/09/01 09:00:00"
      },
      {
        "y": 21.240588,
        "time": "2009/09/01 09:15:00"
      },
      {
        "y": 21.146136,
        "time": "2009/09/01 09:30:00"
      },
      {
        "y": 21.1128,
        "time": "2009/09/01 09:45:00"
      },
      {
        "y": 21.096132,
        "time": "2009/09/01 10:00:00"
      },
      {
        "y": 21.146136,
        "time": "2009/09/01 10:15:00"
      },
      {
        "y": 21.173916,
        "time": "2009/09/01 10:30:00"
      },
      {
        "y": 21.273924,
        "time": "2009/09/01 10:45:00"
      },
      {
        "y": 21.318372,
        "time": "2009/09/01 11:00:00"
      },
      {
        "y": 21.407268,
        "time": "2009/09/01 11:15:00"
      },
      {
        "y": 21.41838,
        "time": "2009/09/01 11:30:00"
      },
      {
        "y": 21.429492,
        "time": "2009/09/01 11:45:00"
      },
      {
        "y": 21.323928,
        "time": "2009/09/01 12:00:00"
      },
      {
        "y": 21.507276,
        "time": "2009/09/01 12:15:00"
      },
      {
        "y": 21.562836,
        "time": "2009/09/01 12:30:00"
      },
      {
        "y": 21.573948,
        "time": "2009/09/01 12:45:00"
      },
      {
        "y": 21.429492,
        "time": "2009/09/01 13:00:00"
      },
      {
        "y": 21.36282,
        "time": "2009/09/01 13:15:00"
      },
      {
        "y": 21.285036,
        "time": "2009/09/01 13:30:00"
      },
      {
        "y": 21.44616,
        "time": "2009/09/01 13:45:00"
      },
      {
        "y": 21.412824,
        "time": "2009/09/01 14:00:00"
      },
      {
        "y": 21.396156,
        "time": "2009/09/01 14:15:00"
      },
      {
        "y": 21.423936,
        "time": "2009/09/01 14:30:00"
      },
      {
        "y": 21.44616,
        "time": "2009/09/01 14:45:00"
      },
      {
        "y": 21.485052,
        "time": "2009/09/01 15:00:00"
      },
      {
        "y": 21.47394,
        "time": "2009/09/01 15:15:00"
      },
      {
        "y": 21.373932,
        "time": "2009/09/01 15:30:00"
      },
      {
        "y": 21.296148,
        "time": "2009/09/01 15:45:00"
      },
      {
        "y": 21.412824,
        "time": "2009/09/01 16:00:00"
      },
      {
        "y": 21.351708,
        "time": "2009/09/01 16:15:00"
      },
      {
        "y": 21.323928,
        "time": "2009/09/01 16:30:00"
      },
      {
        "y": 21.47394,
        "time": "2009/09/01 16:45:00"
      },
      {
        "y": 21.312816,
        "time": "2009/09/01 17:00:00"
      },
      {
        "y": 21.173916,
        "time": "2009/09/01 17:15:00"
      },
      {
        "y": 21.212808,
        "time": "2009/09/01 17:30:00"
      },
      {
        "y": 21.118356,
        "time": "2009/09/01 17:45:00"
      },
      {
        "y": 20.996124,
        "time": "2009/09/01 18:00:00"
      },
      {
        "y": 20.979456,
        "time": "2009/09/01 18:15:00"
      },
      {
        "y": 21.062796,
        "time": "2009/09/01 18:30:00"
      },
      {
        "y": 21.02946,
        "time": "2009/09/01 18:45:00"
      },
      {
        "y": 20.796108,
        "time": "2009/09/01 19:00:00"
      },
      {
        "y": 20.996124,
        "time": "2009/09/01 19:15:00"
      },
      {
        "y": 20.985012,
        "time": "2009/09/01 19:30:00"
      },
      {
        "y": 20.790552,
        "time": "2009/09/01 19:45:00"
      },
      {
        "y": 20.701656,
        "time": "2009/09/01 20:00:00"
      },
      {
        "y": 20.662764,
        "time": "2009/09/01 20:15:00"
      },
      {
        "y": 20.707212,
        "time": "2009/09/01 20:30:00"
      },
      {
        "y": 20.623872,
        "time": "2009/09/01 20:45:00"
      },
      {
        "y": 20.762772,
        "time": "2009/09/01 21:00:00"
      },
      {
        "y": 20.679432,
        "time": "2009/09/01 21:15:00"
      },
      {
        "y": 20.66832,
        "time": "2009/09/01 21:30:00"
      },
      {
        "y": 20.634984,
        "time": "2009/09/01 21:45:00"
      }
    ],
    "cvrmse": 2.833027,
    "nmbe": -1.132703
  }
]