[
  {
    "name": "ROOFTOP SUPPLY FAN OUTLET Simulated",
    "type": "System Node Temperature",
    "color": "blue",
    "units": "C",
    "displayname": "RTU Exit",
    "data": [
      {
        "y": 12.499539,
        "time": "2009/09/01 06:45:00"
      },
      {
        "y": 12.500109,
        "time": "2009/09/01 07:00:00"
      },
      {
        "y": 12.500682,
        "time": "2009/09/01 07:15:00"
      },
      {
        "y": 12.500163,
        "time": "2009/09/01 07:30:00"
      },
      {
        "y": 12.500247,
        "time": "2009/09/01 07:45:00"
      },
      {
        "y": 12.500196,
        "time": "2009/09/01 08:00:00"
      },
      {
        "y": 12.500286,
        "time": "2009/09/01 08:15:00"
      },
      {
        "y": 12.500254,
        "time": "2009/09/01 08:30:00"
      },
      {
        "y": 12.500201,
        "time": "2009/09/01 08:45:00"
      },
      {
        "y": 12.500163,
        "time": "2009/09/01 09:00:00"
      },
      {
        "y": 12.500174,
        "time": "2009/09/01 09:15:00"
      },
      {
        "y": 12.500177,
        "time": "2009/09/01 09:30:00"
      },
      {
        "y": 12.500112,
        "time": "2009/09/01 09:45:00"
      },
      {
        "y": 12.500037,
        "time": "2009/09/01 10:00:00"
      },
      {
        "y": 12.500057,
        "time": "2009/09/01 10:15:00"
      },
      {
        "y": 12.500054,
        "time": "2009/09/01 10:30:00"
      },
      {
        "y": 12.500047,
        "time": "2009/09/01 10:45:00"
      },
      {
        "y": 12.500011,
        "time": "2009/09/01 11:00:00"
      },
      {
        "y": 12.500042,
        "time": "2009/09/01 11:15:00"
      },
      {
        "y": 12.499279,
        "time": "2009/09/01 11:30:00"
      },
      {
        "y": 12.499979,
        "time": "2009/09/01 11:45:00"
      },
      {
        "y": 12.499427,
        "time": "2009/09/01 12:00:00"
      },
      {
        "y": 12.500072,
        "time": "2009/09/01 12:15:00"
      },
      {
        "y": 12.500104,
        "time": "2009/09/01 12:30:00"
      },
      {
        "y": 12.500113,
        "time": "2009/09/01 12:45:00"
      },
      {
        "y": 12.500097,
        "time": "2009/09/01 13:00:00"
      },
      {
        "y": 12.499199,
        "time": "2009/09/01 13:15:00"
      },
      {
        "y": 12.50014,
        "time": "2009/09/01 13:30:00"
      },
      {
        "y": 12.500142,
        "time": "2009/09/01 13:45:00"
      },
      {
        "y": 12.500137,
        "time": "2009/09/01 14:00:00"
      },
      {
        "y": 12.500135,
        "time": "2009/09/01 14:15:00"
      },
      {
        "y": 12.500134,
        "time": "2009/09/01 14:30:00"
      },
      {
        "y": 12.500088,
        "time": "2009/09/01 14:45:00"
      },
      {
        "y": 12.5,
        "time": "2009/09/01 15:00:00"
      },
      {
        "y": 12.500034,
        "time": "2009/09/01 15:15:00"
      },
      {
        "y": 12.500016,
        "time": "2009/09/01 15:30:00"
      },
      {
        "y": 12.500078,
        "time": "2009/09/01 15:45:00"
      },
      {
        "y": 12.500121,
        "time": "2009/09/01 16:00:00"
      },
      {
        "y": 12.499962,
        "time": "2009/09/01 16:15:00"
      },
      {
        "y": 12.499859,
        "time": "2009/09/01 16:30:00"
      },
      {
        "y": 12.499938,
        "time": "2009/09/01 16:45:00"
      },
      {
        "y": 12.500034,
        "time": "2009/09/01 17:00:00"
      },
      {
        "y": 12.50011,
        "time": "2009/09/01 17:15:00"
      },
      {
        "y": 12.500127,
        "time": "2009/09/01 17:30:00"
      },
      {
        "y": 12.5001,
        "time": "2009/09/01 17:45:00"
      },
      {
        "y": 12.500017,
        "time": "2009/09/01 18:00:00"
      },
      {
        "y": 12.50004,
        "time": "2009/09/01 18:15:00"
      },
      {
        "y": 12.500028,
        "time": "2009/09/01 18:30:00"
      },
      {
        "y": 12.500058,
        "time": "2009/09/01 18:45:00"
      },
      {
        "y": 12.500094,
        "time": "2009/09/01 19:00:00"
      },
      {
        "y": 12.500037,
        "time": "2009/09/01 19:15:00"
      },
      {
        "y": 12.500059,
        "time": "2009/09/01 19:30:00"
      },
      {
        "y": 12.500077,
        "time": "2009/09/01 19:45:00"
      },
      {
        "y": 12.500086,
        "time": "2009/09/01 20:00:00"
      },
      {
        "y": 12.500112,
        "time": "2009/09/01 20:15:00"
      },
      {
        "y": 12.500139,
        "time": "2009/09/01 20:30:00"
      },
      {
        "y": 12.50005,
        "time": "2009/09/01 20:45:00"
      },
      {
        "y": 12.500057,
        "time": "2009/09/01 21:00:00"
      },
      {
        "y": 12.500105,
        "time": "2009/09/01 21:15:00"
      },
      {
        "y": 12.500072,
        "time": "2009/09/01 21:30:00"
      },
      {
        "y": 12.500095,
        "time": "2009/09/01 21:45:00"
      }
    ],
    "cvrmse": 8.310623,
    "nmbe": 3.831221
  },
  {
    "name": "ROOFTOP SUPPLY FAN OUTLET Metered",
    "type": "System Node Temperature",
    "color": "red",
    "units": "C",
    "displayname": "RTU Exit",
    "data": [
      {
        "y": 18.062556,
        "time": "2009/09/01 06:45:00"
      },
      {
        "y": 15.0012,
        "time": "2009/09/01 07:00:00"
      },
      {
        "y": 15.16788,
        "time": "2009/09/01 07:15:00"
      },
      {
        "y": 11.86206,
        "time": "2009/09/01 07:30:00"
      },
      {
        "y": 11.600928,
        "time": "2009/09/01 07:45:00"
      },
      {
        "y": 12.30654,
        "time": "2009/09/01 08:00:00"
      },
      {
        "y": 13.423296,
        "time": "2009/09/01 08:15:00"
      },
      {
        "y": 13.356624,
        "time": "2009/09/01 08:30:00"
      },
      {
        "y": 12.562116,
        "time": "2009/09/01 08:45:00"
      },
      {
        "y": 13.91778,
        "time": "2009/09/01 09:00:00"
      },
      {
        "y": 13.00104,
        "time": "2009/09/01 09:15:00"
      },
      {
        "y": 12.823248,
        "time": "2009/09/01 09:30:00"
      },
      {
        "y": 12.767688,
        "time": "2009/09/01 09:45:00"
      },
      {
        "y": 12.745464,
        "time": "2009/09/01 10:00:00"
      },
      {
        "y": 12.234312,
        "time": "2009/09/01 10:15:00"
      },
      {
        "y": 13.489968,
        "time": "2009/09/01 10:30:00"
      },
      {
        "y": 12.295428,
        "time": "2009/09/01 10:45:00"
      },
      {
        "y": 13.562196,
        "time": "2009/09/01 11:00:00"
      },
      {
        "y": 12.995484,
        "time": "2009/09/01 11:15:00"
      },
      {
        "y": 12.562116,
        "time": "2009/09/01 11:30:00"
      },
      {
        "y": 12.289872,
        "time": "2009/09/01 11:45:00"
      },
      {
        "y": 13.151052,
        "time": "2009/09/01 12:00:00"
      },
      {
        "y": 12.712128,
        "time": "2009/09/01 12:15:00"
      },
      {
        "y": 14.078904,
        "time": "2009/09/01 12:30:00"
      },
      {
        "y": 12.300984,
        "time": "2009/09/01 12:45:00"
      },
      {
        "y": 12.3621,
        "time": "2009/09/01 13:00:00"
      },
      {
        "y": 12.089856,
        "time": "2009/09/01 13:15:00"
      },
      {
        "y": 12.617676,
        "time": "2009/09/01 13:30:00"
      },
      {
        "y": 13.36218,
        "time": "2009/09/01 13:45:00"
      },
      {
        "y": 13.101048,
        "time": "2009/09/01 14:00:00"
      },
      {
        "y": 13.128828,
        "time": "2009/09/01 14:15:00"
      },
      {
        "y": 13.273284,
        "time": "2009/09/01 14:30:00"
      },
      {
        "y": 13.273284,
        "time": "2009/09/01 14:45:00"
      },
      {
        "y": 13.734432,
        "time": "2009/09/01 15:00:00"
      },
      {
        "y": 12.33432,
        "time": "2009/09/01 15:15:00"
      },
      {
        "y": 12.262092,
        "time": "2009/09/01 15:30:00"
      },
      {
        "y": 11.728716,
        "time": "2009/09/01 15:45:00"
      },
      {
        "y": 13.44552,
        "time": "2009/09/01 16:00:00"
      },
      {
        "y": 12.912144,
        "time": "2009/09/01 16:15:00"
      },
      {
        "y": 13.401072,
        "time": "2009/09/01 16:30:00"
      },
      {
        "y": 13.317732,
        "time": "2009/09/01 16:45:00"
      },
      {
        "y": 12.289872,
        "time": "2009/09/01 17:00:00"
      },
      {
        "y": 12.095412,
        "time": "2009/09/01 17:15:00"
      },
      {
        "y": 12.767688,
        "time": "2009/09/01 17:30:00"
      },
      {
        "y": 12.734352,
        "time": "2009/09/01 17:45:00"
      },
      {
        "y": 12.706572,
        "time": "2009/09/01 18:00:00"
      },
      {
        "y": 13.662204,
        "time": "2009/09/01 18:15:00"
      },
      {
        "y": 13.051044,
        "time": "2009/09/01 18:30:00"
      },
      {
        "y": 12.228756,
        "time": "2009/09/01 18:45:00"
      },
      {
        "y": 13.106604,
        "time": "2009/09/01 19:00:00"
      },
      {
        "y": 13.851108,
        "time": "2009/09/01 19:15:00"
      },
      {
        "y": 13.02882,
        "time": "2009/09/01 19:30:00"
      },
      {
        "y": 12.606564,
        "time": "2009/09/01 19:45:00"
      },
      {
        "y": 12.462108,
        "time": "2009/09/01 20:00:00"
      },
      {
        "y": 12.61212,
        "time": "2009/09/01 20:15:00"
      },
      {
        "y": 12.501,
        "time": "2009/09/01 20:30:00"
      },
      {
        "y": 13.02882,
        "time": "2009/09/01 20:45:00"
      },
      {
        "y": 12.712128,
        "time": "2009/09/01 21:00:00"
      },
      {
        "y": 13.22328,
        "time": "2009/09/01 21:15:00"
      },
      {
        "y": 13.967784,
        "time": "2009/09/01 21:30:00"
      },
      {
        "y": 11.628708,
        "time": "2009/09/01 21:45:00"
      }
    ],
    "cvrmse": 8.310623,
    "nmbe": 3.831221
  }
]