[
  {
    "name": "ROOFTOP MIXED AIR OUTLET Simulated",
    "type": "System Node Temperature",
    "color": "blue",
    "units": "C",
    "displayname": "RTU Enter",
    "data": [
      {
        "y": 23.453257,
        "time": "2009/08/27 06:45:00"
      },
      {
        "y": 22.22008,
        "time": "2009/08/27 07:00:00"
      },
      {
        "y": 21.711603,
        "time": "2009/08/27 07:15:00"
      },
      {
        "y": 21.599649,
        "time": "2009/08/27 07:30:00"
      },
      {
        "y": 21.697894,
        "time": "2009/08/27 07:45:00"
      },
      {
        "y": 21.661015,
        "time": "2009/08/27 08:00:00"
      },
      {
        "y": 21.622313,
        "time": "2009/08/27 08:15:00"
      },
      {
        "y": 21.579567,
        "time": "2009/08/27 08:30:00"
      },
      {
        "y": 21.569696,
        "time": "2009/08/27 08:45:00"
      },
      {
        "y": 21.605168,
        "time": "2009/08/27 09:00:00"
      },
      {
        "y": 21.654772,
        "time": "2009/08/27 09:15:00"
      },
      {
        "y": 21.67211,
        "time": "2009/08/27 09:30:00"
      },
      {
        "y": 21.678079,
        "time": "2009/08/27 09:45:00"
      },
      {
        "y": 21.708573,
        "time": "2009/08/27 10:00:00"
      },
      {
        "y": 21.816907,
        "time": "2009/08/27 10:15:00"
      },
      {
        "y": 21.957386,
        "time": "2009/08/27 10:30:00"
      },
      {
        "y": 22.0926,
        "time": "2009/08/27 10:45:00"
      },
      {
        "y": 22.179325,
        "time": "2009/08/27 11:00:00"
      },
      {
        "y": 22.301599,
        "time": "2009/08/27 11:15:00"
      },
      {
        "y": 22.406388,
        "time": "2009/08/27 11:30:00"
      },
      {
        "y": 22.514975,
        "time": "2009/08/27 11:45:00"
      },
      {
        "y": 22.621864,
        "time": "2009/08/27 12:00:00"
      },
      {
        "y": 22.731561,
        "time": "2009/08/27 12:15:00"
      },
      {
        "y": 22.830845,
        "time": "2009/08/27 12:30:00"
      },
      {
        "y": 22.917764,
        "time": "2009/08/27 12:45:00"
      },
      {
        "y": 23.019341,
        "time": "2009/08/27 13:00:00"
      },
      {
        "y": 23.124163,
        "time": "2009/08/27 13:15:00"
      },
      {
        "y": 23.194395,
        "time": "2009/08/27 13:30:00"
      },
      {
        "y": 23.277543,
        "time": "2009/08/27 13:45:00"
      },
      {
        "y": 23.366569,
        "time": "2009/08/27 14:00:00"
      },
      {
        "y": 23.449887,
        "time": "2009/08/27 14:15:00"
      },
      {
        "y": 23.545404,
        "time": "2009/08/27 14:30:00"
      },
      {
        "y": 23.652705,
        "time": "2009/08/27 14:45:00"
      },
      {
        "y": 23.741664,
        "time": "2009/08/27 15:00:00"
      },
      {
        "y": 23.853355,
        "time": "2009/08/27 15:15:00"
      },
      {
        "y": 24.012767,
        "time": "2009/08/27 15:30:00"
      },
      {
        "y": 24.108829,
        "time": "2009/08/27 15:45:00"
      },
      {
        "y": 24.215455,
        "time": "2009/08/27 16:00:00"
      },
      {
        "y": 24.331954,
        "time": "2009/08/27 16:15:00"
      },
      {
        "y": 24.4168,
        "time": "2009/08/27 16:30:00"
      },
      {
        "y": 24.481644,
        "time": "2009/08/27 16:45:00"
      },
      {
        "y": 24.537477,
        "time": "2009/08/27 17:00:00"
      },
      {
        "y": 24.592139,
        "time": "2009/08/27 17:15:00"
      },
      {
        "y": 24.646484,
        "time": "2009/08/27 17:30:00"
      },
      {
        "y": 24.703127,
        "time": "2009/08/27 17:45:00"
      },
      {
        "y": 24.696233,
        "time": "2009/08/27 18:00:00"
      },
      {
        "y": 24.385331,
        "time": "2009/08/27 18:15:00"
      },
      {
        "y": 24.184851,
        "time": "2009/08/27 18:30:00"
      },
      {
        "y": 23.984567,
        "time": "2009/08/27 18:45:00"
      },
      {
        "y": 23.93602,
        "time": "2009/08/27 19:00:00"
      },
      {
        "y": 23.96816,
        "time": "2009/08/27 19:15:00"
      },
      {
        "y": 23.822688,
        "time": "2009/08/27 19:30:00"
      },
      {
        "y": 23.553417,
        "time": "2009/08/27 19:45:00"
      },
      {
        "y": 23.354396,
        "time": "2009/08/27 20:00:00"
      },
      {
        "y": 23.216968,
        "time": "2009/08/27 20:15:00"
      },
      {
        "y": 23.053095,
        "time": "2009/08/27 20:30:00"
      },
      {
        "y": 22.879478,
        "time": "2009/08/27 20:45:00"
      },
      {
        "y": 22.717259,
        "time": "2009/08/27 21:00:00"
      },
      {
        "y": 22.598394,
        "time": "2009/08/27 21:15:00"
      },
      {
        "y": 22.412811,
        "time": "2009/08/27 21:30:00"
      },
      {
        "y": 22.226534,
        "time": "2009/08/27 21:45:00"
      }
    ],
    "cvrmse": 3.464056,
    "nmbe": -2.596356
  },
  {
    "name": "ROOFTOP MIXED AIR OUTLET Metered",
    "type": "System Node Temperature",
    "color": "red",
    "units": "C",
    "displayname": "RTU Enter",
    "data": [
      {
        "y": 23.379648,
        "time": "2009/08/27 06:45:00"
      },
      {
        "y": 23.229636,
        "time": "2009/08/27 07:00:00"
      },
      {
        "y": 22.346232,
        "time": "2009/08/27 07:15:00"
      },
      {
        "y": 21.673956,
        "time": "2009/08/27 07:30:00"
      },
      {
        "y": 21.479496,
        "time": "2009/08/27 07:45:00"
      },
      {
        "y": 21.407268,
        "time": "2009/08/27 08:00:00"
      },
      {
        "y": 21.268368,
        "time": "2009/08/27 08:15:00"
      },
      {
        "y": 21.146136,
        "time": "2009/08/27 08:30:00"
      },
      {
        "y": 21.235032,
        "time": "2009/08/27 08:45:00"
      },
      {
        "y": 21.2517,
        "time": "2009/08/27 09:00:00"
      },
      {
        "y": 21.162804,
        "time": "2009/08/27 09:15:00"
      },
      {
        "y": 21.19614,
        "time": "2009/08/27 09:30:00"
      },
      {
        "y": 21.262812,
        "time": "2009/08/27 09:45:00"
      },
      {
        "y": 21.47394,
        "time": "2009/08/27 10:00:00"
      },
      {
        "y": 21.47394,
        "time": "2009/08/27 10:15:00"
      },
      {
        "y": 21.546168,
        "time": "2009/08/27 10:30:00"
      },
      {
        "y": 21.673956,
        "time": "2009/08/27 10:45:00"
      },
      {
        "y": 21.818412,
        "time": "2009/08/27 11:00:00"
      },
      {
        "y": 21.97398,
        "time": "2009/08/27 11:15:00"
      },
      {
        "y": 22.11288,
        "time": "2009/08/27 11:30:00"
      },
      {
        "y": 22.290672,
        "time": "2009/08/27 11:45:00"
      },
      {
        "y": 22.44624,
        "time": "2009/08/27 12:00:00"
      },
      {
        "y": 22.574028,
        "time": "2009/08/27 12:15:00"
      },
      {
        "y": 22.662924,
        "time": "2009/08/27 12:30:00"
      },
      {
        "y": 22.785156,
        "time": "2009/08/27 12:45:00"
      },
      {
        "y": 22.940724,
        "time": "2009/08/27 13:00:00"
      },
      {
        "y": 22.968504,
        "time": "2009/08/27 13:15:00"
      },
      {
        "y": 23.08518,
        "time": "2009/08/27 13:30:00"
      },
      {
        "y": 22.985172,
        "time": "2009/08/27 13:45:00"
      },
      {
        "y": 23.129628,
        "time": "2009/08/27 14:00:00"
      },
      {
        "y": 23.1963,
        "time": "2009/08/27 14:15:00"
      },
      {
        "y": 23.240748,
        "time": "2009/08/27 14:30:00"
      },
      {
        "y": 23.301864,
        "time": "2009/08/27 14:45:00"
      },
      {
        "y": 23.357424,
        "time": "2009/08/27 15:00:00"
      },
      {
        "y": 23.36298,
        "time": "2009/08/27 15:15:00"
      },
      {
        "y": 23.512992,
        "time": "2009/08/27 15:30:00"
      },
      {
        "y": 23.540772,
        "time": "2009/08/27 15:45:00"
      },
      {
        "y": 23.562996,
        "time": "2009/08/27 16:00:00"
      },
      {
        "y": 23.601888,
        "time": "2009/08/27 16:15:00"
      },
      {
        "y": 23.58522,
        "time": "2009/08/27 16:30:00"
      },
      {
        "y": 23.679672,
        "time": "2009/08/27 16:45:00"
      },
      {
        "y": 23.562996,
        "time": "2009/08/27 17:00:00"
      },
      {
        "y": 23.635224,
        "time": "2009/08/27 17:15:00"
      },
      {
        "y": 23.55744,
        "time": "2009/08/27 17:30:00"
      },
      {
        "y": 23.613,
        "time": "2009/08/27 17:45:00"
      },
      {
        "y": 23.30742,
        "time": "2009/08/27 18:00:00"
      },
      {
        "y": 23.007396,
        "time": "2009/08/27 18:15:00"
      },
      {
        "y": 22.840716,
        "time": "2009/08/27 18:30:00"
      },
      {
        "y": 22.712928,
        "time": "2009/08/27 18:45:00"
      },
      {
        "y": 22.66848,
        "time": "2009/08/27 19:00:00"
      },
      {
        "y": 22.401792,
        "time": "2009/08/27 19:15:00"
      },
      {
        "y": 22.301784,
        "time": "2009/08/27 19:30:00"
      },
      {
        "y": 22.146216,
        "time": "2009/08/27 19:45:00"
      },
      {
        "y": 22.007316,
        "time": "2009/08/27 20:00:00"
      },
      {
        "y": 21.901752,
        "time": "2009/08/27 20:15:00"
      },
      {
        "y": 21.829524,
        "time": "2009/08/27 20:30:00"
      },
      {
        "y": 21.773964,
        "time": "2009/08/27 20:45:00"
      },
      {
        "y": 21.735072,
        "time": "2009/08/27 21:00:00"
      },
      {
        "y": 21.646176,
        "time": "2009/08/27 21:15:00"
      },
      {
        "y": 21.462828,
        "time": "2009/08/27 21:30:00"
      },
      {
        "y": 21.47394,
        "time": "2009/08/27 21:45:00"
      }
    ],
    "cvrmse": 3.464056,
    "nmbe": -2.596356
  }
]