[
  {
    "name": "Environment Simulated",
    "type": "Site Outdoor Air Drybulb Temperature",
    "color": "blue",
    "units": "C",
    "displayname": "Outdoor Air Temperature",
    "data": [
      {
        "y": 20.2,
        "time": "2009/08/29 00:00:00"
      },
      {
        "y": 19.7,
        "time": "2009/08/29 00:15:00"
      },
      {
        "y": 19.6,
        "time": "2009/08/29 00:30:00"
      },
      {
        "y": 19.5,
        "time": "2009/08/29 00:45:00"
      },
      {
        "y": 19.1,
        "time": "2009/08/29 01:00:00"
      },
      {
        "y": 19.0,
        "time": "2009/08/29 01:15:00"
      },
      {
        "y": 18.5,
        "time": "2009/08/29 01:30:00"
      },
      {
        "y": 18.1,
        "time": "2009/08/29 01:45:00"
      },
      {
        "y": 17.6,
        "time": "2009/08/29 02:00:00"
      },
      {
        "y": 17.9,
        "time": "2009/08/29 02:15:00"
      },
      {
        "y": 18.5,
        "time": "2009/08/29 02:30:00"
      },
      {
        "y": 18.7,
        "time": "2009/08/29 02:45:00"
      },
      {
        "y": 18.8,
        "time": "2009/08/29 03:00:00"
      },
      {
        "y": 18.7,
        "time": "2009/08/29 03:15:00"
      },
      {
        "y": 18.4,
        "time": "2009/08/29 03:30:00"
      },
      {
        "y": 18.4,
        "time": "2009/08/29 03:45:00"
      },
      {
        "y": 18.0,
        "time": "2009/08/29 04:00:00"
      },
      {
        "y": 17.8,
        "time": "2009/08/29 04:15:00"
      },
      {
        "y": 17.7,
        "time": "2009/08/29 04:30:00"
      },
      {
        "y": 17.7,
        "time": "2009/08/29 04:45:00"
      },
      {
        "y": 17.7,
        "time": "2009/08/29 05:00:00"
      },
      {
        "y": 17.7,
        "time": "2009/08/29 05:15:00"
      },
      {
        "y": 17.9,
        "time": "2009/08/29 05:30:00"
      },
      {
        "y": 17.5,
        "time": "2009/08/29 05:45:00"
      },
      {
        "y": 17.3,
        "time": "2009/08/29 06:00:00"
      },
      {
        "y": 16.7,
        "time": "2009/08/29 06:15:00"
      },
      {
        "y": 16.5,
        "time": "2009/08/29 06:30:00"
      },
      {
        "y": 16.5,
        "time": "2009/08/29 06:45:00"
      },
      {
        "y": 16.2,
        "time": "2009/08/29 07:00:00"
      },
      {
        "y": 16.2,
        "time": "2009/08/29 07:15:00"
      },
      {
        "y": 16.3,
        "time": "2009/08/29 07:30:00"
      },
      {
        "y": 16.5,
        "time": "2009/08/29 07:45:00"
      },
      {
        "y": 16.6,
        "time": "2009/08/29 08:00:00"
      },
      {
        "y": 17.2,
        "time": "2009/08/29 08:15:00"
      },
      {
        "y": 18.4,
        "time": "2009/08/29 08:30:00"
      },
      {
        "y": 18.9,
        "time": "2009/08/29 08:45:00"
      },
      {
        "y": 19.4,
        "time": "2009/08/29 09:00:00"
      },
      {
        "y": 20.0,
        "time": "2009/08/29 09:15:00"
      },
      {
        "y": 20.4,
        "time": "2009/08/29 09:30:00"
      },
      {
        "y": 21.2,
        "time": "2009/08/29 09:45:00"
      },
      {
        "y": 21.1,
        "time": "2009/08/29 10:00:00"
      },
      {
        "y": 21.8,
        "time": "2009/08/29 10:15:00"
      },
      {
        "y": 22.3,
        "time": "2009/08/29 10:30:00"
      },
      {
        "y": 22.9,
        "time": "2009/08/29 10:45:00"
      },
      {
        "y": 23.6,
        "time": "2009/08/29 11:00:00"
      },
      {
        "y": 23.7,
        "time": "2009/08/29 11:15:00"
      },
      {
        "y": 24.0,
        "time": "2009/08/29 11:30:00"
      },
      {
        "y": 24.2,
        "time": "2009/08/29 11:45:00"
      },
      {
        "y": 24.8,
        "time": "2009/08/29 12:00:00"
      },
      {
        "y": 25.2,
        "time": "2009/08/29 12:15:00"
      },
      {
        "y": 25.4,
        "time": "2009/08/29 12:30:00"
      },
      {
        "y": 26.0,
        "time": "2009/08/29 12:45:00"
      },
      {
        "y": 26.0,
        "time": "2009/08/29 13:00:00"
      },
      {
        "y": 26.2,
        "time": "2009/08/29 13:15:00"
      },
      {
        "y": 27.2,
        "time": "2009/08/29 13:30:00"
      },
      {
        "y": 27.3,
        "time": "2009/08/29 13:45:00"
      },
      {
        "y": 26.8,
        "time": "2009/08/29 14:00:00"
      },
      {
        "y": 26.9,
        "time": "2009/08/29 14:15:00"
      },
      {
        "y": 27.1,
        "time": "2009/08/29 14:30:00"
      },
      {
        "y": 27.5,
        "time": "2009/08/29 14:45:00"
      },
      {
        "y": 27.9,
        "time": "2009/08/29 15:00:00"
      },
      {
        "y": 27.8,
        "time": "2009/08/29 15:15:00"
      },
      {
        "y": 27.9,
        "time": "2009/08/29 15:30:00"
      },
      {
        "y": 28.0,
        "time": "2009/08/29 15:45:00"
      },
      {
        "y": 27.8,
        "time": "2009/08/29 16:00:00"
      },
      {
        "y": 28.6,
        "time": "2009/08/29 16:15:00"
      },
      {
        "y": 28.2,
        "time": "2009/08/29 16:30:00"
      },
      {
        "y": 27.9,
        "time": "2009/08/29 16:45:00"
      },
      {
        "y": 28.4,
        "time": "2009/08/29 17:00:00"
      },
      {
        "y": 28.7,
        "time": "2009/08/29 17:15:00"
      },
      {
        "y": 28.4,
        "time": "2009/08/29 17:30:00"
      },
      {
        "y": 28.9,
        "time": "2009/08/29 17:45:00"
      },
      {
        "y": 28.5,
        "time": "2009/08/29 18:00:00"
      },
      {
        "y": 27.9,
        "time": "2009/08/29 18:15:00"
      },
      {
        "y": 28.2,
        "time": "2009/08/29 18:30:00"
      },
      {
        "y": 27.6,
        "time": "2009/08/29 18:45:00"
      },
      {
        "y": 26.5,
        "time": "2009/08/29 19:00:00"
      },
      {
        "y": 25.7,
        "time": "2009/08/29 19:15:00"
      },
      {
        "y": 25.0,
        "time": "2009/08/29 19:30:00"
      },
      {
        "y": 24.2,
        "time": "2009/08/29 19:45:00"
      },
      {
        "y": 23.6,
        "time": "2009/08/29 20:00:00"
      },
      {
        "y": 22.9,
        "time": "2009/08/29 20:15:00"
      },
      {
        "y": 22.4,
        "time": "2009/08/29 20:30:00"
      },
      {
        "y": 22.1,
        "time": "2009/08/29 20:45:00"
      },
      {
        "y": 21.3,
        "time": "2009/08/29 21:00:00"
      },
      {
        "y": 21.2,
        "time": "2009/08/29 21:15:00"
      },
      {
        "y": 20.9,
        "time": "2009/08/29 21:30:00"
      },
      {
        "y": 20.6,
        "time": "2009/08/29 21:45:00"
      },
      {
        "y": 20.6,
        "time": "2009/08/29 22:00:00"
      },
      {
        "y": 20.8,
        "time": "2009/08/29 22:15:00"
      },
      {
        "y": 20.7,
        "time": "2009/08/29 22:30:00"
      },
      {
        "y": 20.6,
        "time": "2009/08/29 22:45:00"
      },
      {
        "y": 20.3,
        "time": "2009/08/29 23:00:00"
      },
      {
        "y": 20.0,
        "time": "2009/08/29 23:15:00"
      },
      {
        "y": 19.8,
        "time": "2009/08/29 23:30:00"
      },
      {
        "y": 20.1,
        "time": "2009/08/29 23:45:00"
      }
    ],
    "cvrmse": 0.16714,
    "nmbe": 0.027151
  },
  {
    "name": "Environment Metered",
    "type": "Site Outdoor Air Drybulb Temperature",
    "color": "red",
    "units": "C",
    "displayname": "Outdoor Air Temperature",
    "data": [
      {
        "y": 20.16828,
        "time": "2009/08/29 00:00:00"
      },
      {
        "y": 19.7238,
        "time": "2009/08/29 00:15:00"
      },
      {
        "y": 19.646016,
        "time": "2009/08/29 00:30:00"
      },
      {
        "y": 19.462668,
        "time": "2009/08/29 00:45:00"
      },
      {
        "y": 19.14042,
        "time": "2009/08/29 01:00:00"
      },
      {
        "y": 19.040412,
        "time": "2009/08/29 01:15:00"
      },
      {
        "y": 18.551484,
        "time": "2009/08/29 01:30:00"
      },
      {
        "y": 18.101448,
        "time": "2009/08/29 01:45:00"
      },
      {
        "y": 17.629188,
        "time": "2009/08/29 02:00:00"
      },
      {
        "y": 17.845872,
        "time": "2009/08/29 02:15:00"
      },
      {
        "y": 18.462588,
        "time": "2009/08/29 02:30:00"
      },
      {
        "y": 18.72372,
        "time": "2009/08/29 02:45:00"
      },
      {
        "y": 18.790392,
        "time": "2009/08/29 03:00:00"
      },
      {
        "y": 18.718164,
        "time": "2009/08/29 03:15:00"
      },
      {
        "y": 18.434808,
        "time": "2009/08/29 03:30:00"
      },
      {
        "y": 18.39036,
        "time": "2009/08/29 03:45:00"
      },
      {
        "y": 18.018108,
        "time": "2009/08/29 04:00:00"
      },
      {
        "y": 17.795868,
        "time": "2009/08/29 04:15:00"
      },
      {
        "y": 17.740308,
        "time": "2009/08/29 04:30:00"
      },
      {
        "y": 17.745864,
        "time": "2009/08/29 04:45:00"
      },
      {
        "y": 17.745864,
        "time": "2009/08/29 05:00:00"
      },
      {
        "y": 17.72364,
        "time": "2009/08/29 05:15:00"
      },
      {
        "y": 17.879208,
        "time": "2009/08/29 05:30:00"
      },
      {
        "y": 17.534736,
        "time": "2009/08/29 05:45:00"
      },
      {
        "y": 17.268048,
        "time": "2009/08/29 06:00:00"
      },
      {
        "y": 16.756896,
        "time": "2009/08/29 06:15:00"
      },
      {
        "y": 16.534656,
        "time": "2009/08/29 06:30:00"
      },
      {
        "y": 16.50132,
        "time": "2009/08/29 06:45:00"
      },
      {
        "y": 16.217964,
        "time": "2009/08/29 07:00:00"
      },
      {
        "y": 16.234632,
        "time": "2009/08/29 07:15:00"
      },
      {
        "y": 16.2513,
        "time": "2009/08/29 07:30:00"
      },
      {
        "y": 16.545768,
        "time": "2009/08/29 07:45:00"
      },
      {
        "y": 16.623552,
        "time": "2009/08/29 08:00:00"
      },
      {
        "y": 17.162484,
        "time": "2009/08/29 08:15:00"
      },
      {
        "y": 18.345912,
        "time": "2009/08/29 08:30:00"
      },
      {
        "y": 18.884844,
        "time": "2009/08/29 08:45:00"
      },
      {
        "y": 19.379328,
        "time": "2009/08/29 09:00:00"
      },
      {
        "y": 19.940484,
        "time": "2009/08/29 09:15:00"
      },
      {
        "y": 20.373852,
        "time": "2009/08/29 09:30:00"
      },
      {
        "y": 21.162804,
        "time": "2009/08/29 09:45:00"
      },
      {
        "y": 21.107244,
        "time": "2009/08/29 10:00:00"
      },
      {
        "y": 21.83508,
        "time": "2009/08/29 10:15:00"
      },
      {
        "y": 22.262892,
        "time": "2009/08/29 10:30:00"
      },
      {
        "y": 22.89072,
        "time": "2009/08/29 10:45:00"
      },
      {
        "y": 23.64078,
        "time": "2009/08/29 11:00:00"
      },
      {
        "y": 23.66856,
        "time": "2009/08/29 11:15:00"
      },
      {
        "y": 23.979696,
        "time": "2009/08/29 11:30:00"
      },
      {
        "y": 24.163044,
        "time": "2009/08/29 11:45:00"
      },
      {
        "y": 24.801984,
        "time": "2009/08/29 12:00:00"
      },
      {
        "y": 25.235352,
        "time": "2009/08/29 12:15:00"
      },
      {
        "y": 25.407588,
        "time": "2009/08/29 12:30:00"
      },
      {
        "y": 25.935408,
        "time": "2009/08/29 12:45:00"
      },
      {
        "y": 25.940964,
        "time": "2009/08/29 13:00:00"
      },
      {
        "y": 26.235432,
        "time": "2009/08/29 13:15:00"
      },
      {
        "y": 27.16884,
        "time": "2009/08/29 13:30:00"
      },
      {
        "y": 27.27996,
        "time": "2009/08/29 13:45:00"
      },
      {
        "y": 26.77992,
        "time": "2009/08/29 14:00:00"
      },
      {
        "y": 26.89104,
        "time": "2009/08/29 14:15:00"
      },
      {
        "y": 27.16884,
        "time": "2009/08/29 14:30:00"
      },
      {
        "y": 27.5022,
        "time": "2009/08/29 14:45:00"
      },
      {
        "y": 27.89112,
        "time": "2009/08/29 15:00:00"
      },
      {
        "y": 27.78,
        "time": "2009/08/29 15:15:00"
      },
      {
        "y": 27.89112,
        "time": "2009/08/29 15:30:00"
      },
      {
        "y": 28.0578,
        "time": "2009/08/29 15:45:00"
      },
      {
        "y": 27.83556,
        "time": "2009/08/29 16:00:00"
      },
      {
        "y": 28.55784,
        "time": "2009/08/29 16:15:00"
      },
      {
        "y": 28.22448,
        "time": "2009/08/29 16:30:00"
      },
      {
        "y": 27.94668,
        "time": "2009/08/29 16:45:00"
      },
      {
        "y": 28.44672,
        "time": "2009/08/29 17:00:00"
      },
      {
        "y": 28.72452,
        "time": "2009/08/29 17:15:00"
      },
      {
        "y": 28.3356,
        "time": "2009/08/29 17:30:00"
      },
      {
        "y": 28.8912,
        "time": "2009/08/29 17:45:00"
      },
      {
        "y": 28.50228,
        "time": "2009/08/29 18:00:00"
      },
      {
        "y": 27.94668,
        "time": "2009/08/29 18:15:00"
      },
      {
        "y": 28.22448,
        "time": "2009/08/29 18:30:00"
      },
      {
        "y": 27.66888,
        "time": "2009/08/29 18:45:00"
      },
      {
        "y": 26.552124,
        "time": "2009/08/29 19:00:00"
      },
      {
        "y": 25.75206,
        "time": "2009/08/29 19:15:00"
      },
      {
        "y": 25.08534,
        "time": "2009/08/29 19:30:00"
      },
      {
        "y": 24.235272,
        "time": "2009/08/29 19:45:00"
      },
      {
        "y": 23.64078,
        "time": "2009/08/29 20:00:00"
      },
      {
        "y": 22.896276,
        "time": "2009/08/29 20:15:00"
      },
      {
        "y": 22.357344,
        "time": "2009/08/29 20:30:00"
      },
      {
        "y": 22.146216,
        "time": "2009/08/29 20:45:00"
      },
      {
        "y": 21.36282,
        "time": "2009/08/29 21:00:00"
      },
      {
        "y": 21.157248,
        "time": "2009/08/29 21:15:00"
      },
      {
        "y": 20.912784,
        "time": "2009/08/29 21:30:00"
      },
      {
        "y": 20.629428,
        "time": "2009/08/29 21:45:00"
      },
      {
        "y": 20.623872,
        "time": "2009/08/29 22:00:00"
      },
      {
        "y": 20.77944,
        "time": "2009/08/29 22:15:00"
      },
      {
        "y": 20.679432,
        "time": "2009/08/29 22:30:00"
      },
      {
        "y": 20.634984,
        "time": "2009/08/29 22:45:00"
      },
      {
        "y": 20.262732,
        "time": "2009/08/29 23:00:00"
      },
      {
        "y": 20.0016,
        "time": "2009/08/29 23:15:00"
      },
      {
        "y": 19.796028,
        "time": "2009/08/29 23:30:00"
      },
      {
        "y": 20.051604,
        "time": "2009/08/29 23:45:00"
      }
    ],
    "cvrmse": 0.16714,
    "nmbe": 0.027151
  }
]