[
  {
    "name": "ROOFTOP MIXED AIR OUTLET Simulated",
    "type": "System Node Temperature",
    "color": "blue",
    "units": "C",
    "displayname": "RTU Enter",
    "data": [
      {
        "y": 22.841937,
        "time": "2009/08/29 06:45:00"
      },
      {
        "y": 21.657384,
        "time": "2009/08/29 07:00:00"
      },
      {
        "y": 21.133465,
        "time": "2009/08/29 07:15:00"
      },
      {
        "y": 21.057532,
        "time": "2009/08/29 07:30:00"
      },
      {
        "y": 21.255294,
        "time": "2009/08/29 07:45:00"
      },
      {
        "y": 21.241382,
        "time": "2009/08/29 08:00:00"
      },
      {
        "y": 21.220063,
        "time": "2009/08/29 08:15:00"
      },
      {
        "y": 21.206931,
        "time": "2009/08/29 08:30:00"
      },
      {
        "y": 21.26274,
        "time": "2009/08/29 08:45:00"
      },
      {
        "y": 21.30988,
        "time": "2009/08/29 09:00:00"
      },
      {
        "y": 21.35666,
        "time": "2009/08/29 09:15:00"
      },
      {
        "y": 21.407273,
        "time": "2009/08/29 09:30:00"
      },
      {
        "y": 21.474053,
        "time": "2009/08/29 09:45:00"
      },
      {
        "y": 21.55607,
        "time": "2009/08/29 10:00:00"
      },
      {
        "y": 21.612526,
        "time": "2009/08/29 10:15:00"
      },
      {
        "y": 21.696388,
        "time": "2009/08/29 10:30:00"
      },
      {
        "y": 21.759757,
        "time": "2009/08/29 10:45:00"
      },
      {
        "y": 21.851162,
        "time": "2009/08/29 11:00:00"
      },
      {
        "y": 21.943274,
        "time": "2009/08/29 11:15:00"
      },
      {
        "y": 22.013186,
        "time": "2009/08/29 11:30:00"
      },
      {
        "y": 22.077975,
        "time": "2009/08/29 11:45:00"
      },
      {
        "y": 22.141563,
        "time": "2009/08/29 12:00:00"
      },
      {
        "y": 22.21367,
        "time": "2009/08/29 12:15:00"
      },
      {
        "y": 22.289955,
        "time": "2009/08/29 12:30:00"
      },
      {
        "y": 22.366434,
        "time": "2009/08/29 12:45:00"
      },
      {
        "y": 22.446889,
        "time": "2009/08/29 13:00:00"
      },
      {
        "y": 22.519171,
        "time": "2009/08/29 13:15:00"
      },
      {
        "y": 22.577442,
        "time": "2009/08/29 13:30:00"
      },
      {
        "y": 22.659291,
        "time": "2009/08/29 13:45:00"
      },
      {
        "y": 22.772049,
        "time": "2009/08/29 14:00:00"
      },
      {
        "y": 22.848786,
        "time": "2009/08/29 14:15:00"
      },
      {
        "y": 22.936009,
        "time": "2009/08/29 14:30:00"
      },
      {
        "y": 23.063649,
        "time": "2009/08/29 14:45:00"
      },
      {
        "y": 23.206453,
        "time": "2009/08/29 15:00:00"
      },
      {
        "y": 23.330358,
        "time": "2009/08/29 15:15:00"
      },
      {
        "y": 23.443045,
        "time": "2009/08/29 15:30:00"
      },
      {
        "y": 23.54223,
        "time": "2009/08/29 15:45:00"
      },
      {
        "y": 23.633177,
        "time": "2009/08/29 16:00:00"
      },
      {
        "y": 23.715137,
        "time": "2009/08/29 16:15:00"
      },
      {
        "y": 23.804587,
        "time": "2009/08/29 16:30:00"
      },
      {
        "y": 23.891423,
        "time": "2009/08/29 16:45:00"
      },
      {
        "y": 23.97486,
        "time": "2009/08/29 17:00:00"
      },
      {
        "y": 24.051425,
        "time": "2009/08/29 17:15:00"
      },
      {
        "y": 24.10148,
        "time": "2009/08/29 17:30:00"
      },
      {
        "y": 24.112014,
        "time": "2009/08/29 17:45:00"
      },
      {
        "y": 24.140314,
        "time": "2009/08/29 18:00:00"
      },
      {
        "y": 24.145634,
        "time": "2009/08/29 18:15:00"
      },
      {
        "y": 24.065886,
        "time": "2009/08/29 18:30:00"
      },
      {
        "y": 23.993562,
        "time": "2009/08/29 18:45:00"
      },
      {
        "y": 23.889079,
        "time": "2009/08/29 19:00:00"
      },
      {
        "y": 23.714027,
        "time": "2009/08/29 19:15:00"
      },
      {
        "y": 23.432009,
        "time": "2009/08/29 19:30:00"
      },
      {
        "y": 23.24441,
        "time": "2009/08/29 19:45:00"
      },
      {
        "y": 22.99228,
        "time": "2009/08/29 20:00:00"
      },
      {
        "y": 22.758024,
        "time": "2009/08/29 20:15:00"
      },
      {
        "y": 22.604021,
        "time": "2009/08/29 20:30:00"
      },
      {
        "y": 22.422811,
        "time": "2009/08/29 20:45:00"
      },
      {
        "y": 22.269991,
        "time": "2009/08/29 21:00:00"
      },
      {
        "y": 22.138284,
        "time": "2009/08/29 21:15:00"
      },
      {
        "y": 21.941246,
        "time": "2009/08/29 21:30:00"
      },
      {
        "y": 21.753879,
        "time": "2009/08/29 21:45:00"
      }
    ],
    "cvrmse": 3.171551,
    "nmbe": -1.36365
  },
  {
    "name": "ROOFTOP MIXED AIR OUTLET Metered",
    "type": "System Node Temperature",
    "color": "red",
    "units": "C",
    "displayname": "RTU Enter",
    "data": [
      {
        "y": 22.901832,
        "time": "2009/08/29 06:45:00"
      },
      {
        "y": 23.096292,
        "time": "2009/08/29 07:00:00"
      },
      {
        "y": 22.768488,
        "time": "2009/08/29 07:15:00"
      },
      {
        "y": 21.746184,
        "time": "2009/08/29 07:30:00"
      },
      {
        "y": 21.173916,
        "time": "2009/08/29 07:45:00"
      },
      {
        "y": 20.907228,
        "time": "2009/08/29 08:00:00"
      },
      {
        "y": 21.040572,
        "time": "2009/08/29 08:15:00"
      },
      {
        "y": 21.14058,
        "time": "2009/08/29 08:30:00"
      },
      {
        "y": 21.073908,
        "time": "2009/08/29 08:45:00"
      },
      {
        "y": 21.096132,
        "time": "2009/08/29 09:00:00"
      },
      {
        "y": 21.257256,
        "time": "2009/08/29 09:15:00"
      },
      {
        "y": 21.235032,
        "time": "2009/08/29 09:30:00"
      },
      {
        "y": 21.268368,
        "time": "2009/08/29 09:45:00"
      },
      {
        "y": 21.329484,
        "time": "2009/08/29 10:00:00"
      },
      {
        "y": 21.423936,
        "time": "2009/08/29 10:15:00"
      },
      {
        "y": 21.551724,
        "time": "2009/08/29 10:30:00"
      },
      {
        "y": 21.69618,
        "time": "2009/08/29 10:45:00"
      },
      {
        "y": 21.86286,
        "time": "2009/08/29 11:00:00"
      },
      {
        "y": 22.040652,
        "time": "2009/08/29 11:15:00"
      },
      {
        "y": 22.146216,
        "time": "2009/08/29 11:30:00"
      },
      {
        "y": 22.274004,
        "time": "2009/08/29 11:45:00"
      },
      {
        "y": 22.374012,
        "time": "2009/08/29 12:00:00"
      },
      {
        "y": 22.301784,
        "time": "2009/08/29 12:15:00"
      },
      {
        "y": 22.579584,
        "time": "2009/08/29 12:30:00"
      },
      {
        "y": 22.757376,
        "time": "2009/08/29 12:45:00"
      },
      {
        "y": 22.812936,
        "time": "2009/08/29 13:00:00"
      },
      {
        "y": 22.574028,
        "time": "2009/08/29 13:15:00"
      },
      {
        "y": 22.662924,
        "time": "2009/08/29 13:30:00"
      },
      {
        "y": 22.929612,
        "time": "2009/08/29 13:45:00"
      },
      {
        "y": 22.924056,
        "time": "2009/08/29 14:00:00"
      },
      {
        "y": 23.11296,
        "time": "2009/08/29 14:15:00"
      },
      {
        "y": 23.035176,
        "time": "2009/08/29 14:30:00"
      },
      {
        "y": 23.235192,
        "time": "2009/08/29 14:45:00"
      },
      {
        "y": 23.218524,
        "time": "2009/08/29 15:00:00"
      },
      {
        "y": 23.41854,
        "time": "2009/08/29 15:15:00"
      },
      {
        "y": 23.257416,
        "time": "2009/08/29 15:30:00"
      },
      {
        "y": 23.090736,
        "time": "2009/08/29 15:45:00"
      },
      {
        "y": 23.024064,
        "time": "2009/08/29 16:00:00"
      },
      {
        "y": 23.135184,
        "time": "2009/08/29 16:15:00"
      },
      {
        "y": 23.374092,
        "time": "2009/08/29 16:30:00"
      },
      {
        "y": 23.274084,
        "time": "2009/08/29 16:45:00"
      },
      {
        "y": 23.190744,
        "time": "2009/08/29 17:00:00"
      },
      {
        "y": 23.068512,
        "time": "2009/08/29 17:15:00"
      },
      {
        "y": 23.218524,
        "time": "2009/08/29 17:30:00"
      },
      {
        "y": 23.329644,
        "time": "2009/08/29 17:45:00"
      },
      {
        "y": 23.046288,
        "time": "2009/08/29 18:00:00"
      },
      {
        "y": 22.812936,
        "time": "2009/08/29 18:15:00"
      },
      {
        "y": 22.601808,
        "time": "2009/08/29 18:30:00"
      },
      {
        "y": 22.690704,
        "time": "2009/08/29 18:45:00"
      },
      {
        "y": 22.351788,
        "time": "2009/08/29 19:00:00"
      },
      {
        "y": 22.357344,
        "time": "2009/08/29 19:15:00"
      },
      {
        "y": 22.062876,
        "time": "2009/08/29 19:30:00"
      },
      {
        "y": 22.012872,
        "time": "2009/08/29 19:45:00"
      },
      {
        "y": 21.768408,
        "time": "2009/08/29 20:00:00"
      },
      {
        "y": 21.77952,
        "time": "2009/08/29 20:15:00"
      },
      {
        "y": 21.773964,
        "time": "2009/08/29 20:30:00"
      },
      {
        "y": 21.768408,
        "time": "2009/08/29 20:45:00"
      },
      {
        "y": 21.707292,
        "time": "2009/08/29 21:00:00"
      },
      {
        "y": 21.36282,
        "time": "2009/08/29 21:15:00"
      },
      {
        "y": 21.240588,
        "time": "2009/08/29 21:30:00"
      },
      {
        "y": 21.273924,
        "time": "2009/08/29 21:45:00"
      }
    ],
    "cvrmse": 3.171551,
    "nmbe": -1.36365
  }
]