[
  {
    "name": "RoofTop Supply Fan Outlet Simulated",
    "type": "System Node Standard Density Volume Flow Rate",
    "color": "blue",
    "units": "m3/s",
    "displayname": "Standard Airflow Volume",
    "data": [
      {
        "y": 0.0,
        "time": "2009/08/27 06:45:00"
      },
      {
        "y": 1.955962,
        "time": "2009/08/27 07:00:00"
      },
      {
        "y": 1.955962,
        "time": "2009/08/27 07:15:00"
      },
      {
        "y": 1.955962,
        "time": "2009/08/27 07:30:00"
      },
      {
        "y": 1.955962,
        "time": "2009/08/27 07:45:00"
      },
      {
        "y": 1.955962,
        "time": "2009/08/27 08:00:00"
      },
      {
        "y": 1.955962,
        "time": "2009/08/27 08:15:00"
      },
      {
        "y": 1.955962,
        "time": "2009/08/27 08:30:00"
      },
      {
        "y": 1.955962,
        "time": "2009/08/27 08:45:00"
      },
      {
        "y": 1.955962,
        "time": "2009/08/27 09:00:00"
      },
      {
        "y": 1.955962,
        "time": "2009/08/27 09:15:00"
      },
      {
        "y": 1.955962,
        "time": "2009/08/27 09:30:00"
      },
      {
        "y": 1.955962,
        "time": "2009/08/27 09:45:00"
      },
      {
        "y": 1.955962,
        "time": "2009/08/27 10:00:00"
      },
      {
        "y": 1.955962,
        "time": "2009/08/27 10:15:00"
      },
      {
        "y": 1.955962,
        "time": "2009/08/27 10:30:00"
      },
      {
        "y": 1.955962,
        "time": "2009/08/27 10:45:00"
      },
      {
        "y": 1.955962,
        "time": "2009/08/27 11:00:00"
      },
      {
        "y": 1.955962,
        "time": "2009/08/27 11:15:00"
      },
      {
        "y": 1.955962,
        "time": "2009/08/27 11:30:00"
      },
      {
        "y": 1.955962,
        "time": "2009/08/27 11:45:00"
      },
      {
        "y": 1.955962,
        "time": "2009/08/27 12:00:00"
      },
      {
        "y": 1.955962,
        "time": "2009/08/27 12:15:00"
      },
      {
        "y": 1.955962,
        "time": "2009/08/27 12:30:00"
      },
      {
        "y": 1.955962,
        "time": "2009/08/27 12:45:00"
      },
      {
        "y": 1.955962,
        "time": "2009/08/27 13:00:00"
      },
      {
        "y": 1.955962,
        "time": "2009/08/27 13:15:00"
      },
      {
        "y": 1.955962,
        "time": "2009/08/27 13:30:00"
      },
      {
        "y": 1.955962,
        "time": "2009/08/27 13:45:00"
      },
      {
        "y": 1.955962,
        "time": "2009/08/27 14:00:00"
      },
      {
        "y": 1.955962,
        "time": "2009/08/27 14:15:00"
      },
      {
        "y": 1.955962,
        "time": "2009/08/27 14:30:00"
      },
      {
        "y": 1.955962,
        "time": "2009/08/27 14:45:00"
      },
      {
        "y": 1.955962,
        "time": "2009/08/27 15:00:00"
      },
      {
        "y": 1.955962,
        "time": "2009/08/27 15:15:00"
      },
      {
        "y": 1.955962,
        "time": "2009/08/27 15:30:00"
      },
      {
        "y": 1.955962,
        "time": "2009/08/27 15:45:00"
      },
      {
        "y": 1.955962,
        "time": "2009/08/27 16:00:00"
      },
      {
        "y": 1.955962,
        "time": "2009/08/27 16:15:00"
      },
      {
        "y": 1.955962,
        "time": "2009/08/27 16:30:00"
      },
      {
        "y": 1.955962,
        "time": "2009/08/27 16:45:00"
      },
      {
        "y": 1.955962,
        "time": "2009/08/27 17:00:00"
      },
      {
        "y": 1.955962,
        "time": "2009/08/27 17:15:00"
      },
      {
        "y": 1.955962,
        "time": "2009/08/27 17:30:00"
      },
      {
        "y": 1.955962,
        "time": "2009/08/27 17:45:00"
      },
      {
        "y": 1.955962,
        "time": "2009/08/27 18:00:00"
      },
      {
        "y": 1.955962,
        "time": "2009/08/27 18:15:00"
      },
      {
        "y": 1.955962,
        "time": "2009/08/27 18:30:00"
      },
      {
        "y": 1.955962,
        "time": "2009/08/27 18:45:00"
      },
      {
        "y": 1.955962,
        "time": "2009/08/27 19:00:00"
      },
      {
        "y": 1.955962,
        "time": "2009/08/27 19:15:00"
      },
      {
        "y": 1.955962,
        "time": "2009/08/27 19:30:00"
      },
      {
        "y": 1.955962,
        "time": "2009/08/27 19:45:00"
      },
      {
        "y": 1.955962,
        "time": "2009/08/27 20:00:00"
      },
      {
        "y": 1.955962,
        "time": "2009/08/27 20:15:00"
      },
      {
        "y": 1.955962,
        "time": "2009/08/27 20:30:00"
      },
      {
        "y": 1.955962,
        "time": "2009/08/27 20:45:00"
      },
      {
        "y": 1.955962,
        "time": "2009/08/27 21:00:00"
      },
      {
        "y": 1.955962,
        "time": "2009/08/27 21:15:00"
      },
      {
        "y": 1.955962,
        "time": "2009/08/27 21:30:00"
      },
      {
        "y": 0.0,
        "time": "2009/08/27 21:45:00"
      }
    ],
    "cvrmse": 16.394367,
    "nmbe": 7.608981
  },
  {
    "name": "RoofTop Supply Fan Outlet Metered",
    "type": "System Node Standard Density Volume Flow Rate",
    "color": "red",
    "units": "m3/s",
    "displayname": "Standard Airflow Volume",
    "data": [
      {
        "y": 1.45136,
        "time": "2009/08/27 06:45:00"
      },
      {
        "y": 2.05813,
        "time": "2009/08/27 07:00:00"
      },
      {
        "y": 2.07317,
        "time": "2009/08/27 07:15:00"
      },
      {
        "y": 2.07458,
        "time": "2009/08/27 07:30:00"
      },
      {
        "y": 2.05484,
        "time": "2009/08/27 07:45:00"
      },
      {
        "y": 2.06753,
        "time": "2009/08/27 08:00:00"
      },
      {
        "y": 2.06424,
        "time": "2009/08/27 08:15:00"
      },
      {
        "y": 2.06565,
        "time": "2009/08/27 08:30:00"
      },
      {
        "y": 2.06189,
        "time": "2009/08/27 08:45:00"
      },
      {
        "y": 2.06565,
        "time": "2009/08/27 09:00:00"
      },
      {
        "y": 2.068,
        "time": "2009/08/27 09:15:00"
      },
      {
        "y": 2.06471,
        "time": "2009/08/27 09:30:00"
      },
      {
        "y": 2.06565,
        "time": "2009/08/27 09:45:00"
      },
      {
        "y": 2.06565,
        "time": "2009/08/27 10:00:00"
      },
      {
        "y": 2.07176,
        "time": "2009/08/27 10:15:00"
      },
      {
        "y": 2.06847,
        "time": "2009/08/27 10:30:00"
      },
      {
        "y": 2.06612,
        "time": "2009/08/27 10:45:00"
      },
      {
        "y": 2.06518,
        "time": "2009/08/27 11:00:00"
      },
      {
        "y": 2.06377,
        "time": "2009/08/27 11:15:00"
      },
      {
        "y": 2.06189,
        "time": "2009/08/27 11:30:00"
      },
      {
        "y": 2.06095,
        "time": "2009/08/27 11:45:00"
      },
      {
        "y": 2.06001,
        "time": "2009/08/27 12:00:00"
      },
      {
        "y": 2.06001,
        "time": "2009/08/27 12:15:00"
      },
      {
        "y": 2.05437,
        "time": "2009/08/27 12:30:00"
      },
      {
        "y": 2.05578,
        "time": "2009/08/27 12:45:00"
      },
      {
        "y": 2.05061,
        "time": "2009/08/27 13:00:00"
      },
      {
        "y": 2.05484,
        "time": "2009/08/27 13:15:00"
      },
      {
        "y": 2.05249,
        "time": "2009/08/27 13:30:00"
      },
      {
        "y": 2.05719,
        "time": "2009/08/27 13:45:00"
      },
      {
        "y": 2.04967,
        "time": "2009/08/27 14:00:00"
      },
      {
        "y": 2.05907,
        "time": "2009/08/27 14:15:00"
      },
      {
        "y": 2.04685,
        "time": "2009/08/27 14:30:00"
      },
      {
        "y": 2.05625,
        "time": "2009/08/27 14:45:00"
      },
      {
        "y": 2.0492,
        "time": "2009/08/27 15:00:00"
      },
      {
        "y": 2.05155,
        "time": "2009/08/27 15:15:00"
      },
      {
        "y": 2.05202,
        "time": "2009/08/27 15:30:00"
      },
      {
        "y": 2.04168,
        "time": "2009/08/27 15:45:00"
      },
      {
        "y": 2.05578,
        "time": "2009/08/27 16:00:00"
      },
      {
        "y": 2.04356,
        "time": "2009/08/27 16:15:00"
      },
      {
        "y": 2.05155,
        "time": "2009/08/27 16:30:00"
      },
      {
        "y": 2.04685,
        "time": "2009/08/27 16:45:00"
      },
      {
        "y": 2.04873,
        "time": "2009/08/27 17:00:00"
      },
      {
        "y": 2.05014,
        "time": "2009/08/27 17:15:00"
      },
      {
        "y": 2.04544,
        "time": "2009/08/27 17:30:00"
      },
      {
        "y": 2.05343,
        "time": "2009/08/27 17:45:00"
      },
      {
        "y": 2.04544,
        "time": "2009/08/27 18:00:00"
      },
      {
        "y": 2.05578,
        "time": "2009/08/27 18:15:00"
      },
      {
        "y": 2.05531,
        "time": "2009/08/27 18:30:00"
      },
      {
        "y": 2.05108,
        "time": "2009/08/27 18:45:00"
      },
      {
        "y": 2.05625,
        "time": "2009/08/27 19:00:00"
      },
      {
        "y": 2.05625,
        "time": "2009/08/27 19:15:00"
      },
      {
        "y": 2.05672,
        "time": "2009/08/27 19:30:00"
      },
      {
        "y": 2.05766,
        "time": "2009/08/27 19:45:00"
      },
      {
        "y": 2.0586,
        "time": "2009/08/27 20:00:00"
      },
      {
        "y": 2.05907,
        "time": "2009/08/27 20:15:00"
      },
      {
        "y": 2.06001,
        "time": "2009/08/27 20:30:00"
      },
      {
        "y": 2.05813,
        "time": "2009/08/27 20:45:00"
      },
      {
        "y": 2.06283,
        "time": "2009/08/27 21:00:00"
      },
      {
        "y": 2.06142,
        "time": "2009/08/27 21:15:00"
      },
      {
        "y": 2.06753,
        "time": "2009/08/27 21:30:00"
      },
      {
        "y": 2.03745,
        "time": "2009/08/27 21:45:00"
      }
    ],
    "cvrmse": 16.394367,
    "nmbe": 7.608981
  }
]