[
  {
    "name": "Rooftop Cooling Coil Simulated",
    "type": "Cooling Coil Total Cooling Rate",
    "color": "blue",
    "units": "W",
    "displayname": "Cooling Capacity",
    "data": [
      {
        "y": 0.0,
        "time": "2009/08/27 00:00:00"
      },
      {
        "y": 0.0,
        "time": "2009/08/27 00:15:00"
      },
      {
        "y": 0.0,
        "time": "2009/08/27 00:30:00"
      },
      {
        "y": 0.0,
        "time": "2009/08/27 00:45:00"
      },
      {
        "y": 0.0,
        "time": "2009/08/27 01:00:00"
      },
      {
        "y": 0.0,
        "time": "2009/08/27 01:15:00"
      },
      {
        "y": 0.0,
        "time": "2009/08/27 01:30:00"
      },
      {
        "y": 0.0,
        "time": "2009/08/27 01:45:00"
      },
      {
        "y": 0.0,
        "time": "2009/08/27 02:00:00"
      },
      {
        "y": 0.0,
        "time": "2009/08/27 02:15:00"
      },
      {
        "y": 0.0,
        "time": "2009/08/27 02:30:00"
      },
      {
        "y": 0.0,
        "time": "2009/08/27 02:45:00"
      },
      {
        "y": 0.0,
        "time": "2009/08/27 03:00:00"
      },
      {
        "y": 0.0,
        "time": "2009/08/27 03:15:00"
      },
      {
        "y": 0.0,
        "time": "2009/08/27 03:30:00"
      },
      {
        "y": 0.0,
        "time": "2009/08/27 03:45:00"
      },
      {
        "y": 0.0,
        "time": "2009/08/27 04:00:00"
      },
      {
        "y": 0.0,
        "time": "2009/08/27 04:15:00"
      },
      {
        "y": 0.0,
        "time": "2009/08/27 04:30:00"
      },
      {
        "y": 0.0,
        "time": "2009/08/27 04:45:00"
      },
      {
        "y": 0.0,
        "time": "2009/08/27 05:00:00"
      },
      {
        "y": 0.0,
        "time": "2009/08/27 05:15:00"
      },
      {
        "y": 0.0,
        "time": "2009/08/27 05:30:00"
      },
      {
        "y": 0.0,
        "time": "2009/08/27 05:45:00"
      },
      {
        "y": 0.0,
        "time": "2009/08/27 06:00:00"
      },
      {
        "y": 0.0,
        "time": "2009/08/27 06:15:00"
      },
      {
        "y": 0.0,
        "time": "2009/08/27 06:30:00"
      },
      {
        "y": 0.0,
        "time": "2009/08/27 06:45:00"
      },
      {
        "y": 44648.478043,
        "time": "2009/08/27 07:00:00"
      },
      {
        "y": 36189.107609,
        "time": "2009/08/27 07:15:00"
      },
      {
        "y": 31342.366186,
        "time": "2009/08/27 07:30:00"
      },
      {
        "y": 29510.259541,
        "time": "2009/08/27 07:45:00"
      },
      {
        "y": 29019.828771,
        "time": "2009/08/27 08:00:00"
      },
      {
        "y": 28915.595259,
        "time": "2009/08/27 08:15:00"
      },
      {
        "y": 28674.341703,
        "time": "2009/08/27 08:30:00"
      },
      {
        "y": 28380.838262,
        "time": "2009/08/27 08:45:00"
      },
      {
        "y": 28281.357687,
        "time": "2009/08/27 09:00:00"
      },
      {
        "y": 28316.680403,
        "time": "2009/08/27 09:15:00"
      },
      {
        "y": 28347.805889,
        "time": "2009/08/27 09:30:00"
      },
      {
        "y": 28340.928447,
        "time": "2009/08/27 09:45:00"
      },
      {
        "y": 28411.686539,
        "time": "2009/08/27 10:00:00"
      },
      {
        "y": 28660.05929,
        "time": "2009/08/27 10:15:00"
      },
      {
        "y": 28907.966163,
        "time": "2009/08/27 10:30:00"
      },
      {
        "y": 29097.585322,
        "time": "2009/08/27 10:45:00"
      },
      {
        "y": 29173.620393,
        "time": "2009/08/27 11:00:00"
      },
      {
        "y": 29339.550264,
        "time": "2009/08/27 11:15:00"
      },
      {
        "y": 29480.516082,
        "time": "2009/08/27 11:30:00"
      },
      {
        "y": 29694.089185,
        "time": "2009/08/27 11:45:00"
      },
      {
        "y": 29883.992125,
        "time": "2009/08/27 12:00:00"
      },
      {
        "y": 30112.681215,
        "time": "2009/08/27 12:15:00"
      },
      {
        "y": 30371.494004,
        "time": "2009/08/27 12:30:00"
      },
      {
        "y": 30608.714714,
        "time": "2009/08/27 12:45:00"
      },
      {
        "y": 30856.850109,
        "time": "2009/08/27 13:00:00"
      },
      {
        "y": 31077.603685,
        "time": "2009/08/27 13:15:00"
      },
      {
        "y": 31225.027171,
        "time": "2009/08/27 13:30:00"
      },
      {
        "y": 31455.917596,
        "time": "2009/08/27 13:45:00"
      },
      {
        "y": 31660.081599,
        "time": "2009/08/27 14:00:00"
      },
      {
        "y": 31813.070943,
        "time": "2009/08/27 14:15:00"
      },
      {
        "y": 32005.247255,
        "time": "2009/08/27 14:30:00"
      },
      {
        "y": 32217.550117,
        "time": "2009/08/27 14:45:00"
      },
      {
        "y": 32282.062873,
        "time": "2009/08/27 15:00:00"
      },
      {
        "y": 32186.970057,
        "time": "2009/08/27 15:15:00"
      },
      {
        "y": 32293.789407,
        "time": "2009/08/27 15:30:00"
      },
      {
        "y": 32383.847348,
        "time": "2009/08/27 15:45:00"
      },
      {
        "y": 32441.448357,
        "time": "2009/08/27 16:00:00"
      },
      {
        "y": 32556.046072,
        "time": "2009/08/27 16:15:00"
      },
      {
        "y": 32603.10147,
        "time": "2009/08/27 16:30:00"
      },
      {
        "y": 32607.638968,
        "time": "2009/08/27 16:45:00"
      },
      {
        "y": 32568.463917,
        "time": "2009/08/27 17:00:00"
      },
      {
        "y": 32557.233649,
        "time": "2009/08/27 17:15:00"
      },
      {
        "y": 32563.060397,
        "time": "2009/08/27 17:30:00"
      },
      {
        "y": 32582.117127,
        "time": "2009/08/27 17:45:00"
      },
      {
        "y": 32641.247831,
        "time": "2009/08/27 18:00:00"
      },
      {
        "y": 32243.817989,
        "time": "2009/08/27 18:15:00"
      },
      {
        "y": 32064.328598,
        "time": "2009/08/27 18:30:00"
      },
      {
        "y": 31923.079803,
        "time": "2009/08/27 18:45:00"
      },
      {
        "y": 32002.519506,
        "time": "2009/08/27 19:00:00"
      },
      {
        "y": 32239.74616,
        "time": "2009/08/27 19:15:00"
      },
      {
        "y": 32152.99267,
        "time": "2009/08/27 19:30:00"
      },
      {
        "y": 31953.580555,
        "time": "2009/08/27 19:45:00"
      },
      {
        "y": 31857.752452,
        "time": "2009/08/27 20:00:00"
      },
      {
        "y": 31800.470447,
        "time": "2009/08/27 20:15:00"
      },
      {
        "y": 31765.85722,
        "time": "2009/08/27 20:30:00"
      },
      {
        "y": 31690.700725,
        "time": "2009/08/27 20:45:00"
      },
      {
        "y": 31574.93206,
        "time": "2009/08/27 21:00:00"
      },
      {
        "y": 31490.227608,
        "time": "2009/08/27 21:15:00"
      },
      {
        "y": 31348.815975,
        "time": "2009/08/27 21:30:00"
      },
      {
        "y": 0.0,
        "time": "2009/08/27 21:45:00"
      },
      {
        "y": 0.0,
        "time": "2009/08/27 22:00:00"
      },
      {
        "y": 0.0,
        "time": "2009/08/27 22:15:00"
      },
      {
        "y": 0.0,
        "time": "2009/08/27 22:30:00"
      },
      {
        "y": 0.0,
        "time": "2009/08/27 22:45:00"
      },
      {
        "y": 0.0,
        "time": "2009/08/27 23:00:00"
      },
      {
        "y": 0.0,
        "time": "2009/08/27 23:15:00"
      },
      {
        "y": 0.0,
        "time": "2009/08/27 23:30:00"
      },
      {
        "y": 0.0,
        "time": "2009/08/27 23:45:00"
      }
    ],
    "cvrmse": 28.014893,
    "nmbe": -14.563188
  },
  {
    "name": "Rooftop Cooling Coil Metered",
    "type": "Cooling Coil Total Cooling Rate",
    "color": "red",
    "units": "W",
    "displayname": "Cooling Capacity",
    "data": [
      {
        "y": 0.0,
        "time": "2009/08/27 00:00:00"
      },
      {
        "y": 0.0,
        "time": "2009/08/27 00:15:00"
      },
      {
        "y": 0.0,
        "time": "2009/08/27 00:30:00"
      },
      {
        "y": 0.0,
        "time": "2009/08/27 00:45:00"
      },
      {
        "y": 0.0,
        "time": "2009/08/27 01:00:00"
      },
      {
        "y": 0.0,
        "time": "2009/08/27 01:15:00"
      },
      {
        "y": 0.0,
        "time": "2009/08/27 01:30:00"
      },
      {
        "y": 0.0,
        "time": "2009/08/27 01:45:00"
      },
      {
        "y": 0.0,
        "time": "2009/08/27 02:00:00"
      },
      {
        "y": 0.0,
        "time": "2009/08/27 02:15:00"
      },
      {
        "y": 0.0,
        "time": "2009/08/27 02:30:00"
      },
      {
        "y": 0.0,
        "time": "2009/08/27 02:45:00"
      },
      {
        "y": 0.0,
        "time": "2009/08/27 03:00:00"
      },
      {
        "y": 0.0,
        "time": "2009/08/27 03:15:00"
      },
      {
        "y": 0.0,
        "time": "2009/08/27 03:30:00"
      },
      {
        "y": 0.0,
        "time": "2009/08/27 03:45:00"
      },
      {
        "y": 0.0,
        "time": "2009/08/27 04:00:00"
      },
      {
        "y": 0.0,
        "time": "2009/08/27 04:15:00"
      },
      {
        "y": 0.0,
        "time": "2009/08/27 04:30:00"
      },
      {
        "y": 0.0,
        "time": "2009/08/27 04:45:00"
      },
      {
        "y": 0.0,
        "time": "2009/08/27 05:00:00"
      },
      {
        "y": 0.0,
        "time": "2009/08/27 05:15:00"
      },
      {
        "y": 0.0,
        "time": "2009/08/27 05:30:00"
      },
      {
        "y": 0.0,
        "time": "2009/08/27 05:45:00"
      },
      {
        "y": 0.0,
        "time": "2009/08/27 06:00:00"
      },
      {
        "y": 0.0,
        "time": "2009/08/27 06:15:00"
      },
      {
        "y": 0.0,
        "time": "2009/08/27 06:30:00"
      },
      {
        "y": 6385.099781,
        "time": "2009/08/27 06:45:00"
      },
      {
        "y": 24247.63856,
        "time": "2009/08/27 07:00:00"
      },
      {
        "y": 34157.81297,
        "time": "2009/08/27 07:15:00"
      },
      {
        "y": 32259.00315,
        "time": "2009/08/27 07:30:00"
      },
      {
        "y": 14843.11008,
        "time": "2009/08/27 07:45:00"
      },
      {
        "y": 27369.99582,
        "time": "2009/08/27 08:00:00"
      },
      {
        "y": 24605.76102,
        "time": "2009/08/27 08:15:00"
      },
      {
        "y": 24951.55529,
        "time": "2009/08/27 08:30:00"
      },
      {
        "y": 23042.96787,
        "time": "2009/08/27 08:45:00"
      },
      {
        "y": 25238.18241,
        "time": "2009/08/27 09:00:00"
      },
      {
        "y": 26559.83601,
        "time": "2009/08/27 09:15:00"
      },
      {
        "y": 24427.95838,
        "time": "2009/08/27 09:30:00"
      },
      {
        "y": 23920.3905,
        "time": "2009/08/27 09:45:00"
      },
      {
        "y": 22396.72166,
        "time": "2009/08/27 10:00:00"
      },
      {
        "y": 27871.85773,
        "time": "2009/08/27 10:15:00"
      },
      {
        "y": 26200.66198,
        "time": "2009/08/27 10:30:00"
      },
      {
        "y": 25788.14265,
        "time": "2009/08/27 10:45:00"
      },
      {
        "y": 25678.93643,
        "time": "2009/08/27 11:00:00"
      },
      {
        "y": 25918.69435,
        "time": "2009/08/27 11:15:00"
      },
      {
        "y": 25780.12272,
        "time": "2009/08/27 11:30:00"
      },
      {
        "y": 25760.51922,
        "time": "2009/08/27 11:45:00"
      },
      {
        "y": 25682.25368,
        "time": "2009/08/27 12:00:00"
      },
      {
        "y": 26166.08739,
        "time": "2009/08/27 12:15:00"
      },
      {
        "y": 22878.52921,
        "time": "2009/08/27 12:30:00"
      },
      {
        "y": 26018.65721,
        "time": "2009/08/27 12:45:00"
      },
      {
        "y": 22922.59755,
        "time": "2009/08/27 13:00:00"
      },
      {
        "y": 27813.86688,
        "time": "2009/08/27 13:15:00"
      },
      {
        "y": 26382.43484,
        "time": "2009/08/27 13:30:00"
      },
      {
        "y": 28928.30788,
        "time": "2009/08/27 13:45:00"
      },
      {
        "y": 23203.412,
        "time": "2009/08/27 14:00:00"
      },
      {
        "y": 32204.09013,
        "time": "2009/08/27 14:15:00"
      },
      {
        "y": 23017.78452,
        "time": "2009/08/27 14:30:00"
      },
      {
        "y": 31775.10307,
        "time": "2009/08/27 14:45:00"
      },
      {
        "y": 25920.05663,
        "time": "2009/08/27 15:00:00"
      },
      {
        "y": 28470.45506,
        "time": "2009/08/27 15:15:00"
      },
      {
        "y": 31718.385,
        "time": "2009/08/27 15:30:00"
      },
      {
        "y": 22728.57266,
        "time": "2009/08/27 15:45:00"
      },
      {
        "y": 34995.69889,
        "time": "2009/08/27 16:00:00"
      },
      {
        "y": 25431.52984,
        "time": "2009/08/27 16:15:00"
      },
      {
        "y": 32653.7417,
        "time": "2009/08/27 16:30:00"
      },
      {
        "y": 29738.80811,
        "time": "2009/08/27 16:45:00"
      },
      {
        "y": 29204.25617,
        "time": "2009/08/27 17:00:00"
      },
      {
        "y": 32608.18749,
        "time": "2009/08/27 17:15:00"
      },
      {
        "y": 26039.47228,
        "time": "2009/08/27 17:30:00"
      },
      {
        "y": 34708.78762,
        "time": "2009/08/27 17:45:00"
      },
      {
        "y": 24226.77138,
        "time": "2009/08/27 18:00:00"
      },
      {
        "y": 32759.96241,
        "time": "2009/08/27 18:15:00"
      },
      {
        "y": 30518.13553,
        "time": "2009/08/27 18:30:00"
      },
      {
        "y": 24628.74297,
        "time": "2009/08/27 18:45:00"
      },
      {
        "y": 30571.72371,
        "time": "2009/08/27 19:00:00"
      },
      {
        "y": 27116.48803,
        "time": "2009/08/27 19:15:00"
      },
      {
        "y": 26391.53606,
        "time": "2009/08/27 19:30:00"
      },
      {
        "y": 26548.12699,
        "time": "2009/08/27 19:45:00"
      },
      {
        "y": 26613.66695,
        "time": "2009/08/27 20:00:00"
      },
      {
        "y": 26640.95062,
        "time": "2009/08/27 20:15:00"
      },
      {
        "y": 26896.20138,
        "time": "2009/08/27 20:30:00"
      },
      {
        "y": 23847.51503,
        "time": "2009/08/27 20:45:00"
      },
      {
        "y": 27306.00674,
        "time": "2009/08/27 21:00:00"
      },
      {
        "y": 24926.21131,
        "time": "2009/08/27 21:15:00"
      },
      {
        "y": 29551.45896,
        "time": "2009/08/27 21:30:00"
      },
      {
        "y": 12778.83818,
        "time": "2009/08/27 21:45:00"
      },
      {
        "y": 0.0,
        "time": "2009/08/27 22:00:00"
      },
      {
        "y": 0.0,
        "time": "2009/08/27 22:15:00"
      },
      {
        "y": 0.0,
        "time": "2009/08/27 22:30:00"
      },
      {
        "y": 0.0,
        "time": "2009/08/27 22:45:00"
      },
      {
        "y": 0.0,
        "time": "2009/08/27 23:00:00"
      },
      {
        "y": 0.0,
        "time": "2009/08/27 23:15:00"
      },
      {
        "y": 0.0,
        "time": "2009/08/27 23:30:00"
      },
      {
        "y": 0.0,
        "time": "2009/08/27 23:45:00"
      }
    ],
    "cvrmse": 28.014893,
    "nmbe": -14.563188
  }
]