[
  {
    "name": " Simulated",
    "type": "InteriorLights:Electricity",
    "color": "blue",
    "units": "J",
    "displayname": "Lighting Consumption",
    "data": [
      {
        "y": 533686.212446,
        "time": "2009/08/27 00:00:00"
      },
      {
        "y": 570552.444,
        "time": "2009/08/27 00:15:00"
      },
      {
        "y": 570455.496,
        "time": "2009/08/27 00:30:00"
      },
      {
        "y": 570441.672,
        "time": "2009/08/27 00:45:00"
      },
      {
        "y": 570192.336,
        "time": "2009/08/27 01:00:00"
      },
      {
        "y": 569859.876,
        "time": "2009/08/27 01:15:00"
      },
      {
        "y": 569832.156,
        "time": "2009/08/27 01:30:00"
      },
      {
        "y": 569679.84,
        "time": "2009/08/27 01:45:00"
      },
      {
        "y": 569721.456,
        "time": "2009/08/27 02:00:00"
      },
      {
        "y": 569984.688,
        "time": "2009/08/27 02:15:00"
      },
      {
        "y": 569901.564,
        "time": "2009/08/27 02:30:00"
      },
      {
        "y": 569970.828,
        "time": "2009/08/27 02:45:00"
      },
      {
        "y": 569652.192,
        "time": "2009/08/27 03:00:00"
      },
      {
        "y": 569278.152,
        "time": "2009/08/27 03:15:00"
      },
      {
        "y": 569222.748,
        "time": "2009/08/27 03:30:00"
      },
      {
        "y": 569139.66,
        "time": "2009/08/27 03:45:00"
      },
      {
        "y": 569098.152,
        "time": "2009/08/27 04:00:00"
      },
      {
        "y": 569001.168,
        "time": "2009/08/27 04:15:00"
      },
      {
        "y": 569042.712,
        "time": "2009/08/27 04:30:00"
      },
      {
        "y": 569222.82,
        "time": "2009/08/27 04:45:00"
      },
      {
        "y": 568862.64,
        "time": "2009/08/27 05:00:00"
      },
      {
        "y": 568765.656,
        "time": "2009/08/27 05:15:00"
      },
      {
        "y": 568627.164,
        "time": "2009/08/27 05:30:00"
      },
      {
        "y": 568488.636,
        "time": "2009/08/27 05:45:00"
      },
      {
        "y": 567976.032,
        "time": "2009/08/27 06:00:00"
      },
      {
        "y": 567186.336,
        "time": "2009/08/27 06:15:00"
      },
      {
        "y": 513984.708,
        "time": "2009/08/27 06:30:00"
      },
      {
        "y": 491601.636,
        "time": "2009/08/27 06:45:00"
      },
      {
        "y": 498860.46,
        "time": "2009/08/27 07:00:00"
      },
      {
        "y": 707248.872,
        "time": "2009/08/27 07:15:00"
      },
      {
        "y": 1247964.156,
        "time": "2009/08/27 07:30:00"
      },
      {
        "y": 1251745.524,
        "time": "2009/08/27 07:45:00"
      },
      {
        "y": 1250955.9,
        "time": "2009/08/27 08:00:00"
      },
      {
        "y": 1291954.68,
        "time": "2009/08/27 08:15:00"
      },
      {
        "y": 1400740.596,
        "time": "2009/08/27 08:30:00"
      },
      {
        "y": 1400809.464,
        "time": "2009/08/27 08:45:00"
      },
      {
        "y": 1400352.336,
        "time": "2009/08/27 09:00:00"
      },
      {
        "y": 1831741.56,
        "time": "2009/08/27 09:15:00"
      },
      {
        "y": 2207685.6,
        "time": "2009/08/27 09:30:00"
      },
      {
        "y": 2207934.72,
        "time": "2009/08/27 09:45:00"
      },
      {
        "y": 2207325.24,
        "time": "2009/08/27 10:00:00"
      },
      {
        "y": 2206244.52,
        "time": "2009/08/27 10:15:00"
      },
      {
        "y": 2205510.3,
        "time": "2009/08/27 10:30:00"
      },
      {
        "y": 2205260.82,
        "time": "2009/08/27 10:45:00"
      },
      {
        "y": 2204831.88,
        "time": "2009/08/27 11:00:00"
      },
      {
        "y": 2204582.4,
        "time": "2009/08/27 11:15:00"
      },
      {
        "y": 2205441.36,
        "time": "2009/08/27 11:30:00"
      },
      {
        "y": 2204956.62,
        "time": "2009/08/27 11:45:00"
      },
      {
        "y": 2204361.0,
        "time": "2009/08/27 12:00:00"
      },
      {
        "y": 2203820.82,
        "time": "2009/08/27 12:15:00"
      },
      {
        "y": 2203405.02,
        "time": "2009/08/27 12:30:00"
      },
      {
        "y": 2203654.86,
        "time": "2009/08/27 12:45:00"
      },
      {
        "y": 2203834.68,
        "time": "2009/08/27 13:00:00"
      },
      {
        "y": 2203017.66,
        "time": "2009/08/27 13:15:00"
      },
      {
        "y": 2202699.24,
        "time": "2009/08/27 13:30:00"
      },
      {
        "y": 2203793.1,
        "time": "2009/08/27 13:45:00"
      },
      {
        "y": 2203973.28,
        "time": "2009/08/27 14:00:00"
      },
      {
        "y": 2203433.1,
        "time": "2009/08/27 14:15:00"
      },
      {
        "y": 2203585.56,
        "time": "2009/08/27 14:30:00"
      },
      {
        "y": 2203031.52,
        "time": "2009/08/27 14:45:00"
      },
      {
        "y": 2202976.08,
        "time": "2009/08/27 15:00:00"
      },
      {
        "y": 2202048.18,
        "time": "2009/08/27 15:15:00"
      },
      {
        "y": 2201605.02,
        "time": "2009/08/27 15:30:00"
      },
      {
        "y": 2201189.58,
        "time": "2009/08/27 15:45:00"
      },
      {
        "y": 2200662.9,
        "time": "2009/08/27 16:00:00"
      },
      {
        "y": 2200524.66,
        "time": "2009/08/27 16:15:00"
      },
      {
        "y": 2200053.78,
        "time": "2009/08/27 16:30:00"
      },
      {
        "y": 2200275.18,
        "time": "2009/08/27 16:45:00"
      },
      {
        "y": 2200455.36,
        "time": "2009/08/27 17:00:00"
      },
      {
        "y": 2200164.66,
        "time": "2009/08/27 17:15:00"
      },
      {
        "y": 2200497.3,
        "time": "2009/08/27 17:30:00"
      },
      {
        "y": 2200109.22,
        "time": "2009/08/27 17:45:00"
      },
      {
        "y": 2201730.12,
        "time": "2009/08/27 18:00:00"
      },
      {
        "y": 1920997.44,
        "time": "2009/08/27 18:15:00"
      },
      {
        "y": 1703315.52,
        "time": "2009/08/27 18:30:00"
      },
      {
        "y": 1704008.16,
        "time": "2009/08/27 18:45:00"
      },
      {
        "y": 1703814.12,
        "time": "2009/08/27 19:00:00"
      },
      {
        "y": 1533751.812,
        "time": "2009/08/27 19:15:00"
      },
      {
        "y": 1401973.452,
        "time": "2009/08/27 19:30:00"
      },
      {
        "y": 1402444.332,
        "time": "2009/08/27 19:45:00"
      },
      {
        "y": 1409051.268,
        "time": "2009/08/27 20:00:00"
      },
      {
        "y": 1421974.044,
        "time": "2009/08/27 20:15:00"
      },
      {
        "y": 1481062.644,
        "time": "2009/08/27 20:30:00"
      },
      {
        "y": 1479746.664,
        "time": "2009/08/27 20:45:00"
      },
      {
        "y": 1480065.3,
        "time": "2009/08/27 21:00:00"
      },
      {
        "y": 1211203.44,
        "time": "2009/08/27 21:15:00"
      },
      {
        "y": 573711.228,
        "time": "2009/08/27 21:30:00"
      },
      {
        "y": 573974.316,
        "time": "2009/08/27 21:45:00"
      },
      {
        "y": 574528.32,
        "time": "2009/08/27 22:00:00"
      },
      {
        "y": 573517.08,
        "time": "2009/08/27 22:15:00"
      },
      {
        "y": 572367.24,
        "time": "2009/08/27 22:30:00"
      },
      {
        "y": 571466.772,
        "time": "2009/08/27 22:45:00"
      },
      {
        "y": 571231.26,
        "time": "2009/08/27 23:00:00"
      },
      {
        "y": 570871.116,
        "time": "2009/08/27 23:15:00"
      },
      {
        "y": 570330.828,
        "time": "2009/08/27 23:30:00"
      },
      {
        "y": 570178.476,
        "time": "2009/08/27 23:45:00"
      }
    ],
    "cvrmse": 0.279099,
    "nmbe": 0.028485
  },
  {
    "name": " Metered",
    "type": "InteriorLights:Electricity",
    "color": "red",
    "units": "J",
    "displayname": "Lighting Consumption",
    "data": [
      {
        "y": 570940.344,
        "time": "2009/08/27 00:00:00"
      },
      {
        "y": 570552.444,
        "time": "2009/08/27 00:15:00"
      },
      {
        "y": 570455.496,
        "time": "2009/08/27 00:30:00"
      },
      {
        "y": 570441.672,
        "time": "2009/08/27 00:45:00"
      },
      {
        "y": 570192.336,
        "time": "2009/08/27 01:00:00"
      },
      {
        "y": 569859.876,
        "time": "2009/08/27 01:15:00"
      },
      {
        "y": 569832.156,
        "time": "2009/08/27 01:30:00"
      },
      {
        "y": 569679.84,
        "time": "2009/08/27 01:45:00"
      },
      {
        "y": 569721.456,
        "time": "2009/08/27 02:00:00"
      },
      {
        "y": 569984.688,
        "time": "2009/08/27 02:15:00"
      },
      {
        "y": 569901.564,
        "time": "2009/08/27 02:30:00"
      },
      {
        "y": 569970.828,
        "time": "2009/08/27 02:45:00"
      },
      {
        "y": 569652.192,
        "time": "2009/08/27 03:00:00"
      },
      {
        "y": 569278.152,
        "time": "2009/08/27 03:15:00"
      },
      {
        "y": 569222.748,
        "time": "2009/08/27 03:30:00"
      },
      {
        "y": 569139.66,
        "time": "2009/08/27 03:45:00"
      },
      {
        "y": 569098.152,
        "time": "2009/08/27 04:00:00"
      },
      {
        "y": 569001.168,
        "time": "2009/08/27 04:15:00"
      },
      {
        "y": 569042.712,
        "time": "2009/08/27 04:30:00"
      },
      {
        "y": 569222.82,
        "time": "2009/08/27 04:45:00"
      },
      {
        "y": 568862.64,
        "time": "2009/08/27 05:00:00"
      },
      {
        "y": 568765.656,
        "time": "2009/08/27 05:15:00"
      },
      {
        "y": 568627.164,
        "time": "2009/08/27 05:30:00"
      },
      {
        "y": 568488.636,
        "time": "2009/08/27 05:45:00"
      },
      {
        "y": 567976.032,
        "time": "2009/08/27 06:00:00"
      },
      {
        "y": 567186.336,
        "time": "2009/08/27 06:15:00"
      },
      {
        "y": 513984.708,
        "time": "2009/08/27 06:30:00"
      },
      {
        "y": 491601.636,
        "time": "2009/08/27 06:45:00"
      },
      {
        "y": 498860.46,
        "time": "2009/08/27 07:00:00"
      },
      {
        "y": 707248.872,
        "time": "2009/08/27 07:15:00"
      },
      {
        "y": 1247964.156,
        "time": "2009/08/27 07:30:00"
      },
      {
        "y": 1251745.524,
        "time": "2009/08/27 07:45:00"
      },
      {
        "y": 1250955.9,
        "time": "2009/08/27 08:00:00"
      },
      {
        "y": 1291954.68,
        "time": "2009/08/27 08:15:00"
      },
      {
        "y": 1400740.596,
        "time": "2009/08/27 08:30:00"
      },
      {
        "y": 1400809.464,
        "time": "2009/08/27 08:45:00"
      },
      {
        "y": 1400352.336,
        "time": "2009/08/27 09:00:00"
      },
      {
        "y": 1831741.56,
        "time": "2009/08/27 09:15:00"
      },
      {
        "y": 2207685.6,
        "time": "2009/08/27 09:30:00"
      },
      {
        "y": 2207934.72,
        "time": "2009/08/27 09:45:00"
      },
      {
        "y": 2207325.24,
        "time": "2009/08/27 10:00:00"
      },
      {
        "y": 2206244.52,
        "time": "2009/08/27 10:15:00"
      },
      {
        "y": 2205510.3,
        "time": "2009/08/27 10:30:00"
      },
      {
        "y": 2205260.82,
        "time": "2009/08/27 10:45:00"
      },
      {
        "y": 2204831.88,
        "time": "2009/08/27 11:00:00"
      },
      {
        "y": 2204582.4,
        "time": "2009/08/27 11:15:00"
      },
      {
        "y": 2205441.36,
        "time": "2009/08/27 11:30:00"
      },
      {
        "y": 2204956.62,
        "time": "2009/08/27 11:45:00"
      },
      {
        "y": 2204361.0,
        "time": "2009/08/27 12:00:00"
      },
      {
        "y": 2203820.82,
        "time": "2009/08/27 12:15:00"
      },
      {
        "y": 2203405.02,
        "time": "2009/08/27 12:30:00"
      },
      {
        "y": 2203654.86,
        "time": "2009/08/27 12:45:00"
      },
      {
        "y": 2203834.68,
        "time": "2009/08/27 13:00:00"
      },
      {
        "y": 2203017.66,
        "time": "2009/08/27 13:15:00"
      },
      {
        "y": 2202699.24,
        "time": "2009/08/27 13:30:00"
      },
      {
        "y": 2203793.1,
        "time": "2009/08/27 13:45:00"
      },
      {
        "y": 2203973.28,
        "time": "2009/08/27 14:00:00"
      },
      {
        "y": 2203433.1,
        "time": "2009/08/27 14:15:00"
      },
      {
        "y": 2203585.56,
        "time": "2009/08/27 14:30:00"
      },
      {
        "y": 2203031.52,
        "time": "2009/08/27 14:45:00"
      },
      {
        "y": 2202976.08,
        "time": "2009/08/27 15:00:00"
      },
      {
        "y": 2202048.18,
        "time": "2009/08/27 15:15:00"
      },
      {
        "y": 2201605.02,
        "time": "2009/08/27 15:30:00"
      },
      {
        "y": 2201189.58,
        "time": "2009/08/27 15:45:00"
      },
      {
        "y": 2200662.9,
        "time": "2009/08/27 16:00:00"
      },
      {
        "y": 2200524.66,
        "time": "2009/08/27 16:15:00"
      },
      {
        "y": 2200053.78,
        "time": "2009/08/27 16:30:00"
      },
      {
        "y": 2200275.18,
        "time": "2009/08/27 16:45:00"
      },
      {
        "y": 2200455.36,
        "time": "2009/08/27 17:00:00"
      },
      {
        "y": 2200164.66,
        "time": "2009/08/27 17:15:00"
      },
      {
        "y": 2200497.3,
        "time": "2009/08/27 17:30:00"
      },
      {
        "y": 2200109.22,
        "time": "2009/08/27 17:45:00"
      },
      {
        "y": 2201730.12,
        "time": "2009/08/27 18:00:00"
      },
      {
        "y": 1920997.44,
        "time": "2009/08/27 18:15:00"
      },
      {
        "y": 1703315.52,
        "time": "2009/08/27 18:30:00"
      },
      {
        "y": 1704008.16,
        "time": "2009/08/27 18:45:00"
      },
      {
        "y": 1703814.12,
        "time": "2009/08/27 19:00:00"
      },
      {
        "y": 1533751.812,
        "time": "2009/08/27 19:15:00"
      },
      {
        "y": 1401973.452,
        "time": "2009/08/27 19:30:00"
      },
      {
        "y": 1402444.332,
        "time": "2009/08/27 19:45:00"
      },
      {
        "y": 1409051.268,
        "time": "2009/08/27 20:00:00"
      },
      {
        "y": 1421974.044,
        "time": "2009/08/27 20:15:00"
      },
      {
        "y": 1481062.644,
        "time": "2009/08/27 20:30:00"
      },
      {
        "y": 1479746.664,
        "time": "2009/08/27 20:45:00"
      },
      {
        "y": 1480065.3,
        "time": "2009/08/27 21:00:00"
      },
      {
        "y": 1211203.44,
        "time": "2009/08/27 21:15:00"
      },
      {
        "y": 573711.228,
        "time": "2009/08/27 21:30:00"
      },
      {
        "y": 573974.316,
        "time": "2009/08/27 21:45:00"
      },
      {
        "y": 574528.32,
        "time": "2009/08/27 22:00:00"
      },
      {
        "y": 573517.08,
        "time": "2009/08/27 22:15:00"
      },
      {
        "y": 572367.24,
        "time": "2009/08/27 22:30:00"
      },
      {
        "y": 571466.772,
        "time": "2009/08/27 22:45:00"
      },
      {
        "y": 571231.26,
        "time": "2009/08/27 23:00:00"
      },
      {
        "y": 570871.116,
        "time": "2009/08/27 23:15:00"
      },
      {
        "y": 570330.828,
        "time": "2009/08/27 23:30:00"
      },
      {
        "y": 570178.476,
        "time": "2009/08/27 23:45:00"
      }
    ],
    "cvrmse": 0.279099,
    "nmbe": 0.028485
  }
]