[
  {
    "name": " Simulated",
    "type": "Electricity:Facility",
    "color": "blue",
    "units": "J",
    "displayname": "Total Consumption",
    "data": [
      {
        "y": 1596018.717101,
        "time": "2009/09/01 00:00:00"
      },
      {
        "y": 5232007.512,
        "time": "2009/09/01 00:15:00"
      },
      {
        "y": 5230188.0,
        "time": "2009/09/01 00:30:00"
      },
      {
        "y": 5232497.256,
        "time": "2009/09/01 00:45:00"
      },
      {
        "y": 5228993.16,
        "time": "2009/09/01 01:00:00"
      },
      {
        "y": 5247464.22,
        "time": "2009/09/01 01:15:00"
      },
      {
        "y": 5231505.096,
        "time": "2009/09/01 01:30:00"
      },
      {
        "y": 5233791.384,
        "time": "2009/09/01 01:45:00"
      },
      {
        "y": 5240928.096,
        "time": "2009/09/01 02:00:00"
      },
      {
        "y": 5239403.496,
        "time": "2009/09/01 02:15:00"
      },
      {
        "y": 5231894.868,
        "time": "2009/09/01 02:30:00"
      },
      {
        "y": 5225196.744,
        "time": "2009/09/01 02:45:00"
      },
      {
        "y": 5226173.892,
        "time": "2009/09/01 03:00:00"
      },
      {
        "y": 5237786.772,
        "time": "2009/09/01 03:15:00"
      },
      {
        "y": 5233740.552,
        "time": "2009/09/01 03:30:00"
      },
      {
        "y": 5236841.772,
        "time": "2009/09/01 03:45:00"
      },
      {
        "y": 5231035.26,
        "time": "2009/09/01 04:00:00"
      },
      {
        "y": 5221210.248,
        "time": "2009/09/01 04:15:00"
      },
      {
        "y": 5224078.26,
        "time": "2009/09/01 04:30:00"
      },
      {
        "y": 5220163.332,
        "time": "2009/09/01 04:45:00"
      },
      {
        "y": 5221559.376,
        "time": "2009/09/01 05:00:00"
      },
      {
        "y": 5222363.112,
        "time": "2009/09/01 05:15:00"
      },
      {
        "y": 5218560.54,
        "time": "2009/09/01 05:30:00"
      },
      {
        "y": 5209382.412,
        "time": "2009/09/01 05:45:00"
      },
      {
        "y": 5223034.224,
        "time": "2009/09/01 06:00:00"
      },
      {
        "y": 5254648.554054,
        "time": "2009/09/01 06:15:00"
      },
      {
        "y": 5202097.992,
        "time": "2009/09/01 06:30:00"
      },
      {
        "y": 16172676.574915,
        "time": "2009/09/01 06:45:00"
      },
      {
        "y": 14312209.653512,
        "time": "2009/09/01 07:00:00"
      },
      {
        "y": 13148700.801098,
        "time": "2009/09/01 07:15:00"
      },
      {
        "y": 15105631.98722,
        "time": "2009/09/01 07:30:00"
      },
      {
        "y": 14652354.784912,
        "time": "2009/09/01 07:45:00"
      },
      {
        "y": 15097853.657447,
        "time": "2009/09/01 08:00:00"
      },
      {
        "y": 15197841.257341,
        "time": "2009/09/01 08:15:00"
      },
      {
        "y": 15066656.716981,
        "time": "2009/09/01 08:30:00"
      },
      {
        "y": 15088461.496169,
        "time": "2009/09/01 08:45:00"
      },
      {
        "y": 15070009.859339,
        "time": "2009/09/01 09:00:00"
      },
      {
        "y": 14909132.338676,
        "time": "2009/09/01 09:15:00"
      },
      {
        "y": 14864289.918918,
        "time": "2009/09/01 09:30:00"
      },
      {
        "y": 14657210.645022,
        "time": "2009/09/01 09:45:00"
      },
      {
        "y": 14548768.313527,
        "time": "2009/09/01 10:00:00"
      },
      {
        "y": 14133630.839235,
        "time": "2009/09/01 10:15:00"
      },
      {
        "y": 13759464.114531,
        "time": "2009/09/01 10:30:00"
      },
      {
        "y": 13949642.536287,
        "time": "2009/09/01 10:45:00"
      },
      {
        "y": 13749289.162388,
        "time": "2009/09/01 11:00:00"
      },
      {
        "y": 13772111.435199,
        "time": "2009/09/01 11:15:00"
      },
      {
        "y": 13813732.101991,
        "time": "2009/09/01 11:30:00"
      },
      {
        "y": 13842908.784941,
        "time": "2009/09/01 11:45:00"
      },
      {
        "y": 13869325.333209,
        "time": "2009/09/01 12:00:00"
      },
      {
        "y": 13763775.092096,
        "time": "2009/09/01 12:15:00"
      },
      {
        "y": 13820531.774711,
        "time": "2009/09/01 12:30:00"
      },
      {
        "y": 13806625.830905,
        "time": "2009/09/01 12:45:00"
      },
      {
        "y": 12176938.255433,
        "time": "2009/09/01 13:00:00"
      },
      {
        "y": 14115022.278535,
        "time": "2009/09/01 13:15:00"
      },
      {
        "y": 13976362.747792,
        "time": "2009/09/01 13:30:00"
      },
      {
        "y": 13751654.997973,
        "time": "2009/09/01 13:45:00"
      },
      {
        "y": 13699467.277201,
        "time": "2009/09/01 14:00:00"
      },
      {
        "y": 13863800.447544,
        "time": "2009/09/01 14:15:00"
      },
      {
        "y": 13796051.73176,
        "time": "2009/09/01 14:30:00"
      },
      {
        "y": 13589758.840791,
        "time": "2009/09/01 14:45:00"
      },
      {
        "y": 13533570.110757,
        "time": "2009/09/01 15:00:00"
      },
      {
        "y": 13621350.535993,
        "time": "2009/09/01 15:15:00"
      },
      {
        "y": 13794335.12602,
        "time": "2009/09/01 15:30:00"
      },
      {
        "y": 14024010.921071,
        "time": "2009/09/01 15:45:00"
      },
      {
        "y": 13714735.372416,
        "time": "2009/09/01 16:00:00"
      },
      {
        "y": 13592268.705582,
        "time": "2009/09/01 16:15:00"
      },
      {
        "y": 13849576.047294,
        "time": "2009/09/01 16:30:00"
      },
      {
        "y": 13621340.778119,
        "time": "2009/09/01 16:45:00"
      },
      {
        "y": 13234945.906017,
        "time": "2009/09/01 17:00:00"
      },
      {
        "y": 11671130.503576,
        "time": "2009/09/01 17:15:00"
      },
      {
        "y": 13696026.207398,
        "time": "2009/09/01 17:30:00"
      },
      {
        "y": 10825642.137036,
        "time": "2009/09/01 17:45:00"
      },
      {
        "y": 9770019.503873,
        "time": "2009/09/01 18:00:00"
      },
      {
        "y": 8640183.951491,
        "time": "2009/09/01 18:15:00"
      },
      {
        "y": 10044558.309021,
        "time": "2009/09/01 18:30:00"
      },
      {
        "y": 9768835.085277,
        "time": "2009/09/01 18:45:00"
      },
      {
        "y": 8223775.090927,
        "time": "2009/09/01 19:00:00"
      },
      {
        "y": 11152503.035524,
        "time": "2009/09/01 19:15:00"
      },
      {
        "y": 7747531.873726,
        "time": "2009/09/01 19:30:00"
      },
      {
        "y": 7733227.026682,
        "time": "2009/09/01 19:45:00"
      },
      {
        "y": 7730318.541518,
        "time": "2009/09/01 20:00:00"
      },
      {
        "y": 7724603.316067,
        "time": "2009/09/01 20:15:00"
      },
      {
        "y": 7614844.85633,
        "time": "2009/09/01 20:30:00"
      },
      {
        "y": 10634217.367846,
        "time": "2009/09/01 20:45:00"
      },
      {
        "y": 7416308.711788,
        "time": "2009/09/01 21:00:00"
      },
      {
        "y": 7080128.865162,
        "time": "2009/09/01 21:15:00"
      },
      {
        "y": 6375909.466272,
        "time": "2009/09/01 21:30:00"
      },
      {
        "y": 6849760.914328,
        "time": "2009/09/01 21:45:00"
      },
      {
        "y": 3523737.24,
        "time": "2009/09/01 22:00:00"
      },
      {
        "y": 830808.541983,
        "time": "2009/09/01 22:15:00"
      },
      {
        "y": 840768.50844,
        "time": "2009/09/01 22:30:00"
      },
      {
        "y": 3795732.828,
        "time": "2009/09/01 22:45:00"
      },
      {
        "y": 839534.71644,
        "time": "2009/09/01 23:00:00"
      },
      {
        "y": 3742095.020403,
        "time": "2009/09/01 23:15:00"
      },
      {
        "y": 839527.30404,
        "time": "2009/09/01 23:30:00"
      },
      {
        "y": 840041.7408,
        "time": "2009/09/01 23:45:00"
      }
    ],
    "cvrmse": 34.268215,
    "nmbe": 19.973501
  },
  {
    "name": " Metered",
    "type": "Electricity:Facility",
    "color": "red",
    "units": "J",
    "displayname": "Total Consumption",
    "data": [
      {
        "y": 5419883.952,
        "time": "2009/09/01 00:00:00"
      },
      {
        "y": 5408722.728,
        "time": "2009/09/01 00:15:00"
      },
      {
        "y": 5406363.036,
        "time": "2009/09/01 00:30:00"
      },
      {
        "y": 5409004.716,
        "time": "2009/09/01 00:45:00"
      },
      {
        "y": 5405375.952,
        "time": "2009/09/01 01:00:00"
      },
      {
        "y": 5424428.736,
        "time": "2009/09/01 01:15:00"
      },
      {
        "y": 5407929.432,
        "time": "2009/09/01 01:30:00"
      },
      {
        "y": 5410755.936,
        "time": "2009/09/01 01:45:00"
      },
      {
        "y": 5417809.488,
        "time": "2009/09/01 02:00:00"
      },
      {
        "y": 5416077.132,
        "time": "2009/09/01 02:15:00"
      },
      {
        "y": 5408900.928,
        "time": "2009/09/01 02:30:00"
      },
      {
        "y": 5401454.904,
        "time": "2009/09/01 02:45:00"
      },
      {
        "y": 5402182.716,
        "time": "2009/09/01 03:00:00"
      },
      {
        "y": 5414834.376,
        "time": "2009/09/01 03:15:00"
      },
      {
        "y": 5410414.224,
        "time": "2009/09/01 03:30:00"
      },
      {
        "y": 5413681.62,
        "time": "2009/09/01 03:45:00"
      },
      {
        "y": 5407584.264,
        "time": "2009/09/01 04:00:00"
      },
      {
        "y": 5396845.14,
        "time": "2009/09/01 04:15:00"
      },
      {
        "y": 5400128.7,
        "time": "2009/09/01 04:30:00"
      },
      {
        "y": 5395964.436,
        "time": "2009/09/01 04:45:00"
      },
      {
        "y": 5397443.568,
        "time": "2009/09/01 05:00:00"
      },
      {
        "y": 5398413.516,
        "time": "2009/09/01 05:15:00"
      },
      {
        "y": 5394195.432,
        "time": "2009/09/01 05:30:00"
      },
      {
        "y": 5384643.372,
        "time": "2009/09/01 05:45:00"
      },
      {
        "y": 5399292.384,
        "time": "2009/09/01 06:00:00"
      },
      {
        "y": 5408770.896,
        "time": "2009/09/01 06:15:00"
      },
      {
        "y": 5378771.664,
        "time": "2009/09/01 06:30:00"
      },
      {
        "y": 8989606.008,
        "time": "2009/09/01 06:45:00"
      },
      {
        "y": 11593033.488,
        "time": "2009/09/01 07:00:00"
      },
      {
        "y": 11466302.688,
        "time": "2009/09/01 07:15:00"
      },
      {
        "y": 14481292.536,
        "time": "2009/09/01 07:30:00"
      },
      {
        "y": 14775534.324,
        "time": "2009/09/01 07:45:00"
      },
      {
        "y": 13672544.976,
        "time": "2009/09/01 08:00:00"
      },
      {
        "y": 13505391.648,
        "time": "2009/09/01 08:15:00"
      },
      {
        "y": 14803571.016,
        "time": "2009/09/01 08:30:00"
      },
      {
        "y": 15836779.764,
        "time": "2009/09/01 08:45:00"
      },
      {
        "y": 14889711.024,
        "time": "2009/09/01 09:00:00"
      },
      {
        "y": 16255361.052,
        "time": "2009/09/01 09:15:00"
      },
      {
        "y": 16736857.884,
        "time": "2009/09/01 09:30:00"
      },
      {
        "y": 16951324.536,
        "time": "2009/09/01 09:45:00"
      },
      {
        "y": 17083412.892,
        "time": "2009/09/01 10:00:00"
      },
      {
        "y": 17751369.348,
        "time": "2009/09/01 10:15:00"
      },
      {
        "y": 16364340.612,
        "time": "2009/09/01 10:30:00"
      },
      {
        "y": 17336088.432,
        "time": "2009/09/01 10:45:00"
      },
      {
        "y": 16228635.444,
        "time": "2009/09/01 11:00:00"
      },
      {
        "y": 16121647.98,
        "time": "2009/09/01 11:15:00"
      },
      {
        "y": 16467147.18,
        "time": "2009/09/01 11:30:00"
      },
      {
        "y": 17179144.344,
        "time": "2009/09/01 11:45:00"
      },
      {
        "y": 15796163.34,
        "time": "2009/09/01 12:00:00"
      },
      {
        "y": 16315490.808,
        "time": "2009/09/01 12:15:00"
      },
      {
        "y": 14882252.256,
        "time": "2009/09/01 12:30:00"
      },
      {
        "y": 16341578.028,
        "time": "2009/09/01 12:45:00"
      },
      {
        "y": 15031929.132,
        "time": "2009/09/01 13:00:00"
      },
      {
        "y": 18065453.4,
        "time": "2009/09/01 13:15:00"
      },
      {
        "y": 17440887.024,
        "time": "2009/09/01 13:30:00"
      },
      {
        "y": 16742433.636,
        "time": "2009/09/01 13:45:00"
      },
      {
        "y": 16753536.072,
        "time": "2009/09/01 14:00:00"
      },
      {
        "y": 16926323.616,
        "time": "2009/09/01 14:15:00"
      },
      {
        "y": 16625220.372,
        "time": "2009/09/01 14:30:00"
      },
      {
        "y": 15989741.172,
        "time": "2009/09/01 14:45:00"
      },
      {
        "y": 15383872.908,
        "time": "2009/09/01 15:00:00"
      },
      {
        "y": 16774504.164,
        "time": "2009/09/01 15:15:00"
      },
      {
        "y": 17019926.676,
        "time": "2009/09/01 15:30:00"
      },
      {
        "y": 18446407.704,
        "time": "2009/09/01 15:45:00"
      },
      {
        "y": 16309173.672,
        "time": "2009/09/01 16:00:00"
      },
      {
        "y": 16604641.944,
        "time": "2009/09/01 16:15:00"
      },
      {
        "y": 16361162.784,
        "time": "2009/09/01 16:30:00"
      },
      {
        "y": 16149470.184,
        "time": "2009/09/01 16:45:00"
      },
      {
        "y": 16909158.672,
        "time": "2009/09/01 17:00:00"
      },
      {
        "y": 16515341.748,
        "time": "2009/09/01 17:15:00"
      },
      {
        "y": 17128440.108,
        "time": "2009/09/01 17:30:00"
      },
      {
        "y": 14543172.864,
        "time": "2009/09/01 17:45:00"
      },
      {
        "y": 14757265.2852,
        "time": "2009/09/01 18:00:00"
      },
      {
        "y": 14635714.176,
        "time": "2009/09/01 18:15:00"
      },
      {
        "y": 16711467.156,
        "time": "2009/09/01 18:30:00"
      },
      {
        "y": 16405957.944,
        "time": "2009/09/01 18:45:00"
      },
      {
        "y": 17021646.6768,
        "time": "2009/09/01 19:00:00"
      },
      {
        "y": 17336276.424,
        "time": "2009/09/01 19:15:00"
      },
      {
        "y": 15075419.7888,
        "time": "2009/09/01 19:30:00"
      },
      {
        "y": 17054949.6,
        "time": "2009/09/01 19:45:00"
      },
      {
        "y": 18272430.144,
        "time": "2009/09/01 20:00:00"
      },
      {
        "y": 18630082.5804,
        "time": "2009/09/01 20:15:00"
      },
      {
        "y": 19089140.1804,
        "time": "2009/09/01 20:30:00"
      },
      {
        "y": 21487906.836,
        "time": "2009/09/01 20:45:00"
      },
      {
        "y": 17650647.468,
        "time": "2009/09/01 21:00:00"
      },
      {
        "y": 17206130.6964,
        "time": "2009/09/01 21:15:00"
      },
      {
        "y": 16819789.6404,
        "time": "2009/09/01 21:30:00"
      },
      {
        "y": 9835599.78,
        "time": "2009/09/01 21:45:00"
      },
      {
        "y": 3699957.888,
        "time": "2009/09/01 22:00:00"
      },
      {
        "y": 1016786.18808,
        "time": "2009/09/01 22:15:00"
      },
      {
        "y": 1016826.94008,
        "time": "2009/09/01 22:30:00"
      },
      {
        "y": 3972283.848,
        "time": "2009/09/01 22:45:00"
      },
      {
        "y": 1016131.31208,
        "time": "2009/09/01 23:00:00"
      },
      {
        "y": 3930654.888,
        "time": "2009/09/01 23:15:00"
      },
      {
        "y": 1016497.83204,
        "time": "2009/09/01 23:30:00"
      },
      {
        "y": 1016640.31644,
        "time": "2009/09/01 23:45:00"
      }
    ],
    "cvrmse": 34.268215,
    "nmbe": 19.973501
  }
]