[
  {
    "name": "ROOFTOP SUPPLY FAN Simulated",
    "type": "Fan Electric Energy",
    "color": "blue",
    "units": "J",
    "displayname": "Fan Consumption",
    "data": [
      {
        "y": 0.0,
        "time": "2009/08/29 00:00:00"
      },
      {
        "y": 0.0,
        "time": "2009/08/29 00:15:00"
      },
      {
        "y": 0.0,
        "time": "2009/08/29 00:30:00"
      },
      {
        "y": 0.0,
        "time": "2009/08/29 00:45:00"
      },
      {
        "y": 0.0,
        "time": "2009/08/29 01:00:00"
      },
      {
        "y": 0.0,
        "time": "2009/08/29 01:15:00"
      },
      {
        "y": 0.0,
        "time": "2009/08/29 01:30:00"
      },
      {
        "y": 0.0,
        "time": "2009/08/29 01:45:00"
      },
      {
        "y": 0.0,
        "time": "2009/08/29 02:00:00"
      },
      {
        "y": 0.0,
        "time": "2009/08/29 02:15:00"
      },
      {
        "y": 0.0,
        "time": "2009/08/29 02:30:00"
      },
      {
        "y": 0.0,
        "time": "2009/08/29 02:45:00"
      },
      {
        "y": 0.0,
        "time": "2009/08/29 03:00:00"
      },
      {
        "y": 0.0,
        "time": "2009/08/29 03:15:00"
      },
      {
        "y": 0.0,
        "time": "2009/08/29 03:30:00"
      },
      {
        "y": 0.0,
        "time": "2009/08/29 03:45:00"
      },
      {
        "y": 0.0,
        "time": "2009/08/29 04:00:00"
      },
      {
        "y": 0.0,
        "time": "2009/08/29 04:15:00"
      },
      {
        "y": 0.0,
        "time": "2009/08/29 04:30:00"
      },
      {
        "y": 0.0,
        "time": "2009/08/29 04:45:00"
      },
      {
        "y": 0.0,
        "time": "2009/08/29 05:00:00"
      },
      {
        "y": 0.0,
        "time": "2009/08/29 05:15:00"
      },
      {
        "y": 0.0,
        "time": "2009/08/29 05:30:00"
      },
      {
        "y": 0.0,
        "time": "2009/08/29 05:45:00"
      },
      {
        "y": 0.0,
        "time": "2009/08/29 06:00:00"
      },
      {
        "y": 0.0,
        "time": "2009/08/29 06:15:00"
      },
      {
        "y": 0.0,
        "time": "2009/08/29 06:30:00"
      },
      {
        "y": 1596303.864,
        "time": "2009/08/29 06:45:00"
      },
      {
        "y": 1596303.864,
        "time": "2009/08/29 07:00:00"
      },
      {
        "y": 1596303.864,
        "time": "2009/08/29 07:15:00"
      },
      {
        "y": 1596303.864,
        "time": "2009/08/29 07:30:00"
      },
      {
        "y": 1596303.864,
        "time": "2009/08/29 07:45:00"
      },
      {
        "y": 1596303.864,
        "time": "2009/08/29 08:00:00"
      },
      {
        "y": 1596303.864,
        "time": "2009/08/29 08:15:00"
      },
      {
        "y": 1596303.864,
        "time": "2009/08/29 08:30:00"
      },
      {
        "y": 1596303.864,
        "time": "2009/08/29 08:45:00"
      },
      {
        "y": 1596303.864,
        "time": "2009/08/29 09:00:00"
      },
      {
        "y": 1596303.864,
        "time": "2009/08/29 09:15:00"
      },
      {
        "y": 1596303.864,
        "time": "2009/08/29 09:30:00"
      },
      {
        "y": 1596303.864,
        "time": "2009/08/29 09:45:00"
      },
      {
        "y": 1596303.864,
        "time": "2009/08/29 10:00:00"
      },
      {
        "y": 1596303.864,
        "time": "2009/08/29 10:15:00"
      },
      {
        "y": 1596303.864,
        "time": "2009/08/29 10:30:00"
      },
      {
        "y": 1596303.864,
        "time": "2009/08/29 10:45:00"
      },
      {
        "y": 1596303.864,
        "time": "2009/08/29 11:00:00"
      },
      {
        "y": 1596303.864,
        "time": "2009/08/29 11:15:00"
      },
      {
        "y": 1596303.864,
        "time": "2009/08/29 11:30:00"
      },
      {
        "y": 1596303.864,
        "time": "2009/08/29 11:45:00"
      },
      {
        "y": 1596303.864,
        "time": "2009/08/29 12:00:00"
      },
      {
        "y": 1596303.864,
        "time": "2009/08/29 12:15:00"
      },
      {
        "y": 1596303.864,
        "time": "2009/08/29 12:30:00"
      },
      {
        "y": 1596303.864,
        "time": "2009/08/29 12:45:00"
      },
      {
        "y": 1596303.864,
        "time": "2009/08/29 13:00:00"
      },
      {
        "y": 1596303.864,
        "time": "2009/08/29 13:15:00"
      },
      {
        "y": 1596303.864,
        "time": "2009/08/29 13:30:00"
      },
      {
        "y": 1596303.864,
        "time": "2009/08/29 13:45:00"
      },
      {
        "y": 1596303.864,
        "time": "2009/08/29 14:00:00"
      },
      {
        "y": 1596303.864,
        "time": "2009/08/29 14:15:00"
      },
      {
        "y": 1596303.864,
        "time": "2009/08/29 14:30:00"
      },
      {
        "y": 1596303.864,
        "time": "2009/08/29 14:45:00"
      },
      {
        "y": 1596303.864,
        "time": "2009/08/29 15:00:00"
      },
      {
        "y": 1596303.864,
        "time": "2009/08/29 15:15:00"
      },
      {
        "y": 1596303.864,
        "time": "2009/08/29 15:30:00"
      },
      {
        "y": 1596303.864,
        "time": "2009/08/29 15:45:00"
      },
      {
        "y": 1596303.864,
        "time": "2009/08/29 16:00:00"
      },
      {
        "y": 1596303.864,
        "time": "2009/08/29 16:15:00"
      },
      {
        "y": 1596303.864,
        "time": "2009/08/29 16:30:00"
      },
      {
        "y": 1596303.864,
        "time": "2009/08/29 16:45:00"
      },
      {
        "y": 1596303.864,
        "time": "2009/08/29 17:00:00"
      },
      {
        "y": 1596303.864,
        "time": "2009/08/29 17:15:00"
      },
      {
        "y": 1596303.864,
        "time": "2009/08/29 17:30:00"
      },
      {
        "y": 1596303.864,
        "time": "2009/08/29 17:45:00"
      },
      {
        "y": 1596303.864,
        "time": "2009/08/29 18:00:00"
      },
      {
        "y": 1596303.864,
        "time": "2009/08/29 18:15:00"
      },
      {
        "y": 1596303.864,
        "time": "2009/08/29 18:30:00"
      },
      {
        "y": 1596303.864,
        "time": "2009/08/29 18:45:00"
      },
      {
        "y": 1596303.864,
        "time": "2009/08/29 19:00:00"
      },
      {
        "y": 1596303.864,
        "time": "2009/08/29 19:15:00"
      },
      {
        "y": 1596303.864,
        "time": "2009/08/29 19:30:00"
      },
      {
        "y": 1596303.864,
        "time": "2009/08/29 19:45:00"
      },
      {
        "y": 1596303.864,
        "time": "2009/08/29 20:00:00"
      },
      {
        "y": 1596303.864,
        "time": "2009/08/29 20:15:00"
      },
      {
        "y": 1596303.864,
        "time": "2009/08/29 20:30:00"
      },
      {
        "y": 1596303.864,
        "time": "2009/08/29 20:45:00"
      },
      {
        "y": 1596303.864,
        "time": "2009/08/29 21:00:00"
      },
      {
        "y": 1596303.864,
        "time": "2009/08/29 21:15:00"
      },
      {
        "y": 1596303.864,
        "time": "2009/08/29 21:30:00"
      },
      {
        "y": 1596303.864,
        "time": "2009/08/29 21:45:00"
      },
      {
        "y": 0.0,
        "time": "2009/08/29 22:00:00"
      },
      {
        "y": 0.0,
        "time": "2009/08/29 22:15:00"
      },
      {
        "y": 0.0,
        "time": "2009/08/29 22:30:00"
      },
      {
        "y": 0.0,
        "time": "2009/08/29 22:45:00"
      },
      {
        "y": 0.0,
        "time": "2009/08/29 23:00:00"
      },
      {
        "y": 0.0,
        "time": "2009/08/29 23:15:00"
      },
      {
        "y": 0.0,
        "time": "2009/08/29 23:30:00"
      },
      {
        "y": 0.0,
        "time": "2009/08/29 23:45:00"
      }
    ],
    "cvrmse": 24.677717,
    "nmbe": 17.031988
  },
  {
    "name": "ROOFTOP SUPPLY FAN Metered",
    "type": "Fan Electric Energy",
    "color": "red",
    "units": "J",
    "displayname": "Fan Consumption",
    "data": [
      {
        "y": 16787.412,
        "time": "2009/08/29 00:00:00"
      },
      {
        "y": 16787.412,
        "time": "2009/08/29 00:15:00"
      },
      {
        "y": 16787.412,
        "time": "2009/08/29 00:30:00"
      },
      {
        "y": 16787.412,
        "time": "2009/08/29 00:45:00"
      },
      {
        "y": 16787.412,
        "time": "2009/08/29 01:00:00"
      },
      {
        "y": 16787.412,
        "time": "2009/08/29 01:15:00"
      },
      {
        "y": 16787.412,
        "time": "2009/08/29 01:30:00"
      },
      {
        "y": 16787.412,
        "time": "2009/08/29 01:45:00"
      },
      {
        "y": 16787.412,
        "time": "2009/08/29 02:00:00"
      },
      {
        "y": 16787.412,
        "time": "2009/08/29 02:15:00"
      },
      {
        "y": 16787.412,
        "time": "2009/08/29 02:30:00"
      },
      {
        "y": 16953.624,
        "time": "2009/08/29 02:45:00"
      },
      {
        "y": 16787.412,
        "time": "2009/08/29 03:00:00"
      },
      {
        "y": 16787.412,
        "time": "2009/08/29 03:15:00"
      },
      {
        "y": 16953.624,
        "time": "2009/08/29 03:30:00"
      },
      {
        "y": 16787.412,
        "time": "2009/08/29 03:45:00"
      },
      {
        "y": 16787.412,
        "time": "2009/08/29 04:00:00"
      },
      {
        "y": 16787.412,
        "time": "2009/08/29 04:15:00"
      },
      {
        "y": 16787.412,
        "time": "2009/08/29 04:30:00"
      },
      {
        "y": 16621.2,
        "time": "2009/08/29 04:45:00"
      },
      {
        "y": 16787.412,
        "time": "2009/08/29 05:00:00"
      },
      {
        "y": 16787.412,
        "time": "2009/08/29 05:15:00"
      },
      {
        "y": 16787.412,
        "time": "2009/08/29 05:30:00"
      },
      {
        "y": 16621.2,
        "time": "2009/08/29 05:45:00"
      },
      {
        "y": 16787.412,
        "time": "2009/08/29 06:00:00"
      },
      {
        "y": 16787.412,
        "time": "2009/08/29 06:15:00"
      },
      {
        "y": 16787.412,
        "time": "2009/08/29 06:30:00"
      },
      {
        "y": 671662.8,
        "time": "2009/08/29 06:45:00"
      },
      {
        "y": 1916590.32,
        "time": "2009/08/29 07:00:00"
      },
      {
        "y": 1962797.4,
        "time": "2009/08/29 07:15:00"
      },
      {
        "y": 1973102.4,
        "time": "2009/08/29 07:30:00"
      },
      {
        "y": 1971274.32,
        "time": "2009/08/29 07:45:00"
      },
      {
        "y": 1962132.48,
        "time": "2009/08/29 08:00:00"
      },
      {
        "y": 1951328.88,
        "time": "2009/08/29 08:15:00"
      },
      {
        "y": 1958974.56,
        "time": "2009/08/29 08:30:00"
      },
      {
        "y": 1955318.04,
        "time": "2009/08/29 08:45:00"
      },
      {
        "y": 1953821.88,
        "time": "2009/08/29 09:00:00"
      },
      {
        "y": 1948336.92,
        "time": "2009/08/29 09:15:00"
      },
      {
        "y": 1957977.36,
        "time": "2009/08/29 09:30:00"
      },
      {
        "y": 1957312.44,
        "time": "2009/08/29 09:45:00"
      },
      {
        "y": 1954653.12,
        "time": "2009/08/29 10:00:00"
      },
      {
        "y": 1951328.88,
        "time": "2009/08/29 10:15:00"
      },
      {
        "y": 1949832.72,
        "time": "2009/08/29 10:30:00"
      },
      {
        "y": 1950996.24,
        "time": "2009/08/29 10:45:00"
      },
      {
        "y": 1950165.36,
        "time": "2009/08/29 11:00:00"
      },
      {
        "y": 1945843.56,
        "time": "2009/08/29 11:15:00"
      },
      {
        "y": 1949666.76,
        "time": "2009/08/29 11:30:00"
      },
      {
        "y": 1942187.4,
        "time": "2009/08/29 11:45:00"
      },
      {
        "y": 1956481.2,
        "time": "2009/08/29 12:00:00"
      },
      {
        "y": 1946176.2,
        "time": "2009/08/29 12:15:00"
      },
      {
        "y": 1940691.24,
        "time": "2009/08/29 12:30:00"
      },
      {
        "y": 1938530.52,
        "time": "2009/08/29 12:45:00"
      },
      {
        "y": 1950165.36,
        "time": "2009/08/29 13:00:00"
      },
      {
        "y": 1959473.16,
        "time": "2009/08/29 13:15:00"
      },
      {
        "y": 1942851.96,
        "time": "2009/08/29 13:30:00"
      },
      {
        "y": 1946176.2,
        "time": "2009/08/29 13:45:00"
      },
      {
        "y": 1945012.68,
        "time": "2009/08/29 14:00:00"
      },
      {
        "y": 1949001.84,
        "time": "2009/08/29 14:15:00"
      },
      {
        "y": 1944846.72,
        "time": "2009/08/29 14:30:00"
      },
      {
        "y": 1949666.76,
        "time": "2009/08/29 14:45:00"
      },
      {
        "y": 1940857.56,
        "time": "2009/08/29 15:00:00"
      },
      {
        "y": 1944015.48,
        "time": "2009/08/29 15:15:00"
      },
      {
        "y": 1955318.04,
        "time": "2009/08/29 15:30:00"
      },
      {
        "y": 1956148.92,
        "time": "2009/08/29 15:45:00"
      },
      {
        "y": 1955816.28,
        "time": "2009/08/29 16:00:00"
      },
      {
        "y": 1940524.92,
        "time": "2009/08/29 16:15:00"
      },
      {
        "y": 1944347.76,
        "time": "2009/08/29 16:30:00"
      },
      {
        "y": 1953489.6,
        "time": "2009/08/29 16:45:00"
      },
      {
        "y": 1954985.4,
        "time": "2009/08/29 17:00:00"
      },
      {
        "y": 1956481.2,
        "time": "2009/08/29 17:15:00"
      },
      {
        "y": 1939195.44,
        "time": "2009/08/29 17:30:00"
      },
      {
        "y": 1949334.48,
        "time": "2009/08/29 17:45:00"
      },
      {
        "y": 1955816.28,
        "time": "2009/08/29 18:00:00"
      },
      {
        "y": 1960138.08,
        "time": "2009/08/29 18:15:00"
      },
      {
        "y": 1958808.24,
        "time": "2009/08/29 18:30:00"
      },
      {
        "y": 1950996.24,
        "time": "2009/08/29 18:45:00"
      },
      {
        "y": 1957811.04,
        "time": "2009/08/29 19:00:00"
      },
      {
        "y": 1955650.32,
        "time": "2009/08/29 19:15:00"
      },
      {
        "y": 1955982.96,
        "time": "2009/08/29 19:30:00"
      },
      {
        "y": 1952159.76,
        "time": "2009/08/29 19:45:00"
      },
      {
        "y": 1959140.52,
        "time": "2009/08/29 20:00:00"
      },
      {
        "y": 1951328.88,
        "time": "2009/08/29 20:15:00"
      },
      {
        "y": 1949500.44,
        "time": "2009/08/29 20:30:00"
      },
      {
        "y": 1951661.16,
        "time": "2009/08/29 20:45:00"
      },
      {
        "y": 1957644.72,
        "time": "2009/08/29 21:00:00"
      },
      {
        "y": 1957811.04,
        "time": "2009/08/29 21:15:00"
      },
      {
        "y": 1954819.08,
        "time": "2009/08/29 21:30:00"
      },
      {
        "y": 951896.16,
        "time": "2009/08/29 21:45:00"
      },
      {
        "y": 16953.624,
        "time": "2009/08/29 22:00:00"
      },
      {
        "y": 16621.2,
        "time": "2009/08/29 22:15:00"
      },
      {
        "y": 16787.412,
        "time": "2009/08/29 22:30:00"
      },
      {
        "y": 16787.412,
        "time": "2009/08/29 22:45:00"
      },
      {
        "y": 16953.624,
        "time": "2009/08/29 23:00:00"
      },
      {
        "y": 16787.412,
        "time": "2009/08/29 23:15:00"
      },
      {
        "y": 16953.624,
        "time": "2009/08/29 23:30:00"
      },
      {
        "y": 16787.412,
        "time": "2009/08/29 23:45:00"
      }
    ],
    "cvrmse": 24.677717,
    "nmbe": 17.031988
  }
]