[
  {
    "name": " Simulated",
    "type": "InteriorEquipment:Electricity",
    "color": "blue",
    "units": "J",
    "displayname": "Equipment Consumption",
    "data": [
      {
        "y": 1062332.504655,
        "time": "2009/09/01 00:00:00"
      },
      {
        "y": 4663103.58,
        "time": "2009/09/01 00:15:00"
      },
      {
        "y": 4661519.544,
        "time": "2009/09/01 00:30:00"
      },
      {
        "y": 4664050.416,
        "time": "2009/09/01 00:45:00"
      },
      {
        "y": 4660767.936,
        "time": "2009/09/01 01:00:00"
      },
      {
        "y": 4679322.084,
        "time": "2009/09/01 01:15:00"
      },
      {
        "y": 4663889.352,
        "time": "2009/09/01 01:30:00"
      },
      {
        "y": 4666314.168,
        "time": "2009/09/01 01:45:00"
      },
      {
        "y": 4673381.58,
        "time": "2009/09/01 02:00:00"
      },
      {
        "y": 4671981.612,
        "time": "2009/09/01 02:15:00"
      },
      {
        "y": 4664777.796,
        "time": "2009/09/01 02:30:00"
      },
      {
        "y": 4658398.236,
        "time": "2009/09/01 02:45:00"
      },
      {
        "y": 4659430.788,
        "time": "2009/09/01 03:00:00"
      },
      {
        "y": 4670891.28,
        "time": "2009/09/01 03:15:00"
      },
      {
        "y": 4667066.712,
        "time": "2009/09/01 03:30:00"
      },
      {
        "y": 4670084.88,
        "time": "2009/09/01 03:45:00"
      },
      {
        "y": 4664624.652,
        "time": "2009/09/01 04:00:00"
      },
      {
        "y": 4655132.136,
        "time": "2009/09/01 04:15:00"
      },
      {
        "y": 4658069.412,
        "time": "2009/09/01 04:30:00"
      },
      {
        "y": 4654251.396,
        "time": "2009/09/01 04:45:00"
      },
      {
        "y": 4655869.092,
        "time": "2009/09/01 05:00:00"
      },
      {
        "y": 4656645.108,
        "time": "2009/09/01 05:15:00"
      },
      {
        "y": 4652939.52,
        "time": "2009/09/01 05:30:00"
      },
      {
        "y": 4644038.484,
        "time": "2009/09/01 05:45:00"
      },
      {
        "y": 4657413.204,
        "time": "2009/09/01 06:00:00"
      },
      {
        "y": 4688985.954054,
        "time": "2009/09/01 06:15:00"
      },
      {
        "y": 4664760.696,
        "time": "2009/09/01 06:30:00"
      },
      {
        "y": 4654581.804,
        "time": "2009/09/01 06:45:00"
      },
      {
        "y": 4665732.48,
        "time": "2009/09/01 07:00:00"
      },
      {
        "y": 4689291.492534,
        "time": "2009/09/01 07:15:00"
      },
      {
        "y": 4666730.04,
        "time": "2009/09/01 07:30:00"
      },
      {
        "y": 4674188.664,
        "time": "2009/09/01 07:45:00"
      },
      {
        "y": 4675797.18,
        "time": "2009/09/01 08:00:00"
      },
      {
        "y": 4826152.054756,
        "time": "2009/09/01 08:15:00"
      },
      {
        "y": 4664655.972,
        "time": "2009/09/01 08:30:00"
      },
      {
        "y": 4660693.704,
        "time": "2009/09/01 08:45:00"
      },
      {
        "y": 4660141.248,
        "time": "2009/09/01 09:00:00"
      },
      {
        "y": 4683191.688,
        "time": "2009/09/01 09:15:00"
      },
      {
        "y": 4680706.464,
        "time": "2009/09/01 09:30:00"
      },
      {
        "y": 4685701.464,
        "time": "2009/09/01 09:45:00"
      },
      {
        "y": 4699347.768,
        "time": "2009/09/01 10:00:00"
      },
      {
        "y": 4694921.82,
        "time": "2009/09/01 10:15:00"
      },
      {
        "y": 4690575.54,
        "time": "2009/09/01 10:30:00"
      },
      {
        "y": 4664114.748,
        "time": "2009/09/01 10:45:00"
      },
      {
        "y": 4682147.976,
        "time": "2009/09/01 11:00:00"
      },
      {
        "y": 4674104.064,
        "time": "2009/09/01 11:15:00"
      },
      {
        "y": 4666035.708,
        "time": "2009/09/01 11:30:00"
      },
      {
        "y": 4682339.46,
        "time": "2009/09/01 11:45:00"
      },
      {
        "y": 4685293.512,
        "time": "2009/09/01 12:00:00"
      },
      {
        "y": 4586285.331025,
        "time": "2009/09/01 12:15:00"
      },
      {
        "y": 4691824.164,
        "time": "2009/09/01 12:30:00"
      },
      {
        "y": 4682819.808,
        "time": "2009/09/01 12:45:00"
      },
      {
        "y": 3068421.084,
        "time": "2009/09/01 13:00:00"
      },
      {
        "y": 5046728.660975,
        "time": "2009/09/01 13:15:00"
      },
      {
        "y": 4950337.824,
        "time": "2009/09/01 13:30:00"
      },
      {
        "y": 4710650.364,
        "time": "2009/09/01 13:45:00"
      },
      {
        "y": 4674824.352,
        "time": "2009/09/01 14:00:00"
      },
      {
        "y": 4895806.68,
        "time": "2009/09/01 14:15:00"
      },
      {
        "y": 4881735.576,
        "time": "2009/09/01 14:30:00"
      },
      {
        "y": 4689839.304,
        "time": "2009/09/01 14:45:00"
      },
      {
        "y": 4691200.248,
        "time": "2009/09/01 15:00:00"
      },
      {
        "y": 4685725.728,
        "time": "2009/09/01 15:15:00"
      },
      {
        "y": 4818584.232,
        "time": "2009/09/01 15:30:00"
      },
      {
        "y": 4980257.1,
        "time": "2009/09/01 15:45:00"
      },
      {
        "y": 4699340.388,
        "time": "2009/09/01 16:00:00"
      },
      {
        "y": 4708777.176,
        "time": "2009/09/01 16:15:00"
      },
      {
        "y": 5012071.956,
        "time": "2009/09/01 16:30:00"
      },
      {
        "y": 4788184.788,
        "time": "2009/09/01 16:45:00"
      },
      {
        "y": 4367734.488,
        "time": "2009/09/01 17:00:00"
      },
      {
        "y": 2741417.492437,
        "time": "2009/09/01 17:15:00"
      },
      {
        "y": 4658111.496,
        "time": "2009/09/01 17:30:00"
      },
      {
        "y": 1594116.036,
        "time": "2009/09/01 17:45:00"
      },
      {
        "y": 274310.915929,
        "time": "2009/09/01 18:00:00"
      },
      {
        "y": 324890.524272,
        "time": "2009/09/01 18:15:00"
      },
      {
        "y": 1987683.732,
        "time": "2009/09/01 18:30:00"
      },
      {
        "y": 1766941.416,
        "time": "2009/09/01 18:45:00"
      },
      {
        "y": 268982.30844,
        "time": "2009/09/01 19:00:00"
      },
      {
        "y": 3491911.296,
        "time": "2009/09/01 19:15:00"
      },
      {
        "y": 269347.9968,
        "time": "2009/09/01 19:30:00"
      },
      {
        "y": 288204.804,
        "time": "2009/09/01 19:45:00"
      },
      {
        "y": 298602.0,
        "time": "2009/09/01 20:00:00"
      },
      {
        "y": 331162.2684,
        "time": "2009/09/01 20:15:00"
      },
      {
        "y": 305606.12004,
        "time": "2009/09/01 20:30:00"
      },
      {
        "y": 3499905.348,
        "time": "2009/09/01 20:45:00"
      },
      {
        "y": 343809.216,
        "time": "2009/09/01 21:00:00"
      },
      {
        "y": 304148.76804,
        "time": "2009/09/01 21:15:00"
      },
      {
        "y": 304444.29204,
        "time": "2009/09/01 21:30:00"
      },
      {
        "y": 836354.484,
        "time": "2009/09/01 21:45:00"
      },
      {
        "y": 2949403.104,
        "time": "2009/09/01 22:00:00"
      },
      {
        "y": 257901.229983,
        "time": "2009/09/01 22:15:00"
      },
      {
        "y": 268470.67644,
        "time": "2009/09/01 22:30:00"
      },
      {
        "y": 3223739.736,
        "time": "2009/09/01 22:45:00"
      },
      {
        "y": 267790.96044,
        "time": "2009/09/01 23:00:00"
      },
      {
        "y": 3170337.440403,
        "time": "2009/09/01 23:15:00"
      },
      {
        "y": 267894.39204,
        "time": "2009/09/01 23:30:00"
      },
      {
        "y": 268422.6528,
        "time": "2009/09/01 23:45:00"
      }
    ],
    "cvrmse": 9.930744,
    "nmbe": 1.009576
  },
  {
    "name": " Metered",
    "type": "InteriorEquipment:Electricity",
    "color": "red",
    "units": "J",
    "displayname": "Equipment Consumption",
    "data": [
      {
        "y": 4673710.728,
        "time": "2009/09/01 00:00:00"
      },
      {
        "y": 4663103.58,
        "time": "2009/09/01 00:15:00"
      },
      {
        "y": 4661519.544,
        "time": "2009/09/01 00:30:00"
      },
      {
        "y": 4664050.416,
        "time": "2009/09/01 00:45:00"
      },
      {
        "y": 4660767.936,
        "time": "2009/09/01 01:00:00"
      },
      {
        "y": 4679322.084,
        "time": "2009/09/01 01:15:00"
      },
      {
        "y": 4663889.352,
        "time": "2009/09/01 01:30:00"
      },
      {
        "y": 4666314.168,
        "time": "2009/09/01 01:45:00"
      },
      {
        "y": 4673381.58,
        "time": "2009/09/01 02:00:00"
      },
      {
        "y": 4671981.612,
        "time": "2009/09/01 02:15:00"
      },
      {
        "y": 4664777.796,
        "time": "2009/09/01 02:30:00"
      },
      {
        "y": 4658398.236,
        "time": "2009/09/01 02:45:00"
      },
      {
        "y": 4659430.788,
        "time": "2009/09/01 03:00:00"
      },
      {
        "y": 4670891.28,
        "time": "2009/09/01 03:15:00"
      },
      {
        "y": 4667066.712,
        "time": "2009/09/01 03:30:00"
      },
      {
        "y": 4670084.88,
        "time": "2009/09/01 03:45:00"
      },
      {
        "y": 4664624.652,
        "time": "2009/09/01 04:00:00"
      },
      {
        "y": 4655132.136,
        "time": "2009/09/01 04:15:00"
      },
      {
        "y": 4658069.412,
        "time": "2009/09/01 04:30:00"
      },
      {
        "y": 4654251.396,
        "time": "2009/09/01 04:45:00"
      },
      {
        "y": 4655869.092,
        "time": "2009/09/01 05:00:00"
      },
      {
        "y": 4656645.108,
        "time": "2009/09/01 05:15:00"
      },
      {
        "y": 4652939.52,
        "time": "2009/09/01 05:30:00"
      },
      {
        "y": 4644038.484,
        "time": "2009/09/01 05:45:00"
      },
      {
        "y": 4657413.204,
        "time": "2009/09/01 06:00:00"
      },
      {
        "y": 4666850.172,
        "time": "2009/09/01 06:15:00"
      },
      {
        "y": 4664760.696,
        "time": "2009/09/01 06:30:00"
      },
      {
        "y": 4654581.804,
        "time": "2009/09/01 06:45:00"
      },
      {
        "y": 4665732.48,
        "time": "2009/09/01 07:00:00"
      },
      {
        "y": 4669548.768,
        "time": "2009/09/01 07:15:00"
      },
      {
        "y": 4666730.04,
        "time": "2009/09/01 07:30:00"
      },
      {
        "y": 4674188.664,
        "time": "2009/09/01 07:45:00"
      },
      {
        "y": 4675797.18,
        "time": "2009/09/01 08:00:00"
      },
      {
        "y": 4670603.316,
        "time": "2009/09/01 08:15:00"
      },
      {
        "y": 4664655.972,
        "time": "2009/09/01 08:30:00"
      },
      {
        "y": 4660693.704,
        "time": "2009/09/01 08:45:00"
      },
      {
        "y": 4660141.248,
        "time": "2009/09/01 09:00:00"
      },
      {
        "y": 4683191.688,
        "time": "2009/09/01 09:15:00"
      },
      {
        "y": 4680706.464,
        "time": "2009/09/01 09:30:00"
      },
      {
        "y": 4685701.464,
        "time": "2009/09/01 09:45:00"
      },
      {
        "y": 4699347.768,
        "time": "2009/09/01 10:00:00"
      },
      {
        "y": 4694921.82,
        "time": "2009/09/01 10:15:00"
      },
      {
        "y": 4690575.54,
        "time": "2009/09/01 10:30:00"
      },
      {
        "y": 4664114.748,
        "time": "2009/09/01 10:45:00"
      },
      {
        "y": 4682147.976,
        "time": "2009/09/01 11:00:00"
      },
      {
        "y": 4674104.064,
        "time": "2009/09/01 11:15:00"
      },
      {
        "y": 4666035.708,
        "time": "2009/09/01 11:30:00"
      },
      {
        "y": 4682339.46,
        "time": "2009/09/01 11:45:00"
      },
      {
        "y": 4685293.512,
        "time": "2009/09/01 12:00:00"
      },
      {
        "y": 4676024.988,
        "time": "2009/09/01 12:15:00"
      },
      {
        "y": 4691824.164,
        "time": "2009/09/01 12:30:00"
      },
      {
        "y": 4682819.808,
        "time": "2009/09/01 12:45:00"
      },
      {
        "y": 3068421.084,
        "time": "2009/09/01 13:00:00"
      },
      {
        "y": 4956989.004,
        "time": "2009/09/01 13:15:00"
      },
      {
        "y": 4950337.824,
        "time": "2009/09/01 13:30:00"
      },
      {
        "y": 4710650.364,
        "time": "2009/09/01 13:45:00"
      },
      {
        "y": 4674824.352,
        "time": "2009/09/01 14:00:00"
      },
      {
        "y": 4895806.68,
        "time": "2009/09/01 14:15:00"
      },
      {
        "y": 4881735.576,
        "time": "2009/09/01 14:30:00"
      },
      {
        "y": 4689839.304,
        "time": "2009/09/01 14:45:00"
      },
      {
        "y": 4691200.248,
        "time": "2009/09/01 15:00:00"
      },
      {
        "y": 4685725.728,
        "time": "2009/09/01 15:15:00"
      },
      {
        "y": 4818584.232,
        "time": "2009/09/01 15:30:00"
      },
      {
        "y": 4980257.1,
        "time": "2009/09/01 15:45:00"
      },
      {
        "y": 4699340.388,
        "time": "2009/09/01 16:00:00"
      },
      {
        "y": 4708777.176,
        "time": "2009/09/01 16:15:00"
      },
      {
        "y": 5012071.956,
        "time": "2009/09/01 16:30:00"
      },
      {
        "y": 4788184.788,
        "time": "2009/09/01 16:45:00"
      },
      {
        "y": 4367734.488,
        "time": "2009/09/01 17:00:00"
      },
      {
        "y": 2873035.656,
        "time": "2009/09/01 17:15:00"
      },
      {
        "y": 4658111.496,
        "time": "2009/09/01 17:30:00"
      },
      {
        "y": 1594116.036,
        "time": "2009/09/01 17:45:00"
      },
      {
        "y": 268502.17284,
        "time": "2009/09/01 18:00:00"
      },
      {
        "y": 368563.824,
        "time": "2009/09/01 18:15:00"
      },
      {
        "y": 1987683.732,
        "time": "2009/09/01 18:30:00"
      },
      {
        "y": 1766941.416,
        "time": "2009/09/01 18:45:00"
      },
      {
        "y": 268982.30844,
        "time": "2009/09/01 19:00:00"
      },
      {
        "y": 3491911.296,
        "time": "2009/09/01 19:15:00"
      },
      {
        "y": 269347.9968,
        "time": "2009/09/01 19:30:00"
      },
      {
        "y": 288204.804,
        "time": "2009/09/01 19:45:00"
      },
      {
        "y": 298602.0,
        "time": "2009/09/01 20:00:00"
      },
      {
        "y": 331162.2684,
        "time": "2009/09/01 20:15:00"
      },
      {
        "y": 305606.12004,
        "time": "2009/09/01 20:30:00"
      },
      {
        "y": 3499905.348,
        "time": "2009/09/01 20:45:00"
      },
      {
        "y": 343809.216,
        "time": "2009/09/01 21:00:00"
      },
      {
        "y": 304148.76804,
        "time": "2009/09/01 21:15:00"
      },
      {
        "y": 304444.29204,
        "time": "2009/09/01 21:30:00"
      },
      {
        "y": 836354.484,
        "time": "2009/09/01 21:45:00"
      },
      {
        "y": 2949403.104,
        "time": "2009/09/01 22:00:00"
      },
      {
        "y": 268071.72444,
        "time": "2009/09/01 22:15:00"
      },
      {
        "y": 268470.67644,
        "time": "2009/09/01 22:30:00"
      },
      {
        "y": 3223739.736,
        "time": "2009/09/01 22:45:00"
      },
      {
        "y": 267790.96044,
        "time": "2009/09/01 23:00:00"
      },
      {
        "y": 3182302.728,
        "time": "2009/09/01 23:15:00"
      },
      {
        "y": 267894.39204,
        "time": "2009/09/01 23:30:00"
      },
      {
        "y": 268422.6528,
        "time": "2009/09/01 23:45:00"
      }
    ],
    "cvrmse": 9.930744,
    "nmbe": 1.009576
  }
]