Time,ROOM 102:OAK RIDGE ANN HTG 99.6% CONDNS DB:Des Heat Load [W],ROOM 102:OAK RIDGE ANN CLG 2% CONDNS DB=>MWB:Des Sens Cool Load [W],ROOM 102:OAK RIDGE ANN HTG 99.6% CONDNS DB:Des Heat Mass Flow [kg/s],ROOM 102:OAK RIDGE ANN CLG 2% CONDNS DB=>MWB:Des Cool Mass Flow [kg/s],ROOM 103:OAK RIDGE ANN HTG 99.6% CONDNS DB:Des Heat Load [W],ROOM 103:OAK RIDGE ANN CLG 2% CONDNS DB=>MWB:Des Sens Cool Load [W],ROOM 103:OAK RIDGE ANN HTG 99.6% CONDNS DB:Des Heat Mass Flow [kg/s],ROOM 103:OAK RIDGE ANN CLG 2% CONDNS DB=>MWB:Des Cool Mass Flow [kg/s],ROOM 104:OAK RIDGE ANN HTG 99.6% CONDNS DB:Des Heat Load [W],ROOM 104:OAK RIDGE ANN CLG 2% CONDNS DB=>MWB:Des Sens Cool Load [W],ROOM 104:OAK RIDGE ANN HTG 99.6% CONDNS DB:Des Heat Mass Flow [kg/s],ROOM 104:OAK RIDGE ANN CLG 2% CONDNS DB=>MWB:Des Cool Mass Flow [kg/s],ROOM 105:OAK RIDGE ANN HTG 99.6% CONDNS DB:Des Heat Load [W],ROOM 105:OAK RIDGE ANN CLG 2% CONDNS DB=>MWB:Des Sens Cool Load [W],ROOM 105:OAK RIDGE ANN HTG 99.6% CONDNS DB:Des Heat Mass Flow [kg/s],ROOM 105:OAK RIDGE ANN CLG 2% CONDNS DB=>MWB:Des Cool Mass Flow [kg/s],ROOM 106:OAK RIDGE ANN HTG 99.6% CONDNS DB:Des Heat Load [W],ROOM 106:OAK RIDGE ANN CLG 2% CONDNS DB=>MWB:Des Sens Cool Load [W],ROOM 106:OAK RIDGE ANN HTG 99.6% CONDNS DB:Des Heat Mass Flow [kg/s],ROOM 106:OAK RIDGE ANN CLG 2% CONDNS DB=>MWB:Des Cool Mass Flow [kg/s],ROOM 202:OAK RIDGE ANN HTG 99.6% CONDNS DB:Des Heat Load [W],ROOM 202:OAK RIDGE ANN CLG 2% CONDNS DB=>MWB:Des Sens Cool Load [W],ROOM 202:OAK RIDGE ANN HTG 99.6% CONDNS DB:Des Heat Mass Flow [kg/s],ROOM 202:OAK RIDGE ANN CLG 2% CONDNS DB=>MWB:Des Cool Mass Flow [kg/s],ROOM 203:OAK RIDGE ANN HTG 99.6% CONDNS DB:Des Heat Load [W],ROOM 203:OAK RIDGE ANN CLG 2% CONDNS DB=>MWB:Des Sens Cool Load [W],ROOM 203:OAK RIDGE ANN HTG 99.6% CONDNS DB:Des Heat Mass Flow [kg/s],ROOM 203:OAK RIDGE ANN CLG 2% CONDNS DB=>MWB:Des Cool Mass Flow [kg/s],ROOM 204:OAK RIDGE ANN HTG 99.6% CONDNS DB:Des Heat Load [W],ROOM 204:OAK RIDGE ANN CLG 2% CONDNS DB=>MWB:Des Sens Cool Load [W],ROOM 204:OAK RIDGE ANN HTG 99.6% CONDNS DB:Des Heat Mass Flow [kg/s],ROOM 204:OAK RIDGE ANN CLG 2% CONDNS DB=>MWB:Des Cool Mass Flow [kg/s],ROOM 205:OAK RIDGE ANN HTG 99.6% CONDNS DB:Des Heat Load [W],ROOM 205:OAK RIDGE ANN CLG 2% CONDNS DB=>MWB:Des Sens Cool Load [W],ROOM 205:OAK RIDGE ANN HTG 99.6% CONDNS DB:Des Heat Mass Flow [kg/s],ROOM 205:OAK RIDGE ANN CLG 2% CONDNS DB=>MWB:Des Cool Mass Flow [kg/s],ROOM 206:OAK RIDGE ANN HTG 99.6% CONDNS DB:Des Heat Load [W],ROOM 206:OAK RIDGE ANN CLG 2% CONDNS DB=>MWB:Des Sens Cool Load [W],ROOM 206:OAK RIDGE ANN HTG 99.6% CONDNS DB:Des Heat Mass Flow [kg/s],ROOM 206:OAK RIDGE ANN CLG 2% CONDNS DB=>MWB:Des Cool Mass Flow [kg/s]
00:15:00,9.335261E+02,0.000000E+00,2.633191E-02,0.000000E+00,0.000000E+00,0.000000E+00,0.000000E+00,0.000000E+00,1.003717E+03,0.000000E+00,2.831658E-02,0.000000E+00,2.914930E+02,0.000000E+00,8.227691E-03,0.000000E+00,9.870372E+02,0.000000E+00,2.784955E-02,0.000000E+00,2.771035E+02,0.000000E+00,7.820184E-03,0.000000E+00,5.806588E+02,0.000000E+00,1.638179E-02,0.000000E+00,1.760878E+03,0.000000E+00,4.966911E-02,0.000000E+00,1.818225E+03,0.000000E+00,5.128730E-02,0.000000E+00,1.983435E+03,0.000000E+00,5.594632E-02,0.000000E+00
00:30:00,9.520361E+02,0.000000E+00,2.685354E-02,0.000000E+00,0.000000E+00,0.000000E+00,0.000000E+00,0.000000E+00,1.026990E+03,0.000000E+00,2.897278E-02,0.000000E+00,3.706387E+02,0.000000E+00,1.045960E-02,0.000000E+00,1.054969E+03,0.000000E+00,2.976552E-02,0.000000E+00,3.075354E+02,0.000000E+00,8.678920E-03,0.000000E+00,6.005685E+02,0.000000E+00,1.694347E-02,0.000000E+00,1.792100E+03,0.000000E+00,5.054951E-02,0.000000E+00,1.849398E+03,0.000000E+00,5.216624E-02,0.000000E+00,2.013738E+03,0.000000E+00,5.680099E-02,0.000000E+00
00:45:00,9.672556E+02,0.000000E+00,2.728250E-02,0.000000E+00,0.000000E+00,0.000000E+00,0.000000E+00,0.000000E+00,1.046159E+03,0.000000E+00,2.951341E-02,0.000000E+00,4.345888E+02,0.000000E+00,1.226401E-02,0.000000E+00,1.105802E+03,0.000000E+00,3.119920E-02,0.000000E+00,3.315961E+02,0.000000E+00,9.357848E-03,0.000000E+00,6.170554E+02,0.000000E+00,1.740863E-02,0.000000E+00,1.818438E+03,0.000000E+00,5.129241E-02,0.000000E+00,1.875400E+03,0.000000E+00,5.289947E-02,0.000000E+00,2.039022E+03,0.000000E+00,5.751428E-02,0.000000E+00
01:00:00,9.798147E+02,0.000000E+00,2.763661E-02,0.000000E+00,0.000000E+00,0.000000E+00,0.000000E+00,0.000000E+00,1.062660E+03,0.000000E+00,2.997877E-02,0.000000E+00,4.839808E+02,0.000000E+00,1.365760E-02,0.000000E+00,1.144221E+03,0.000000E+00,3.228268E-02,0.000000E+00,3.514876E+02,0.000000E+00,9.919137E-03,0.000000E+00,6.307074E+02,0.000000E+00,1.779379E-02,0.000000E+00,1.841002E+03,0.000000E+00,5.192895E-02,0.000000E+00,1.897262E+03,0.000000E+00,5.351600E-02,0.000000E+00,2.060404E+03,0.000000E+00,5.811752E-02,0.000000E+00
01:15:00,9.930417E+02,0.000000E+00,2.800960E-02,0.000000E+00,0.000000E+00,0.000000E+00,0.000000E+00,0.000000E+00,1.079546E+03,0.000000E+00,3.045502E-02,0.000000E+00,5.322814E+02,0.000000E+00,1.502038E-02,0.000000E+00,1.177241E+03,0.000000E+00,3.321374E-02,0.000000E+00,3.685025E+02,0.000000E+00,1.039926E-02,0.000000E+00,6.420796E+02,0.000000E+00,1.811461E-02,0.000000E+00,1.860410E+03,0.000000E+00,5.247662E-02,0.000000E+00,1.915867E+03,0.000000E+00,5.404072E-02,0.000000E+00,2.078835E+03,0.000000E+00,5.863751E-02,0.000000E+00
01:30:00,1.004953E+03,0.000000E+00,2.834552E-02,0.000000E+00,0.000000E+00,0.000000E+00,0.000000E+00,0.000000E+00,1.094334E+03,0.000000E+00,3.087208E-02,0.000000E+00,5.730846E+02,0.000000E+00,1.617162E-02,0.000000E+00,1.204769E+03,0.000000E+00,3.398983E-02,0.000000E+00,3.832391E+02,0.000000E+00,1.081510E-02,0.000000E+00,6.515538E+02,0.000000E+00,1.838191E-02,0.000000E+00,1.877210E+03,0.000000E+00,5.295066E-02,0.000000E+00,1.932013E+03,0.000000E+00,5.449623E-02,0.000000E+00,2.094785E+03,0.000000E+00,5.908750E-02,0.000000E+00
01:45:00,1.015640E+03,0.000000E+00,2.864702E-02,0.000000E+00,0.000000E+00,0.000000E+00,0.000000E+00,0.000000E+00,1.107477E+03,0.000000E+00,3.124275E-02,0.000000E+00,6.080908E+02,0.000000E+00,1.715929E-02,0.000000E+00,1.228622E+03,0.000000E+00,3.466249E-02,0.000000E+00,3.960777E+02,0.000000E+00,1.117740E-02,0.000000E+00,6.596918E+02,0.000000E+00,1.861151E-02,0.000000E+00,1.892023E+03,0.000000E+00,5.336860E-02,0.000000E+00,1.946242E+03,0.000000E+00,5.489773E-02,0.000000E+00,2.109015E+03,0.000000E+00,5.948898E-02,0.000000E+00
02:00:00,1.025190E+03,0.000000E+00,2.891642E-02,0.000000E+00,0.000000E+00,0.000000E+00,0.000000E+00,0.000000E+00,1.119237E+03,0.000000E+00,3.157438E-02,0.000000E+00,6.382904E+02,0.000000E+00,1.801134E-02,0.000000E+00,1.250182E+03,0.000000E+00,3.527061E-02,0.000000E+00,4.074721E+02,0.000000E+00,1.149895E-02,0.000000E+00,6.668844E+02,0.000000E+00,1.881447E-02,0.000000E+00,1.905388E+03,0.000000E+00,5.374568E-02,0.000000E+00,1.959125E+03,0.000000E+00,5.526124E-02,0.000000E+00,2.121895E+03,0.000000E+00,5.985234E-02,0.000000E+00
02:15:00,1.033799E+03,0.000000E+00,2.915926E-02,0.000000E+00,0.000000E+00,0.000000E+00,0.000000E+00,0.000000E+00,1.130031E+03,0.000000E+00,3.187882E-02,0.000000E+00,6.650419E+02,0.000000E+00,1.876610E-02,0.000000E+00,1.270530E+03,0.000000E+00,3.584478E-02,0.000000E+00,4.177419E+02,0.000000E+00,1.178876E-02,0.000000E+00,6.732940E+02,0.000000E+00,1.899534E-02,0.000000E+00,1.917576E+03,0.000000E+00,5.408955E-02,0.000000E+00,1.970921E+03,0.000000E+00,5.559406E-02,0.000000E+00,2.133739E+03,0.000000E+00,6.018648E-02,0.000000E+00
02:30:00,1.041626E+03,0.000000E+00,2.938001E-02,0.000000E+00,0.000000E+00,0.000000E+00,0.000000E+00,0.000000E+00,1.139895E+03,0.000000E+00,3.215702E-02,0.000000E+00,6.891117E+02,0.000000E+00,1.944519E-02,0.000000E+00,1.288867E+03,0.000000E+00,3.636235E-02,0.000000E+00,4.271463E+02,0.000000E+00,1.205415E-02,0.000000E+00,6.791004E+02,0.000000E+00,1.915919E-02,0.000000E+00,1.928838E+03,0.000000E+00,5.440730E-02,0.000000E+00,1.981876E+03,0.000000E+00,5.590315E-02,0.000000E+00,2.144783E+03,0.000000E+00,6.049804E-02,0.000000E+00
02:45:00,1.048754E+03,0.000000E+00,2.958105E-02,0.000000E+00,0.000000E+00,0.000000E+00,0.000000E+00,0.000000E+00,1.148910E+03,0.000000E+00,3.241129E-02,0.000000E+00,7.107246E+02,0.000000E+00,2.005495E-02,0.000000E+00,1.305525E+03,0.000000E+00,3.683242E-02,0.000000E+00,4.358755E+02,0.000000E+00,1.230049E-02,0.000000E+00,6.844356E+02,0.000000E+00,1.930973E-02,0.000000E+00,1.939370E+03,0.000000E+00,5.470441E-02,0.000000E+00,1.992174E+03,0.000000E+00,5.619370E-02,0.000000E+00,2.155199E+03,0.000000E+00,6.079189E-02,0.000000E+00
03:00:00,1.055312E+03,0.000000E+00,2.976598E-02,0.000000E+00,0.000000E+00,0.000000E+00,0.000000E+00,0.000000E+00,1.157235E+03,0.000000E+00,3.264606E-02,0.000000E+00,7.304991E+02,0.000000E+00,2.061285E-02,0.000000E+00,1.320914E+03,0.000000E+00,3.726671E-02,0.000000E+00,4.440704E+02,0.000000E+00,1.253176E-02,0.000000E+00,6.894001E+02,0.000000E+00,1.944982E-02,0.000000E+00,1.949314E+03,0.000000E+00,5.498497E-02,0.000000E+00,2.001950E+03,0.000000E+00,5.646950E-02,0.000000E+00,2.165113E+03,0.000000E+00,6.107155E-02,0.000000E+00
03:15:00,1.057015E+03,0.000000E+00,2.981399E-02,0.000000E+00,0.000000E+00,0.000000E+00,0.000000E+00,0.000000E+00,1.161395E+03,0.000000E+00,3.276332E-02,0.000000E+00,7.433189E+02,0.000000E+00,2.097450E-02,0.000000E+00,1.327908E+03,0.000000E+00,3.746414E-02,0.000000E+00,4.507754E+02,0.000000E+00,1.272098E-02,0.000000E+00,6.896622E+02,0.000000E+00,1.945723E-02,0.000000E+00,1.954344E+03,0.000000E+00,5.512687E-02,0.000000E+00,2.003199E+03,0.000000E+00,5.650477E-02,0.000000E+00,2.169362E+03,0.000000E+00,6.119142E-02,0.000000E+00
03:30:00,1.055097E+03,0.000000E+00,2.975992E-02,0.000000E+00,0.000000E+00,0.000000E+00,0.000000E+00,0.000000E+00,1.162326E+03,0.000000E+00,3.278954E-02,0.000000E+00,7.506746E+02,0.000000E+00,2.118201E-02,0.000000E+00,1.328617E+03,0.000000E+00,3.748427E-02,0.000000E+00,4.559521E+02,0.000000E+00,1.286707E-02,0.000000E+00,6.867042E+02,0.000000E+00,1.937383E-02,0.000000E+00,1.955838E+03,0.000000E+00,5.516910E-02,0.000000E+00,1.998747E+03,0.000000E+00,5.637935E-02,0.000000E+00,2.169761E+03,0.000000E+00,6.120279E-02,0.000000E+00
03:45:00,1.050887E+03,0.000000E+00,2.964121E-02,0.000000E+00,0.000000E+00,0.000000E+00,0.000000E+00,0.000000E+00,1.161157E+03,0.000000E+00,3.275659E-02,0.000000E+00,7.543308E+02,0.000000E+00,2.128516E-02,0.000000E+00,1.324818E+03,0.000000E+00,3.737715E-02,0.000000E+00,4.598637E+02,0.000000E+00,1.297746E-02,0.000000E+00,6.818705E+02,0.000000E+00,1.923752E-02,0.000000E+00,1.955109E+03,0.000000E+00,5.514865E-02,0.000000E+00,1.991228E+03,0.000000E+00,5.616739E-02,0.000000E+00,2.167926E+03,0.000000E+00,6.115112E-02,0.000000E+00
04:00:00,1.044959E+03,0.000000E+00,2.947405E-02,0.000000E+00,0.000000E+00,0.000000E+00,0.000000E+00,0.000000E+00,1.158421E+03,0.000000E+00,3.267946E-02,0.000000E+00,7.551838E+02,0.000000E+00,2.130923E-02,0.000000E+00,1.317528E+03,0.000000E+00,3.717149E-02,0.000000E+00,4.627480E+02,0.000000E+00,1.305886E-02,0.000000E+00,6.757120E+02,0.000000E+00,1.906383E-02,0.000000E+00,1.952743E+03,0.000000E+00,5.508199E-02,0.000000E+00,1.981565E+03,0.000000E+00,5.589496E-02,0.000000E+00,2.164519E+03,0.000000E+00,6.105511E-02,0.000000E+00
04:15:00,1.042052E+03,0.000000E+00,2.939209E-02,0.000000E+00,0.000000E+00,0.000000E+00,0.000000E+00,0.000000E+00,1.157987E+03,0.000000E+00,3.266730E-02,0.000000E+00,7.591543E+02,0.000000E+00,2.142128E-02,0.000000E+00,1.314563E+03,0.000000E+00,3.708784E-02,0.000000E+00,4.658663E+02,0.000000E+00,1.314687E-02,0.000000E+00,6.729890E+02,0.000000E+00,1.898705E-02,0.000000E+00,1.953559E+03,0.000000E+00,5.510508E-02,0.000000E+00,1.978440E+03,0.000000E+00,5.580693E-02,0.000000E+00,2.165196E+03,0.000000E+00,6.107429E-02,0.000000E+00
04:30:00,1.041254E+03,0.000000E+00,2.936956E-02,0.000000E+00,0.000000E+00,0.000000E+00,0.000000E+00,0.000000E+00,1.159206E+03,0.000000E+00,3.270173E-02,0.000000E+00,7.652972E+02,0.000000E+00,2.159462E-02,0.000000E+00,1.314465E+03,0.000000E+00,3.708497E-02,0.000000E+00,4.694910E+02,0.000000E+00,1.324916E-02,0.000000E+00,6.725070E+02,0.000000E+00,1.897344E-02,0.000000E+00,1.956521E+03,0.000000E+00,5.518864E-02,0.000000E+00,1.979468E+03,0.000000E+00,5.583592E-02,0.000000E+00,2.168469E+03,0.000000E+00,6.116660E-02,0.000000E+00
04:45:00,1.041518E+03,0.000000E+00,2.937696E-02,0.000000E+00,0.000000E+00,0.000000E+00,0.000000E+00,0.000000E+00,1.161245E+03,0.000000E+00,3.275923E-02,0.000000E+00,7.725382E+02,0.000000E+00,2.179891E-02,0.000000E+00,1.316064E+03,0.000000E+00,3.713002E-02,0.000000E+00,4.735367E+02,0.000000E+00,1.336334E-02,0.000000E+00,6.731251E+02,0.000000E+00,1.899086E-02,0.000000E+00,1.960566E+03,0.000000E+00,5.530271E-02,0.000000E+00,1.982322E+03,0.000000E+00,5.591637E-02,0.000000E+00,2.172951E+03,0.000000E+00,6.129301E-02,0.000000E+00
05:00:00,1.042462E+03,0.000000E+00,2.940355E-02,0.000000E+00,0.000000E+00,0.000000E+00,0.000000E+00,0.000000E+00,1.163753E+03,0.000000E+00,3.282997E-02,0.000000E+00,7.803059E+02,0.000000E+00,2.201805E-02,0.000000E+00,1.318762E+03,0.000000E+00,3.720609E-02,0.000000E+00,4.779065E+02,0.000000E+00,1.348665E-02,0.000000E+00,6.744404E+02,0.000000E+00,1.902795E-02,0.000000E+00,1.965293E+03,0.000000E+00,5.543603E-02,0.000000E+00,1.986292E+03,0.000000E+00,5.602830E-02,0.000000E+00,2.178143E+03,0.000000E+00,6.143942E-02,0.000000E+00
05:15:00,1.043874E+03,0.000000E+00,2.944335E-02,0.000000E+00,0.000000E+00,0.000000E+00,0.000000E+00,0.000000E+00,1.166595E+03,0.000000E+00,3.291012E-02,0.000000E+00,7.884143E+02,0.000000E+00,2.224681E-02,0.000000E+00,1.322218E+03,0.000000E+00,3.730356E-02,0.000000E+00,4.825097E+02,0.000000E+00,1.361655E-02,0.000000E+00,6.762086E+02,0.000000E+00,1.907783E-02,0.000000E+00,1.970459E+03,0.000000E+00,5.558173E-02,0.000000E+00,1.990955E+03,0.000000E+00,5.615983E-02,0.000000E+00,2.183763E+03,0.000000E+00,6.159791E-02,0.000000E+00
05:30:00,1.045617E+03,0.000000E+00,2.949249E-02,0.000000E+00,0.000000E+00,0.000000E+00,0.000000E+00,0.000000E+00,1.169674E+03,0.000000E+00,3.299695E-02,0.000000E+00,7.967303E+02,0.000000E+00,2.248142E-02,0.000000E+00,1.326215E+03,0.000000E+00,3.741628E-02,0.000000E+00,4.872687E+02,0.000000E+00,1.375085E-02,0.000000E+00,6.782774E+02,0.000000E+00,1.913619E-02,0.000000E+00,1.975904E+03,0.000000E+00,5.573532E-02,0.000000E+00,1.996057E+03,0.000000E+00,5.630371E-02,0.000000E+00,2.189637E+03,0.000000E+00,6.176359E-02,0.000000E+00
05:45:00,1.047581E+03,0.000000E+00,2.954787E-02,0.000000E+00,0.000000E+00,0.000000E+00,0.000000E+00,0.000000E+00,1.172890E+03,0.000000E+00,3.308764E-02,0.000000E+00,8.050563E+02,0.000000E+00,2.271631E-02,0.000000E+00,1.330548E+03,0.000000E+00,3.753852E-02,0.000000E+00,4.921232E+02,0.000000E+00,1.388784E-02,0.000000E+00,6.805447E+02,0.000000E+00,1.920015E-02,0.000000E+00,1.981519E+03,0.000000E+00,5.589371E-02,0.000000E+00,2.001429E+03,0.000000E+00,5.645523E-02,0.000000E+00,2.195652E+03,0.000000E+00,6.193326E-02,0.000000E+00
06:00:00,1.049705E+03,0.000000E+00,2.960777E-02,0.000000E+00,0.000000E+00,0.000000E+00,0.000000E+00,0.000000E+00,1.176207E+03,0.000000E+00,3.318119E-02,0.000000E+00,8.133839E+02,0.000000E+00,2.295124E-02,0.000000E+00,1.335131E+03,0.000000E+00,3.766782E-02,0.000000E+00,4.970285E+02,0.000000E+00,1.402626E-02,0.000000E+00,6.829407E+02,0.000000E+00,1.926774E-02,0.000000E+00,1.987229E+03,0.000000E+00,5.605476E-02,0.000000E+00,2.006960E+03,0.000000E+00,5.661126E-02,0.000000E+00,2.201735E+03,0.000000E+00,6.210484E-02,0.000000E+00
06:15:00,1.051942E+03,0.000000E+00,2.967084E-02,0.000000E+00,0.000000E+00,0.000000E+00,0.000000E+00,0.000000E+00,1.179594E+03,0.000000E+00,3.327671E-02,0.000000E+00,8.216905E+02,0.000000E+00,2.318559E-02,0.000000E+00,1.339894E+03,0.000000E+00,3.780217E-02,0.000000E+00,5.019514E+02,0.000000E+00,1.416518E-02,0.000000E+00,6.854164E+02,0.000000E+00,1.933758E-02,0.000000E+00,1.992979E+03,0.000000E+00,5.621697E-02,0.000000E+00,2.012577E+03,0.000000E+00,5.676968E-02,0.000000E+00,2.207835E+03,0.000000E+00,6.227689E-02,0.000000E+00
06:30:00,1.054243E+03,0.000000E+00,2.973573E-02,0.000000E+00,0.000000E+00,0.000000E+00,0.000000E+00,0.000000E+00,1.183001E+03,0.000000E+00,3.337278E-02,0.000000E+00,8.298688E+02,0.000000E+00,2.341631E-02,0.000000E+00,1.344743E+03,0.000000E+00,3.793899E-02,0.000000E+00,5.068670E+02,0.000000E+00,1.430390E-02,0.000000E+00,6.879371E+02,0.000000E+00,1.940870E-02,0.000000E+00,1.998733E+03,0.000000E+00,5.637927E-02,0.000000E+00,2.018227E+03,0.000000E+00,5.692905E-02,0.000000E+00,2.213917E+03,0.000000E+00,6.244845E-02,0.000000E+00
06:45:00,1.213467E+03,0.000000E+00,3.467591E-02,0.000000E+00,2.970242E+01,0.000000E+00,8.836736E-04,0.000000E+00,1.427907E+03,0.000000E+00,4.077549E-02,0.000000E+00,1.256986E+03,0.000000E+00,3.608342E-02,0.000000E+00,1.697919E+03,0.000000E+00,4.858881E-02,0.000000E+00,7.114799E+02,0.000000E+00,2.034385E-02,0.000000E+00,8.096558E+02,0.000000E+00,2.315332E-02,0.000000E+00,2.283686E+03,0.000000E+00,6.521939E-02,0.000000E+00,2.303960E+03,0.000000E+00,6.579834E-02,0.000000E+00,2.511019E+03,0.000000E+00,7.171395E-02,0.000000E+00
07:00:00,1.389857E+03,0.000000E+00,4.061238E-02,0.000000E+00,7.660662E+01,0.000000E+00,2.308306E-03,0.000000E+00,1.662817E+03,0.000000E+00,4.855883E-02,0.000000E+00,1.711643E+03,0.000000E+00,5.036294E-02,0.000000E+00,2.139805E+03,0.000000E+00,6.276256E-02,0.000000E+00,9.204847E+02,0.000000E+00,2.697273E-02,0.000000E+00,9.450137E+02,0.000000E+00,2.764462E-02,0.000000E+00,2.568099E+03,0.000000E+00,7.495281E-02,0.000000E+00,2.589211E+03,0.000000E+00,7.556780E-02,0.000000E+00,2.806235E+03,0.000000E+00,8.189220E-02,0.000000E+00
07:15:00,1.588840E+03,0.000000E+00,4.747904E-02,0.000000E+00,1.502284E+02,1.919385E+01,4.581056E-03,1.199759E-03,1.938240E+03,0.000000E+00,5.787815E-02,0.000000E+00,2.222995E+03,0.000000E+00,6.674675E-02,0.000000E+00,2.617542E+03,1.427691E+02,7.845512E-02,8.907155E-03,1.154609E+03,1.976488E+01,3.456036E-02,1.244384E-03,1.092372E+03,3.415629E+00,3.266929E-02,2.179142E-04,2.888755E+03,0.000000E+00,8.622267E-02,0.000000E+00,2.910524E+03,0.000000E+00,8.687107E-02,0.000000E+00,3.137237E+03,3.055879E+01,9.362655E-02,1.958666E-03
07:30:00,1.800014E+03,5.997939E+00,5.496241E-02,3.999343E-04,2.377852E+02,6.682026E+01,7.329113E-03,4.270510E-03,2.227171E+03,0.000000E+00,6.791218E-02,0.000000E+00,2.770210E+03,0.000000E+00,8.462660E-02,0.000000E+00,3.110981E+03,4.807290E+02,9.505444E-02,3.096821E-02,1.394642E+03,8.382798E+01,4.252000E-02,5.381269E-03,1.245555E+03,4.034324E+01,3.803932E-02,2.614534E-03,3.222626E+03,0.000000E+00,9.832413E-02,0.000000E+00,3.245118E+03,0.000000E+00,9.901069E-02,0.000000E+00,3.482349E+03,1.641981E+02,1.062528E-01,1.064692E-02
07:45:00,1.955395E+03,1.090942E+02,6.144836E-02,7.531930E-03,3.833062E+02,1.896414E+02,1.211490E-02,1.271544E-02,2.427586E+03,1.443784E+02,7.631200E-02,9.919322E-03,3.171173E+03,1.764245E+02,9.989017E-02,1.232432E-02,3.500572E+03,1.113256E+03,1.101268E-01,7.523894E-02,1.557302E+03,2.408997E+02,4.899215E-02,1.620237E-02,1.352265E+03,1.440708E+02,4.250706E-02,9.827730E-03,3.446110E+03,1.050644E+02,1.082580E-01,7.364252E-03,3.468993E+03,1.333362E+02,1.089756E-01,9.217978E-03,3.709749E+03,4.770280E+02,1.165250E-01,3.239114E-02
08:00:00,2.122454E+03,2.672433E+02,6.861491E-02,1.939392E-02,5.333386E+02,3.455602E+02,1.734992E-02,2.438471E-02,2.668624E+03,3.595333E+02,8.629933E-02,2.602501E-02,3.643435E+03,5.149008E+02,1.181596E-01,3.772332E-02,3.859975E+03,1.876602E+03,1.249747E-01,1.325057E-01,1.737473E+03,4.385108E+02,5.624952E-02,3.099634E-02,1.463078E+03,2.796457E+02,4.731520E-02,1.999710E-02,3.700662E+03,2.846264E+02,1.195719E-01,2.079574E-02,3.724293E+03,3.434699E+02,1.203344E-01,2.494806E-02,3.970992E+03,8.705014E+02,1.282868E-01,6.189507E-02
08:15:00,2.206295E+03,4.376198E+02,7.301674E-02,3.246002E-02,5.870426E+02,4.884157E+02,1.943691E-02,3.561024E-02,2.760490E+03,6.010030E+02,9.133614E-02,4.454538E-02,3.900821E+03,8.801150E+02,1.293472E-01,6.573281E-02,4.007515E+03,2.484657E+03,1.327153E-01,1.811186E-01,1.826463E+03,5.984629E+02,6.049272E-02,4.353103E-02,1.525317E+03,4.048192E+02,5.050334E-02,2.963672E-02,3.836682E+03,4.582133E+02,1.269476E-01,3.410991E-02,3.861422E+03,5.474265E+02,1.277664E-01,4.059093E-02,4.113613E+03,1.227560E+03,1.361021E-01,8.965192E-02
08:30:00,2.262064E+03,5.985942E+02,7.625991E-02,4.487868E-02,6.178073E+02,5.923833E+02,2.074026E-02,4.417379E-02,2.828300E+03,8.426053E+02,9.529903E-02,6.309234E-02,4.068002E+03,1.236103E+03,1.371895E-01,9.305793E-02,4.076373E+03,2.868439E+03,1.373993E-01,2.144474E-01,1.891695E+03,7.023419E+02,6.375982E-02,5.228283E-02,1.566765E+03,4.903563E+02,5.283705E-02,3.663957E-02,3.942342E+03,6.350723E+02,1.329084E-01,4.768535E-02,3.968434E+03,7.540054E+02,1.337893E-01,5.644825E-02,4.225171E+03,1.485263E+03,1.424492E-01,1.110051E-01
08:45:00,2.198011E+03,6.603028E+02,7.498885E-02,5.039822E-02,5.419965E+02,6.131088E+02,1.847482E-02,4.674399E-02,2.717350E+03,9.413432E+02,9.271216E-02,7.183454E-02,3.908806E+03,1.412583E+03,1.333865E-01,1.078192E-01,3.842610E+03,2.946592E+03,1.311142E-01,2.247232E-01,1.808445E+03,7.039306E+02,6.172512E-02,5.363669E-02,1.520059E+03,5.048009E+02,5.187507E-02,3.849596E-02,3.850001E+03,7.093366E+02,1.313684E-01,5.408545E-02,3.877409E+03,8.311911E+02,1.323037E-01,6.338940E-02,4.135094E+03,1.571534E+03,1.410957E-01,1.198980E-01
09:00:00,2.093674E+03,6.671450E+02,7.165286E-02,5.120182E-02,4.344058E+02,5.969662E+02,1.487458E-02,4.579970E-02,2.561941E+03,9.765818E+02,8.768909E-02,7.494833E-02,3.617369E+03,1.432684E+03,1.238343E-01,1.099404E-01,3.515290E+03,2.896248E+03,1.203378E-01,2.221810E-01,1.688417E+03,6.604845E+02,5.781448E-02,5.067188E-02,1.446144E+03,4.855198E+02,4.950580E-02,3.725172E-02,3.710740E+03,7.173082E+02,1.270029E-01,5.504782E-02,3.739592E+03,8.414508E+02,1.279903E-01,6.457584E-02,3.997443E+03,1.590479E+03,1.368147E-01,1.220529E-01
09:15:00,2.033456E+03,6.706650E+02,6.959001E-02,5.148511E-02,3.774904E+02,5.840686E+02,1.292589E-02,4.481857E-02,2.486982E+03,1.012980E+03,8.512021E-02,7.775661E-02,3.441406E+03,1.454326E+03,1.178098E-01,1.116219E-01,3.321388E+03,2.881919E+03,1.136989E-01,2.211891E-01,1.623599E+03,6.320196E+02,5.559509E-02,4.849821E-02,1.401986E+03,4.723895E+02,4.799346E-02,3.625522E-02,3.641856E+03,7.413954E+02,1.246401E-01,5.690598E-02,3.672492E+03,8.697199E+02,1.256885E-01,6.675783E-02,3.931418E+03,1.627662E+03,1.345495E-01,1.249468E-01
09:30:00,1.982798E+03,6.797394E+02,6.785641E-02,5.218114E-02,3.242095E+02,5.802751E+02,1.110169E-02,4.452470E-02,2.414817E+03,1.059557E+03,8.265046E-02,8.133030E-02,3.301348E+03,1.496843E+03,1.130155E-01,1.148821E-01,3.172616E+03,2.902208E+03,1.086062E-01,2.227525E-01,1.568287E+03,6.137704E+02,5.370147E-02,4.709516E-02,1.367630E+03,4.655918E+02,4.681725E-02,3.573273E-02,3.580879E+03,7.733404E+02,1.225528E-01,5.935721E-02,3.613457E+03,9.078953E+02,1.236677E-01,6.968714E-02,3.873687E+03,1.672419E+03,1.325732E-01,1.283821E-01
09:45:00,1.945935E+03,6.943021E+02,6.659489E-02,5.330143E-02,2.857879E+02,5.836674E+02,9.786186E-03,4.478431E-02,2.362430E+03,1.114537E+03,8.085771E-02,8.555498E-02,3.200402E+03,1.554017E+03,1.095596E-01,1.192729E-01,3.068584E+03,2.935983E+03,1.050446E-01,2.253501E-01,1.532474E+03,6.041272E+02,5.247529E-02,4.635445E-02,1.344714E+03,4.642077E+02,4.603257E-02,3.562703E-02,3.541719E+03,8.136750E+02,1.212124E-01,6.245626E-02,3.576149E+03,9.539229E+02,1.223907E-01,7.322385E-02,3.837347E+03,1.717101E+03,1.313294E-01,1.318180E-01
10:00:00,1.916530E+03,7.132369E+02,6.558841E-02,5.475807E-02,2.542816E+02,5.903831E+02,8.707391E-03,4.529972E-02,2.318864E+03,1.172527E+03,7.936655E-02,9.001215E-02,3.120635E+03,1.617191E+03,1.068284E-01,1.241255E-01,2.989148E+03,2.965396E+03,1.023247E-01,2.276138E-01,1.506039E+03,5.990579E+02,5.157005E-02,4.596553E-02,1.328008E+03,4.667051E+02,4.546047E-02,3.581969E-02,3.512722E+03,8.571416E+02,1.202196E-01,6.579675E-02,3.548824E+03,1.001973E+03,1.214550E-01,7.691705E-02,3.810736E+03,1.752246E+03,1.304182E-01,1.345236E-01
10:15:00,1.888564E+03,7.380752E+02,6.463124E-02,5.666721E-02,2.324213E+02,5.937369E+02,7.958860E-03,4.555705E-02,2.288219E+03,1.221960E+03,7.831765E-02,9.381047E-02,3.058434E+03,1.676680E+03,1.046988E-01,1.286938E-01,2.922724E+03,2.984581E+03,1.000505E-01,2.290898E-01,1.441283E+03,6.411939E+02,4.935259E-02,4.919876E-02,1.287539E+03,4.982200E+02,4.407497E-02,3.823953E-02,3.425623E+03,9.625683E+02,1.172384E-01,7.389388E-02,3.454585E+03,1.117540E+03,1.182295E-01,8.579349E-02,3.723944E+03,1.837109E+03,1.274475E-01,1.410444E-01
10:30:00,1.856290E+03,7.737971E+02,6.352675E-02,5.941035E-02,2.090694E+02,6.034336E+02,7.159230E-03,4.630081E-02,2.254545E+03,1.278104E+03,7.716499E-02,9.812079E-02,2.996678E+03,1.745180E+03,1.025845E-01,1.339517E-01,2.853893E+03,2.998447E+03,9.769412E-02,2.301542E-01,1.377842E+03,6.881594E+02,4.718028E-02,5.280245E-02,1.243175E+03,5.386198E+02,4.255650E-02,4.134096E-02,3.335632E+03,1.074370E+03,1.141594E-01,8.247917E-02,3.352399E+03,1.242973E+03,1.147333E-01,9.542577E-02,3.633175E+03,1.912686E+03,1.243419E-01,1.468487E-01
10:45:00,1.822275E+03,8.156942E+02,6.236274E-02,6.262851E-02,1.852729E+02,6.169363E+02,6.344371E-03,4.733664E-02,2.219960E+03,1.337134E+03,7.598127E-02,1.026537E-01,2.936557E+03,1.818107E+03,1.005263E-01,1.395500E-01,2.784835E+03,2.999278E+03,9.533007E-02,2.302178E-01,1.315115E+03,7.384585E+02,4.503240E-02,5.666207E-02,1.197108E+03,5.843726E+02,4.097974E-02,4.485363E-02,3.244700E+03,1.189442E+03,1.110482E-01,9.131756E-02,3.247133E+03,1.373086E+03,1.111317E-01,1.054196E-01,3.541073E+03,1.975417E+03,1.211907E-01,1.516668E-01
11:00:00,1.787244E+03,8.613600E+02,6.116394E-02,6.613630E-02,1.612552E+02,6.330830E+02,5.521943E-03,4.857543E-02,2.185033E+03,1.397746E+03,7.478588E-02,1.073084E-01,2.878092E+03,1.894142E+03,9.852490E-02,1.453870E-01,2.715957E+03,2.987023E+03,9.297227E-02,2.292766E-01,1.252757E+03,7.909089E+02,4.289717E-02,6.068671E-02,1.149992E+03,6.335462E+02,3.936701E-02,4.862879E-02,3.153290E+03,1.306323E+03,1.079204E-01,1.002949E-01,3.140077E+03,1.506081E+03,1.074686E-01,1.156345E-01,3.448273E+03,2.027252E+03,1.180154E-01,1.556475E-01
11:15:00,1.759720E+03,9.016555E+02,6.022202E-02,6.923260E-02,1.418624E+02,6.468734E+02,4.857883E-03,4.963368E-02,2.157440E+03,1.451490E+03,7.384153E-02,1.114380E-01,2.831110E+03,1.961792E+03,9.691654E-02,1.505816E-01,2.662083E+03,2.951077E+03,9.112808E-02,2.265189E-01,1.234212E+03,8.015735E+02,4.226220E-02,6.150506E-02,1.126831E+03,6.615440E+02,3.857425E-02,5.077848E-02,3.122705E+03,1.363858E+03,1.068741E-01,1.047159E-01,3.099099E+03,1.576184E+03,1.060667E-01,1.210209E-01,3.417286E+03,2.011530E+03,1.169554E-01,1.544428E-01
11:30:00,1.737105E+03,9.366328E+02,5.944793E-02,7.192222E-02,1.257293E+02,6.584433E+02,4.305440E-03,5.052180E-02,2.134545E+03,1.498474E+03,7.305786E-02,1.150515E-01,2.791382E+03,2.022510E+03,9.555641E-02,1.552459E-01,2.617625E+03,2.904566E+03,8.960602E-02,2.229535E-01,1.217794E+03,8.112077E+02,4.169989E-02,6.224436E-02,1.107791E+03,6.860609E+02,3.792230E-02,5.266137E-02,3.096906E+03,1.415240E+03,1.059906E-01,1.086658E-01,3.065709E+03,1.638112E+03,1.049233E-01,1.257814E-01,3.391469E+03,1.989894E+03,1.160712E-01,1.527875E-01
11:45:00,1.717072E+03,9.681693E+02,5.876218E-02,7.434460E-02,1.114806E+02,6.689442E+02,3.817522E-03,5.132738E-02,2.114110E+03,1.541220E+03,7.235836E-02,1.183344E-01,2.755918E+03,2.079038E+03,9.434223E-02,1.595853E-01,2.578845E+03,2.860467E+03,8.827831E-02,2.195688E-01,1.202968E+03,8.200420E+02,4.119211E-02,6.292155E-02,1.090915E+03,7.083989E+02,3.734445E-02,5.437576E-02,3.073650E+03,1.462414E+03,1.051942E-01,1.122876E-01,3.035841E+03,1.695626E+03,1.039006E-01,1.301973E-01,3.368189E+03,1.972125E+03,1.152739E-01,1.514231E-01
12:00:00,1.698751E+03,9.965283E+02,5.813509E-02,7.652235E-02,9.854242E+01,6.786175E+02,3.374476E-03,5.206936E-02,2.095240E+03,1.579778E+03,7.171242E-02,1.212947E-01,2.723507E+03,2.129910E+03,9.323261E-02,1.634898E-01,2.543819E+03,2.824365E+03,8.707914E-02,2.167975E-01,1.189343E+03,8.282118E+02,4.072550E-02,6.354775E-02,1.075435E+03,7.289215E+02,3.681445E-02,5.595069E-02,3.052014E+03,1.505574E+03,1.044535E-01,1.156008E-01,3.008116E+03,1.748366E+03,1.029514E-01,1.342460E-01,3.346459E+03,1.961685E+03,1.145300E-01,1.506210E-01
12:15:00,1.685207E+03,1.019426E+03,5.767148E-02,7.828067E-02,8.857639E+01,6.856585E+02,3.033207E-03,5.260939E-02,2.080998E+03,1.612440E+03,7.122490E-02,1.238022E-01,2.697983E+03,2.172425E+03,9.235877E-02,1.667529E-01,2.517869E+03,2.794952E+03,8.619073E-02,2.145399E-01,1.177479E+03,8.352689E+02,4.031918E-02,6.408876E-02,1.064094E+03,7.453564E+02,3.642617E-02,5.721199E-02,3.034989E+03,1.543608E+03,1.038708E-01,1.185210E-01,2.987783E+03,1.793320E+03,1.022555E-01,1.376975E-01,3.329764E+03,1.958619E+03,1.139586E-01,1.503858E-01
12:30:00,1.674996E+03,1.038134E+03,5.732188E-02,7.971712E-02,8.081177E+01,6.907280E+02,2.767321E-03,5.299816E-02,2.069921E+03,1.640339E+03,7.084568E-02,1.259441E-01,2.677216E+03,2.208421E+03,9.164776E-02,1.695156E-01,2.498043E+03,2.772520E+03,8.551189E-02,2.128181E-01,1.167170E+03,8.414244E+02,3.996613E-02,6.456075E-02,1.055486E+03,7.587689E+02,3.613145E-02,5.824126E-02,3.021106E+03,1.577345E+03,1.033956E-01,1.211113E-01,2.972204E+03,1.832351E+03,1.017222E-01,1.406942E-01,3.316343E+03,1.961176E+03,1.134992E-01,1.505825E-01
12:45:00,1.666770E+03,1.054026E+03,5.704013E-02,8.093718E-02,7.445558E+01,6.945731E+02,2.549663E-03,5.329302E-02,2.060661E+03,1.664839E+03,7.052859E-02,1.278248E-01,2.659529E+03,2.239432E+03,9.104212E-02,1.718954E-01,2.482048E+03,2.754725E+03,8.496415E-02,2.114522E-01,1.158029E+03,8.470610E+02,3.965309E-02,6.499301E-02,1.048429E+03,7.702670E+02,3.588983E-02,5.912360E-02,3.009052E+03,1.608060E+03,1.029829E-01,1.234695E-01,2.959090E+03,1.867394E+03,1.012732E-01,1.433845E-01,3.304683E+03,1.966133E+03,1.130999E-01,1.509633E-01
13:00:00,1.659927E+03,1.067841E+03,5.680562E-02,8.199759E-02,6.909912E+01,6.976410E+02,2.366239E-03,5.352827E-02,2.052723E+03,1.687795E+03,7.025671E-02,1.295868E-01,2.644043E+03,2.269285E+03,9.051179E-02,1.741863E-01,2.468765E+03,2.742914E+03,8.450920E-02,2.105454E-01,1.149762E+03,8.525608E+02,3.936997E-02,6.541483E-02,1.042432E+03,7.804254E+02,3.568449E-02,5.990313E-02,2.998335E+03,1.637318E+03,1.026158E-01,1.257157E-01,2.947657E+03,1.901192E+03,1.008816E-01,1.459790E-01,3.294259E+03,1.973629E+03,1.127429E-01,1.515388E-01
13:15:00,1.654107E+03,1.079881E+03,5.660614E-02,8.292166E-02,6.450274E+01,7.002691E+02,2.208842E-03,5.372979E-02,2.045808E+03,1.708263E+03,7.001980E-02,1.311579E-01,2.630378E+03,2.296644E+03,9.004376E-02,1.762858E-01,2.457489E+03,2.733908E+03,8.412295E-02,2.098538E-01,1.142152E+03,8.582355E+02,3.910937E-02,6.585010E-02,1.037178E+03,7.896150E+02,3.550459E-02,6.060835E-02,2.988595E+03,1.664132E+03,1.022822E-01,1.277742E-01,2.937393E+03,1.932534E+03,1.005300E-01,1.483851E-01,3.284715E+03,1.981767E+03,1.124159E-01,1.521634E-01
13:30:00,1.649032E+03,1.090540E+03,5.643215E-02,8.373975E-02,6.046587E+01,7.026941E+02,2.070605E-03,5.391574E-02,2.039643E+03,1.726191E+03,6.980855E-02,1.325339E-01,2.618027E+03,2.321356E+03,8.962074E-02,1.781820E-01,2.447664E+03,2.727845E+03,8.378640E-02,2.093881E-01,1.135042E+03,8.642681E+02,3.886588E-02,6.631283E-02,1.032459E+03,7.981370E+02,3.534304E-02,6.126237E-02,2.979586E+03,1.688378E+03,1.019736E-01,1.296355E-01,2.927967E+03,1.961027E+03,1.002071E-01,1.505724E-01,3.275817E+03,1.991183E+03,1.121111E-01,1.528861E-01
13:45:00,1.644497E+03,1.100051E+03,5.627685E-02,8.447003E-02,5.685468E+01,7.051550E+02,1.946944E-03,5.410446E-02,2.034023E+03,1.744755E+03,6.961611E-02,1.339590E-01,2.606663E+03,2.349071E+03,8.923165E-02,1.803090E-01,2.438908E+03,2.726511E+03,8.348658E-02,2.092858E-01,1.128327E+03,8.708837E+02,3.863592E-02,6.682031E-02,1.028139E+03,8.061547E+02,3.519514E-02,6.187771E-02,2.971121E+03,1.713038E+03,1.016838E-01,1.315289E-01,2.919149E+03,1.990770E+03,9.990522E-02,1.528560E-01,3.267394E+03,2.003568E+03,1.118227E-01,1.538370E-01
14:00:00,1.640405E+03,1.108587E+03,5.613692E-02,8.512571E-02,5.359919E+01,7.078349E+02,1.835464E-03,5.431001E-02,2.028874E+03,1.767438E+03,6.943989E-02,1.357009E-01,2.596232E+03,2.382681E+03,8.887459E-02,1.828891E-01,2.431027E+03,2.726746E+03,8.321683E-02,2.093043E-01,1.121933E+03,8.782300E+02,3.841696E-02,6.738387E-02,1.024124E+03,8.137985E+02,3.505769E-02,6.246435E-02,2.963091E+03,1.741561E+03,1.014091E-01,1.337193E-01,2.910802E+03,2.024975E+03,9.961969E-02,1.554827E-01,3.259350E+03,2.016965E+03,1.115476E-01,1.548662E-01
14:15:00,1.636654E+03,1.115785E+03,5.600875E-02,8.567889E-02,5.061829E+01,7.109059E+02,1.733387E-03,5.454558E-02,2.024087E+03,1.800191E+03,6.927620E-02,1.382164E-01,2.586498E+03,2.428230E+03,8.854147E-02,1.863860E-01,2.423813E+03,2.725818E+03,8.296997E-02,2.092336E-01,1.115805E+03,8.864276E+02,3.820712E-02,6.801277E-02,1.020347E+03,8.209503E+02,3.492841E-02,6.301324E-02,2.955422E+03,1.779826E+03,1.011469E-01,1.366582E-01,2.902836E+03,2.069289E+03,9.934729E-02,1.588862E-01,3.251621E+03,2.029217E+03,1.112834E-01,1.558076E-01
14:30:00,1.633170E+03,1.121750E+03,5.588974E-02,8.613731E-02,4.785371E+01,7.145556E+02,1.638717E-03,5.482558E-02,2.019586E+03,1.849160E+03,6.912230E-02,1.419774E-01,2.577314E+03,2.492729E+03,8.822722E-02,1.913376E-01,2.417120E+03,2.722829E+03,8.274098E-02,2.090046E-01,1.109902E+03,8.956444E+02,3.800500E-02,6.871990E-02,1.016762E+03,8.276881E+02,3.480568E-02,6.353036E-02,2.948056E+03,1.834209E+03,1.008951E-01,1.408351E-01,2.895185E+03,2.129986E+03,9.908572E-02,1.635480E-01,3.244162E+03,2.039772E+03,1.110284E-01,1.566185E-01
14:45:00,1.629930E+03,1.126571E+03,5.577896E-02,8.650768E-02,4.528301E+01,7.189025E+02,1.550686E-03,5.515910E-02,2.015362E+03,1.916407E+03,6.897782E-02,1.471421E-01,2.568707E+03,2.576520E+03,8.793265E-02,1.977702E-01,2.410898E+03,2.715873E+03,8.252808E-02,2.084707E-01,1.104195E+03,9.059421E+02,3.780958E-02,6.950997E-02,1.013335E+03,8.341024E+02,3.468835E-02,6.402265E-02,2.940961E+03,1.906523E+03,1.006524E-01,1.463892E-01,2.887812E+03,2.207549E+03,9.883354E-02,1.695053E-01,3.236947E+03,2.047471E+03,1.107816E-01,1.572099E-01
15:00:00,1.626882E+03,1.130283E+03,5.567465E-02,8.679268E-02,4.286569E+01,7.239912E+02,1.467908E-03,5.554952E-02,2.011356E+03,1.999730E+03,6.884076E-02,1.535414E-01,2.560539E+03,2.678080E+03,8.765307E-02,2.055667E-01,2.405048E+03,2.705416E+03,8.232784E-02,2.076678E-01,1.098661E+03,9.173113E+02,3.762010E-02,7.038225E-02,1.010040E+03,8.401976E+02,3.457555E-02,6.449045E-02,2.934102E+03,1.995021E+03,1.004177E-01,1.531862E-01,2.880678E+03,2.300219E+03,9.858947E-02,1.766226E-01,3.229946E+03,2.052496E+03,1.105421E-01,1.575956E-01
15:15:00,1.626904E+03,1.129568E+03,5.567541E-02,8.673768E-02,4.212234E+01,7.279262E+02,1.442454E-03,5.585142E-02,2.010310E+03,2.089787E+03,6.880496E-02,1.604577E-01,2.556483E+03,2.786604E+03,8.751419E-02,2.138976E-01,2.404692E+03,2.685307E+03,8.231564E-02,2.061240E-01,1.093962E+03,9.289768E+02,3.745920E-02,7.127726E-02,1.009495E+03,8.432740E+02,3.455691E-02,6.472655E-02,2.930160E+03,2.091271E+03,1.002828E-01,1.605786E-01,2.878723E+03,2.397222E+03,9.852260E-02,1.840727E-01,3.226371E+03,2.051591E+03,1.104198E-01,1.575259E-01
15:30:00,1.629162E+03,1.125156E+03,5.575260E-02,8.639867E-02,4.271378E+01,7.308987E+02,1.462707E-03,5.607943E-02,2.011345E+03,2.179935E+03,6.884031E-02,1.673806E-01,2.555391E+03,2.894270E+03,8.747676E-02,2.221623E-01,2.408238E+03,2.657386E+03,8.243693E-02,2.039804E-01,1.090139E+03,9.405475E+02,3.732828E-02,7.216495E-02,1.010816E+03,8.439774E+02,3.460210E-02,6.478043E-02,2.928396E+03,2.188140E+03,1.002224E-01,1.680181E-01,2.880159E+03,2.491819E+03,9.857166E-02,1.913373E-01,3.225086E+03,2.045219E+03,1.103758E-01,1.570362E-01
15:45:00,1.632726E+03,1.117787E+03,5.587449E-02,8.583247E-02,4.416230E+01,7.331512E+02,1.512310E-03,5.625217E-02,2.013609E+03,2.262794E+03,6.891773E-02,1.737434E-01,2.556142E+03,2.991816E+03,8.750242E-02,2.296498E-01,2.414223E+03,2.622655E+03,8.264172E-02,2.013140E-01,1.087042E+03,9.517271E+02,3.722221E-02,7.302261E-02,1.013203E+03,8.428679E+02,3.468377E-02,6.469514E-02,2.927929E+03,2.278549E+03,1.002064E-01,1.749610E-01,2.883433E+03,2.577266E+03,9.868360E-02,1.978989E-01,3.225092E+03,2.033585E+03,1.103759E-01,1.561425E-01
16:00:00,1.637212E+03,1.107633E+03,5.602793E-02,8.505243E-02,4.625325E+01,7.346214E+02,1.583912E-03,5.636488E-02,2.016747E+03,2.332640E+03,6.902509E-02,1.791062E-01,2.558224E+03,3.071550E+03,8.757363E-02,2.357695E-01,2.421919E+03,2.581048E+03,8.290511E-02,1.981198E-01,1.084535E+03,9.621630E+02,3.713639E-02,7.382318E-02,1.016323E+03,8.400406E+02,3.479055E-02,6.447801E-02,2.928399E+03,2.356744E+03,1.002224E-01,1.809654E-01,2.887948E+03,2.647567E+03,9.883804E-02,2.032967E-01,3.225997E+03,2.016187E+03,1.104068E-01,1.548061E-01
16:15:00,1.636519E+03,1.101742E+03,5.600421E-02,8.459968E-02,4.571984E+01,7.388215E+02,1.565645E-03,5.668705E-02,2.014953E+03,2.394374E+03,6.896365E-02,1.838456E-01,2.553839E+03,3.139301E+03,8.742350E-02,2.409691E-01,2.420436E+03,2.545490E+03,8.285429E-02,1.953900E-01,1.081107E+03,9.727680E+02,3.701899E-02,7.463672E-02,1.014667E+03,8.409419E+02,3.473384E-02,6.454710E-02,2.924030E+03,2.426439E+03,1.000729E-01,1.863165E-01,2.883351E+03,2.710439E+03,9.868066E-02,2.081236E-01,3.221046E+03,1.999749E+03,1.102373E-01,1.535434E-01
16:30:00,1.632207E+03,1.098102E+03,5.585674E-02,8.432027E-02,4.315995E+01,7.448254E+02,1.477983E-03,5.714764E-02,2.009918E+03,2.445751E+03,6.879136E-02,1.877898E-01,2.545195E+03,3.191162E+03,8.712765E-02,2.449491E-01,2.412714E+03,2.509519E+03,8.259008E-02,1.926290E-01,1.076576E+03,9.833661E+02,3.686383E-02,7.544973E-02,1.009895E+03,8.435797E+02,3.457053E-02,6.474965E-02,2.916333E+03,2.485841E+03,9.980952E-02,1.908771E-01,2.873078E+03,2.762360E+03,9.832921E-02,2.121097E-01,3.212413E+03,1.980946E+03,1.099420E-01,1.520994E-01
16:45:00,1.625966E+03,1.095012E+03,5.564325E-02,8.408304E-02,3.941836E+01,7.514485E+02,1.349856E-03,5.765577E-02,2.003170E+03,2.485915E+03,6.856049E-02,1.908730E-01,2.534220E+03,3.225991E+03,8.675202E-02,2.476217E-01,2.401350E+03,2.471577E+03,8.220118E-02,1.897166E-01,1.071188E+03,9.934425E+02,3.667934E-02,7.622273E-02,1.003491E+03,8.466288E+02,3.435134E-02,6.498380E-02,2.906864E+03,2.534121E+03,9.948553E-02,1.945836E-01,2.860034E+03,2.801374E+03,9.788296E-02,2.151047E-01,3.201960E+03,1.958956E+03,1.095843E-01,1.504107E-01
17:00:00,1.618440E+03,1.091780E+03,5.538576E-02,8.383495E-02,3.483799E+01,7.581829E+02,1.193006E-03,5.817244E-02,1.995286E+03,2.515888E+03,6.829072E-02,1.931736E-01,2.521714E+03,3.245384E+03,8.632397E-02,2.491094E-01,2.387577E+03,2.432035E+03,8.172981E-02,1.866813E-01,1.065161E+03,1.002660E+03,3.647297E-02,7.692982E-02,9.960458E+02,8.498488E+02,3.409654E-02,6.523102E-02,2.896237E+03,2.572233E+03,9.912194E-02,1.975094E-01,2.845296E+03,2.828374E+03,9.737869E-02,2.171771E-01,3.190386E+03,1.934443E+03,1.091883E-01,1.485282E-01
17:15:00,1.612964E+03,1.085033E+03,5.519842E-02,8.331678E-02,3.121474E+01,7.629081E+02,1.068932E-03,5.853496E-02,1.989416E+03,2.533145E+03,6.808988E-02,1.944979E-01,2.511908E+03,3.246464E+03,8.598834E-02,2.491914E-01,2.377406E+03,2.385447E+03,8.138170E-02,1.831052E-01,1.059388E+03,1.010183E+03,3.627530E-02,7.750695E-02,9.905795E+02,8.504387E+02,3.390946E-02,6.527633E-02,2.887670E+03,2.597946E+03,9.882879E-02,1.994829E-01,2.834501E+03,2.839490E+03,9.700936E-02,2.180298E-01,3.181378E+03,1.905115E+03,1.088801E-01,1.462760E-01
17:30:00,1.608894E+03,1.075840E+03,5.505910E-02,8.261063E-02,2.832629E+01,7.671366E+02,9.700201E-04,5.885937E-02,1.984809E+03,2.539216E+03,6.793219E-02,1.949631E-01,2.503820E+03,3.233963E+03,8.571143E-02,2.482311E-01,2.369636E+03,2.336313E+03,8.111567E-02,1.793333E-01,1.054038E+03,1.017165E+03,3.609214E-02,7.804257E-02,9.863894E+02,8.493489E+02,3.376601E-02,6.519262E-02,2.880461E+03,2.612997E+03,9.858208E-02,2.006377E-01,2.826130E+03,2.839091E+03,9.672285E-02,2.179980E-01,3.173973E+03,1.873489E+03,1.086267E-01,1.438471E-01
17:45:00,1.605522E+03,1.065141E+03,5.494349E-02,8.178850E-02,2.582392E+01,7.726989E+02,8.843287E-04,5.928612E-02,1.980826E+03,2.534803E+03,6.779576E-02,1.946231E-01,2.496656E+03,3.211229E+03,8.546609E-02,2.464850E-01,2.363215E+03,2.285020E+03,8.089576E-02,1.753956E-01,1.049038E+03,1.025132E+03,3.592090E-02,7.865378E-02,9.828371E+02,8.470716E+02,3.364439E-02,6.501775E-02,2.873996E+03,2.618373E+03,9.836065E-02,2.010494E-01,2.818920E+03,2.830596E+03,9.647592E-02,2.173443E-01,3.167375E+03,1.839830E+03,1.084007E-01,1.412621E-01
18:00:00,1.602612E+03,1.053528E+03,5.484359E-02,8.089600E-02,2.359400E+01,7.801585E+02,8.079665E-04,5.985847E-02,1.977262E+03,2.519038E+03,6.767358E-02,1.934111E-01,2.490140E+03,3.178013E+03,8.524284E-02,2.439344E-01,2.357685E+03,2.231394E+03,8.070628E-02,1.712787E-01,1.044316E+03,1.034548E+03,3.575922E-02,7.937621E-02,9.796913E+02,8.437065E+02,3.353668E-02,6.475941E-02,2.868039E+03,2.612442E+03,9.815647E-02,2.005925E-01,2.812433E+03,2.814174E+03,9.625359E-02,2.160818E-01,3.161299E+03,1.803948E+03,1.081924E-01,1.385061E-01
18:15:00,1.600027E+03,1.040704E+03,5.475479E-02,7.991055E-02,2.156962E+01,7.886381E+02,7.386433E-04,6.050909E-02,1.974000E+03,2.489350E+03,6.756171E-02,1.911300E-01,2.484093E+03,3.131970E+03,8.503562E-02,2.403991E-01,2.352766E+03,2.175185E+03,8.053765E-02,1.669634E-01,1.039822E+03,1.044578E+03,3.560534E-02,8.014582E-02,9.768252E+02,8.394271E+02,3.343856E-02,6.443092E-02,2.862452E+03,2.591641E+03,9.796489E-02,1.989936E-01,2.806436E+03,2.787611E+03,9.604796E-02,2.140406E-01,3.155588E+03,1.765307E+03,1.079965E-01,1.355382E-01
18:30:00,1.597691E+03,1.026716E+03,5.467448E-02,7.883571E-02,1.971128E+01,7.954472E+02,6.750055E-04,6.103156E-02,1.970980E+03,2.439560E+03,6.745805E-02,1.873054E-01,2.478451E+03,3.065240E+03,8.484223E-02,2.352759E-01,2.348302E+03,2.116051E+03,8.038460E-02,1.624237E-01,1.035518E+03,1.052250E+03,3.545791E-02,8.073441E-02,9.741639E+02,8.345781E+02,3.334745E-02,6.405872E-02,2.857148E+03,2.549854E+03,9.778298E-02,1.957832E-01,2.800793E+03,2.744651E+03,9.585446E-02,2.107403E-01,3.150151E+03,1.723849E+03,1.078100E-01,1.323540E-01
18:45:00,1.595533E+03,1.011833E+03,5.460034E-02,7.769229E-02,1.798086E+01,7.980947E+02,6.157484E-04,6.123470E-02,1.968132E+03,2.368343E+03,6.736039E-02,1.818355E-01,2.473101E+03,2.974672E+03,8.465891E-02,2.283231E-01,2.344165E+03,2.054998E+03,8.024277E-02,1.577367E-01,1.031370E+03,1.054812E+03,3.531589E-02,8.093099E-02,9.716579E+02,8.299564E+02,3.326166E-02,6.370399E-02,2.852059E+03,2.484770E+03,9.760852E-02,1.907838E-01,2.795410E+03,2.680500E+03,9.566994E-02,2.058129E-01,3.144919E+03,1.679993E+03,1.076306E-01,1.289857E-01
19:00:00,1.593511E+03,9.955406E+02,5.453099E-02,7.644079E-02,1.635108E+01,7.953936E+02,5.599376E-04,6.102746E-02,1.965420E+03,2.274219E+03,6.726739E-02,1.746069E-01,2.467979E+03,2.857210E+03,8.448346E-02,2.193059E-01,2.340274E+03,1.991421E+03,8.010945E-02,1.528562E-01,1.027357E+03,1.050986E+03,3.517846E-02,8.063740E-02,9.692742E+02,8.254331E+02,3.318006E-02,6.335683E-02,2.847148E+03,2.394522E+03,9.744026E-02,1.838523E-01,2.790235E+03,2.590650E+03,9.549262E-02,1.989121E-01,3.139857E+03,1.632949E+03,1.074571E-01,1.253729E-01
19:15:00,1.591611E+03,9.786877E+02,5.446583E-02,7.514629E-02,1.481483E+01,7.877563E+02,5.073293E-04,6.044148E-02,1.962835E+03,2.157260E+03,6.717880E-02,1.656251E-01,2.463095E+03,2.711677E+03,8.431618E-02,2.081342E-01,2.336603E+03,1.926691E+03,7.998368E-02,1.478872E-01,1.042922E+03,1.021578E+03,3.571141E-02,7.838106E-02,9.751184E+02,8.122192E+02,3.338011E-02,6.234262E-02,2.867497E+03,2.255367E+03,9.813653E-02,1.731656E-01,2.810338E+03,2.449542E+03,9.618050E-02,1.880755E-01,3.160047E+03,1.559354E+03,1.081480E-01,1.197217E-01
19:30:00,1.589815E+03,9.582249E+02,5.440424E-02,7.357464E-02,1.336419E+01,7.761034E+02,4.576530E-04,5.954741E-02,1.960365E+03,2.009807E+03,6.709417E-02,1.543019E-01,2.458416E+03,2.530469E+03,8.415593E-02,1.942242E-01,2.333126E+03,1.859301E+03,7.986457E-02,1.427141E-01,1.058651E+03,9.869310E+02,3.624989E-02,7.572265E-02,9.810794E+02,7.945532E+02,3.358407E-02,6.098644E-02,2.888049E+03,2.084116E+03,9.883930E-02,1.600136E-01,2.830660E+03,2.275924E+03,9.687540E-02,1.747417E-01,3.180441E+03,1.482658E+03,1.088453E-01,1.138313E-01
19:45:00,1.588100E+03,9.314108E+02,5.434547E-02,7.151526E-02,1.198309E+01,7.608583E+02,4.103578E-04,5.837775E-02,1.957983E+03,1.832779E+03,6.701259E-02,1.407081E-01,2.453899E+03,2.317693E+03,8.400123E-02,1.778911E-01,2.329801E+03,1.787374E+03,7.975069E-02,1.371928E-01,1.074522E+03,9.475737E+02,3.679329E-02,7.270287E-02,9.871557E+02,7.684763E+02,3.379199E-02,5.898460E-02,2.908710E+03,1.881372E+03,9.954588E-02,1.444437E-01,2.851101E+03,2.074509E+03,9.757445E-02,1.592736E-01,3.200968E+03,1.401290E+03,1.095473E-01,1.075825E-01
20:00:00,1.586451E+03,8.988270E+02,5.428899E-02,6.901273E-02,1.065311E+01,7.427507E+02,3.648134E-04,5.698848E-02,1.955673E+03,1.646790E+03,6.693349E-02,1.264261E-01,2.449528E+03,2.097288E+03,8.385158E-02,1.609724E-01,2.326589E+03,1.712443E+03,7.964073E-02,1.314408E-01,1.090514E+03,9.044612E+02,3.734082E-02,6.939505E-02,9.933412E+02,7.342629E+02,3.400367E-02,5.635813E-02,2.929472E+03,1.668265E+03,1.002561E-01,1.280783E-01,2.871651E+03,1.866710E+03,9.827745E-02,1.433157E-01,3.221625E+03,1.316490E+03,1.102540E-01,1.010703E-01
20:15:00,1.598821E+03,8.485402E+02,5.471227E-02,6.515089E-02,1.677344E+01,7.145570E+02,5.744029E-04,5.482538E-02,1.966801E+03,1.459438E+03,6.731434E-02,1.120401E-01,2.463386E+03,1.874613E+03,8.432593E-02,1.438799E-01,2.348581E+03,1.613002E+03,8.039350E-02,1.238076E-01,1.090414E+03,8.759297E+02,3.733737E-02,6.720603E-02,1.003496E+03,6.917479E+02,3.435126E-02,5.309446E-02,2.937974E+03,1.479453E+03,1.005469E-01,1.135789E-01,2.889837E+03,1.677224E+03,9.889960E-02,1.287647E-01,3.232106E+03,1.244687E+03,1.106125E-01,9.555626E-02
20:30:00,1.621647E+03,7.896093E+02,5.549309E-02,6.062480E-02,2.910380E+01,6.804689E+02,9.966471E-04,5.220999E-02,1.987407E+03,1.298346E+03,6.801932E-02,9.967060E-02,2.489616E+03,1.681682E+03,8.522358E-02,1.290708E-01,2.388533E+03,1.503973E+03,8.176072E-02,1.154377E-01,1.093814E+03,8.446179E+02,3.745383E-02,6.480386E-02,1.022068E+03,6.420937E+02,3.498693E-02,4.928281E-02,2.955485E+03,1.316377E+03,1.011462E-01,1.010570E-01,2.923206E+03,1.507940E+03,1.000415E-01,1.157661E-01,3.252522E+03,1.168725E+03,1.113112E-01,8.972356E-02
20:45:00,1.650332E+03,7.293379E+02,5.647438E-02,5.599582E-02,4.527429E+01,6.446680E+02,1.550388E-03,4.946322E-02,2.013148E+03,1.174372E+03,6.890001E-02,9.015186E-02,2.523180E+03,1.528660E+03,8.637233E-02,1.173254E-01,2.439142E+03,1.394748E+03,8.349277E-02,1.070530E-01,1.099948E+03,8.133410E+02,3.766387E-02,6.240439E-02,1.045160E+03,5.928954E+02,3.577727E-02,4.550621E-02,2.978059E+03,1.190335E+03,1.019187E-01,9.137926E-02,2.964187E+03,1.369980E+03,1.014437E-01,1.051731E-01,3.278025E+03,1.095018E+03,1.121839E-01,8.406399E-02
21:00:00,1.683079E+03,6.698915E+02,5.759475E-02,5.143049E-02,6.425950E+01,6.092385E+02,2.200513E-03,4.674497E-02,2.042623E+03,1.075674E+03,6.990855E-02,8.257458E-02,2.562092E+03,1.403841E+03,8.770413E-02,1.077455E-01,2.497253E+03,1.289087E+03,8.548164E-02,9.894203E-02,1.108195E+03,7.836827E+02,3.794629E-02,6.012913E-02,1.071248E+03,5.461451E+02,3.667020E-02,4.191766E-02,3.004254E+03,1.090008E+03,1.028150E-01,8.367661E-02,3.010107E+03,1.254167E+03,1.030149E-01,9.628125E-02,3.306993E+03,1.025619E+03,1.131750E-01,7.873505E-02
21:15:00,1.709557E+03,6.208435E+02,5.850073E-02,4.766380E-02,8.027080E+01,5.810870E+02,2.748789E-03,4.458520E-02,2.065542E+03,9.997200E+02,7.069276E-02,7.674362E-02,2.592511E+03,1.308147E+03,8.874528E-02,1.004010E-01,2.543947E+03,1.203904E+03,8.707981E-02,9.240307E-02,1.138425E+03,7.352702E+02,3.898142E-02,5.641491E-02,1.101971E+03,4.988075E+02,3.772179E-02,3.828419E-02,3.054495E+03,9.812415E+02,1.045343E-01,7.532645E-02,3.075373E+03,1.133842E+03,1.052482E-01,8.704324E-02,3.358619E+03,9.371902E+02,1.149417E-01,7.194551E-02
21:30:00,1.731474E+03,5.783913E+02,5.925088E-02,4.440402E-02,9.396140E+01,5.578531E+02,3.217591E-03,4.280280E-02,2.084443E+03,9.371977E+02,7.133970E-02,7.194394E-02,2.617893E+03,1.229766E+03,8.961423E-02,9.438543E-02,2.582851E+03,1.130842E+03,8.841166E-02,8.679512E-02,1.167950E+03,6.900013E+02,3.999231E-02,5.294172E-02,1.129428E+03,4.569992E+02,3.866162E-02,3.507511E-02,3.101534E+03,8.850213E+02,1.061435E-01,6.793859E-02,3.134483E+03,1.028286E+03,1.072706E-01,7.893841E-02,3.406387E+03,8.550655E+02,1.165759E-01,6.563935E-02
21:45:00,1.751240E+03,5.397536E+02,5.992746E-02,4.143722E-02,1.064545E+02,5.377302E+02,3.645385E-03,4.125912E-02,2.101626E+03,8.827506E+02,7.192784E-02,6.776407E-02,2.640926E+03,1.162074E+03,9.040279E-02,8.919009E-02,2.617685E+03,1.065321E+03,8.960420E-02,8.176608E-02,1.196930E+03,6.469814E+02,4.098459E-02,4.964109E-02,1.155460E+03,4.183100E+02,3.955272E-02,3.210547E-02,3.147227E+03,7.963165E+02,1.077069E-01,6.112772E-02,3.191083E+03,9.309126E+02,1.092073E-01,7.146190E-02,3.452640E+03,7.763457E+02,1.181584E-01,5.959483E-02
22:00:00,1.378098E+03,3.890625E+02,4.682692E-02,2.986836E-02,8.529392E+01,3.951559E+02,2.920765E-03,3.031977E-02,1.584083E+03,6.409948E+02,5.421505E-02,4.920565E-02,1.991241E+03,8.451678E+02,6.816314E-02,6.486731E-02,1.979107E+03,7.722415E+02,6.774554E-02,5.927144E-02,9.173174E+02,4.605782E+02,3.141023E-02,3.533893E-02,8.977192E+02,2.943848E+02,3.064156E-02,2.259404E-02,2.545503E+03,5.523008E+02,8.618589E-02,4.239553E-02,2.593045E+03,6.486454E+02,8.777279E-02,4.979273E-02,2.818879E+03,5.405051E+02,9.537820E-02,4.149012E-02
22:15:00,1.061345E+03,2.502617E+02,3.529803E-02,1.921238E-02,6.000906E+01,2.587624E+02,2.054917E-03,1.985455E-02,1.188771E+03,4.149721E+02,3.999804E-02,3.185497E-02,1.332961E+03,5.483393E+02,4.562925E-02,4.208541E-02,1.327588E+03,4.996734E+02,4.544382E-02,3.835101E-02,6.132876E+02,3.021232E+02,2.099978E-02,2.318107E-02,6.630901E+02,1.894152E+02,2.229658E-02,1.453741E-02,2.019001E+03,3.544272E+02,6.663090E-02,2.720554E-02,2.063975E+03,4.166288E+02,6.808408E-02,3.198119E-02,2.256032E+03,3.483769E+02,7.434742E-02,2.674112E-02
22:30:00,7.873090E+02,1.212604E+02,2.491515E-02,9.308974E-03,3.116431E+01,1.275121E+02,1.067171E-03,9.783894E-03,8.315554E+02,2.021294E+02,2.674309E-02,1.551622E-02,6.684344E+02,2.676313E+02,2.288152E-02,2.054085E-02,6.666956E+02,2.434120E+02,2.282125E-02,1.868237E-02,3.073169E+02,1.488315E+02,1.052295E-02,1.141946E-02,4.597528E+02,9.188535E+01,1.478779E-02,7.052091E-03,1.580150E+03,1.710870E+02,4.945949E-02,1.313243E-02,1.618626E+03,2.015932E+02,5.064837E-02,1.547459E-02,1.790144E+03,1.688534E+02,5.595277E-02,1.296098E-02
22:45:00,5.281528E+02,0.000000E+00,1.493152E-02,0.000000E+00,0.000000E+00,0.000000E+00,0.000000E+00,0.000000E+00,4.870912E+02,0.000000E+00,1.383009E-02,0.000000E+00,0.000000E+00,0.000000E+00,0.000000E+00,0.000000E+00,4.960828E+01,0.000000E+00,1.400510E-03,0.000000E+00,8.748166E-01,0.000000E+00,2.494550E-05,0.000000E+00,2.692742E+02,0.000000E+00,7.625680E-03,0.000000E+00,1.157066E+03,0.000000E+00,3.271548E-02,0.000000E+00,1.192833E+03,0.000000E+00,3.373895E-02,0.000000E+00,1.344902E+03,0.000000E+00,3.812375E-02,0.000000E+00
23:00:00,6.761101E+02,0.000000E+00,1.910335E-02,0.000000E+00,0.000000E+00,0.000000E+00,0.000000E+00,0.000000E+00,7.036646E+02,0.000000E+00,1.994114E-02,0.000000E+00,0.000000E+00,0.000000E+00,0.000000E+00,0.000000E+00,1.742550E+02,0.000000E+00,4.918425E-03,0.000000E+00,3.854290E+01,0.000000E+00,1.091524E-03,0.000000E+00,3.735562E+02,0.000000E+00,1.056034E-02,0.000000E+00,1.403635E+03,0.000000E+00,3.966713E-02,0.000000E+00,1.443626E+03,0.000000E+00,4.079619E-02,0.000000E+00,1.601724E+03,0.000000E+00,4.526439E-02,0.000000E+00
23:15:00,7.722552E+02,0.000000E+00,2.178854E-02,0.000000E+00,0.000000E+00,0.000000E+00,0.000000E+00,0.000000E+00,8.050382E+02,0.000000E+00,2.271687E-02,0.000000E+00,0.000000E+00,0.000000E+00,0.000000E+00,0.000000E+00,3.518560E+02,0.000000E+00,9.930285E-03,0.000000E+00,8.886000E+01,0.000000E+00,2.511609E-03,0.000000E+00,4.471084E+02,0.000000E+00,1.261636E-02,0.000000E+00,1.551394E+03,0.000000E+00,4.377217E-02,0.000000E+00,1.597929E+03,0.000000E+00,4.508511E-02,0.000000E+00,1.765046E+03,0.000000E+00,4.979918E-02,0.000000E+00
23:30:00,8.296021E+02,0.000000E+00,2.340446E-02,0.000000E+00,0.000000E+00,0.000000E+00,0.000000E+00,0.000000E+00,8.740214E+02,0.000000E+00,2.466135E-02,0.000000E+00,3.649525E+01,0.000000E+00,1.031415E-03,0.000000E+00,5.666325E+02,0.000000E+00,1.599064E-02,0.000000E+00,1.443654E+02,0.000000E+00,4.078066E-03,0.000000E+00,4.924574E+02,0.000000E+00,1.389496E-02,0.000000E+00,1.619671E+03,0.000000E+00,4.569391E-02,0.000000E+00,1.673383E+03,0.000000E+00,4.720936E-02,0.000000E+00,1.839614E+03,0.000000E+00,5.189768E-02,0.000000E+00
23:45:00,8.755359E+02,0.000000E+00,2.469879E-02,0.000000E+00,0.000000E+00,0.000000E+00,0.000000E+00,0.000000E+00,9.359832E+02,0.000000E+00,2.640812E-02,0.000000E+00,1.011001E+02,0.000000E+00,2.854701E-03,0.000000E+00,7.579024E+02,0.000000E+00,2.138663E-02,0.000000E+00,2.099226E+02,0.000000E+00,5.927927E-03,0.000000E+00,5.287416E+02,0.000000E+00,1.491803E-02,0.000000E+00,1.679571E+03,0.000000E+00,4.738061E-02,0.000000E+00,1.735448E+03,0.000000E+00,4.895717E-02,0.000000E+00,1.900853E+03,0.000000E+00,5.362183E-02,0.000000E+00
24:00:00,9.094197E+02,0.000000E+00,2.565324E-02,0.000000E+00,0.000000E+00,0.000000E+00,0.000000E+00,0.000000E+00,9.750539E+02,0.000000E+00,2.750915E-02,0.000000E+00,1.912377E+02,0.000000E+00,5.398460E-03,0.000000E+00,8.934568E+02,0.000000E+00,2.521021E-02,0.000000E+00,2.467202E+02,0.000000E+00,6.962844E-03,0.000000E+00,5.567709E+02,0.000000E+00,1.570830E-02,0.000000E+00,1.722793E+03,0.000000E+00,4.859731E-02,0.000000E+00,1.780035E+03,0.000000E+00,5.021242E-02,0.000000E+00,1.945734E+03,0.000000E+00,5.488523E-02,0.000000E+00
Peak,2.262064E+03,1.130283E+03,7.625991E-02,8.679268E-02,6.178073E+02,7.980947E+02,2.074026E-02,6.123470E-02,2.828300E+03,2.539216E+03,9.529903E-02,1.949631E-01,4.068002E+03,3.246464E+03,1.371895E-01,2.491914E-01,4.076373E+03,2.999278E+03,1.373993E-01,2.302178E-01,1.891695E+03,1.054812E+03,6.375982E-02,8.093099E-02,1.566765E+03,8.504387E+02,5.283705E-02,6.527633E-02,3.942342E+03,2.618373E+03,1.329084E-01,2.010494E-01,3.968434E+03,2.839490E+03,1.337893E-01,2.180298E-01,4.225171E+03,2.052496E+03,1.424492E-01,1.575956E-01

Peak Vol Flow (m3/s),,,6.589028E-02,7.499084E-02,,,1.792005E-02,5.290816E-02,,,8.234051E-02,1.684525E-01,,,1.185348E-01,2.153070E-01,,,1.187161E-01,1.989133E-01,,,5.508992E-02,6.992620E-02,,,4.565240E-02,5.640022E-02,,,1.148359E-01,1.737112E-01,,,1.155969E-01,1.883826E-01,,,1.230793E-01,1.361661E-01
