{
  "Baseline schedules from measured data": {
    "csv_name": "../../../lib/resources/Master_Condenser_Fouling_baseline.csv",
    "applicable": true
  },
  "custom run period": {
    "runPeriodName": "custom run period",
    "start_date": "2016-8-10",
    "end_date": "2016-9-3",
    "daylightsavings": false,
    "holiday": false,
    "applicable": true
  },
  "Change Start Day of Week": {
    "run_period_type": "RunPeriod",
    "applicable": true
  },
  "duct leakage": {
    "upstream_fraction": 0.0121705692534106,
    "downstream_fraction": 0.119758221206572,
    "applicable": true
  },
  "OpenStudio Results": {
    "building_summary_section": true,
    "annual_overview_section": true,
    "monthly_overview_section": true,
    "utility_bills_rates_section": true,
    "envelope_section_section": true,
    "space_type_breakdown_section": true,
    "space_type_details_section": true,
    "interior_lighting_section": true,
    "plug_loads_section": true,
    "exterior_light_section": true,
    "water_use_section": true,
    "hvac_load_profile": true,
    "zone_condition_section": true,
    "zone_summary_section": true,
    "zone_equipment_detail_section": true,
    "air_loops_detail_section": true,
    "plant_loops_detail_section": true,
    "outdoor_air_section": true,
    "cost_summary_section": true,
    "source_energy_section": true,
    "schedules_overview_section": true,
    "building_name": "building_name",
    "net_site_energy": 27903.736022024063,
    "total_building_area": 3528.517473701614,
    "eui": 7.908062303784335,
    "unmet_hours_during_heating": 24.5,
    "unmet_hours_during_cooling": 0.0,
    "unmet_hours_during_occupied_heating": 0.0,
    "unmet_hours_during_occupied_cooling": 0.0,
    "unmet_hours_tolerance_heating": 0.36,
    "unmet_hours_tolerance_cooling": 0.36,
    "end_use_heating": 4464.218636675724,
    "end_use_cooling": 10407.031981040223,
    "end_use_interior_lighting": 3232.056380268412,
    "end_use_exterior_lighting": 0.0,
    "end_use_interior_equipment": 7137.062915959279,
    "end_use_exterior_equipment": 0.0,
    "end_use_fans": 2672.844279283555,
    "end_use_pumps": 0.0,
    "end_use_heat_rejection": 0.0,
    "end_use_humidification": 0.0,
    "end_use_heat_recovery": 0.0,
    "end_use_water_systems": 0.0,
    "end_use_refrigeration": 0.0,
    "end_use_generators": 0.0,
    "fuel_electricity": 27903.736022024063,
    "fuel_natural_gas": 0.0,
    "fuel_additional_fuel": 0.0,
    "fuel_district_cooling": 0.0,
    "fuel_district_heating": 0.0,
    "end_use_electricity_heating": 1308.3333333333333,
    "end_use_electricity_cooling": 3050.0,
    "end_use_electricity_interior_lighting": 947.2222222222223,
    "end_use_electricity_exterior_lighting": 0.0,
    "end_use_electricity_interior_equipment": 2091.666666666667,
    "end_use_electricity_exterior_equipment": 0.0,
    "end_use_electricity_fans": 783.3333333333334,
    "end_use_electricity_pumps": 0.0,
    "end_use_electricity_heat_rejection": 0.0,
    "end_use_electricity_humidification": 0.0,
    "end_use_electricity_heat_recovery": 0.0,
    "end_use_electricity_water_systems": 0.0,
    "end_use_electricity_refrigeration": 0.0,
    "end_use_electricity_generators": 0.0,
    "end_use_natural_gas_heating": 0.0,
    "end_use_natural_gas_cooling": 0.0,
    "end_use_natural_gas_interior_lighting": 0.0,
    "end_use_natural_gas_exterior_lighting": 0.0,
    "end_use_natural_gas_interior_equipment": 0.0,
    "end_use_natural_gas_exterior_equipment": 0.0,
    "end_use_natural_gas_fans": 0.0,
    "end_use_natural_gas_pumps": 0.0,
    "end_use_natural_gas_heat_rejection": 0.0,
    "end_use_natural_gas_humidification": 0.0,
    "end_use_natural_gas_heat_recovery": 0.0,
    "end_use_natural_gas_water_systems": 0.0,
    "end_use_natural_gas_refrigeration": 0.0,
    "end_use_natural_gas_generators": 0.0,
    "electricity_heating_ip": 1306.9472222222223,
    "electricity_cooling_ip": 3049.223888888889,
    "electricity_interior_lighting_ip": 946.4286111111112,
    "electricity_exterior_lighting_ip": 0.0,
    "electricity_interior_equipment_ip": 2091.598888888889,
    "electricity_exterior_equipment_ip": 0.0,
    "electricity_fans_ip": 783.9425,
    "electricity_pumps_ip": 0.0,
    "electricity_heat_rejection_ip": 0.0,
    "electricity_humidification_ip": 0.0,
    "electricity_heat_recovery_ip": 0.0,
    "electricity_water_systems_ip": 0.0,
    "electricity_refrigeration_ip": 0.0,
    "electricity_generators_ip": 0.0,
    "electricity_ip": 8178.141111111111,
    "natural_gas_heating_ip": 0.0,
    "natural_gas_cooling_ip": 0.0,
    "natural_gas_interior_lighting_ip": 0.0,
    "natural_gas_exterior_lighting_ip": 0.0,
    "natural_gas_interior_equipment_ip": 0.0,
    "natural_gas_exterior_equipment_ip": 0.0,
    "natural_gas_fans_ip": 0.0,
    "natural_gas_pumps_ip": 0.0,
    "natural_gas_heat_rejection_ip": 0.0,
    "natural_gas_humidification_ip": 0.0,
    "natural_gas_heat_recovery_ip": 0.0,
    "natural_gas_water_systems_ip": 0.0,
    "natural_gas_refrigeration_ip": 0.0,
    "natural_gas_generators_ip": 0.0,
    "natural_gas_ip": 0.0,
    "additional_fuel_heating_ip": 0.0,
    "additional_fuel_cooling_ip": 0.0,
    "additional_fuel_interior_lighting_ip": 0.0,
    "additional_fuel_exterior_lighting_ip": 0.0,
    "additional_fuel_interior_equipment_ip": 0.0,
    "additional_fuel_exterior_equipment_ip": 0.0,
    "additional_fuel_fans_ip": 0.0,
    "additional_fuel_pumps_ip": 0.0,
    "additional_fuel_heat_rejection_ip": 0.0,
    "additional_fuel_humidification_ip": 0.0,
    "additional_fuel_heat_recovery_ip": 0.0,
    "additional_fuel_water_systems_ip": 0.0,
    "additional_fuel_refrigeration_ip": 0.0,
    "additional_fuel_generators_ip": 0.0,
    "additional_fuel_ip": 0.0,
    "district_cooling_heating_ip": 0.0,
    "district_cooling_cooling_ip": 0.0,
    "district_cooling_interior_lighting_ip": 0.0,
    "district_cooling_exterior_lighting_ip": 0.0,
    "district_cooling_interior_equipment_ip": 0.0,
    "district_cooling_exterior_equipment_ip": 0.0,
    "district_cooling_fans_ip": 0.0,
    "district_cooling_pumps_ip": 0.0,
    "district_cooling_heat_rejection_ip": 0.0,
    "district_cooling_humidification_ip": 0.0,
    "district_cooling_heat_recovery_ip": 0.0,
    "district_cooling_water_systems_ip": 0.0,
    "district_cooling_refrigeration_ip": 0.0,
    "district_cooling_generators_ip": 0.0,
    "district_cooling_ip": 0.0,
    "district_heating_heating_ip": 0.0,
    "district_heating_cooling_ip": 0.0,
    "district_heating_interior_lighting_ip": 0.0,
    "district_heating_exterior_lighting_ip": 0.0,
    "district_heating_interior_equipment_ip": 0.0,
    "district_heating_exterior_equipment_ip": 0.0,
    "district_heating_fans_ip": 0.0,
    "district_heating_pumps_ip": 0.0,
    "district_heating_heat_rejection_ip": 0.0,
    "district_heating_humidification_ip": 0.0,
    "district_heating_heat_recovery_ip": 0.0,
    "district_heating_water_systems_ip": 0.0,
    "district_heating_refrigeration_ip": 0.0,
    "district_heating_generators_ip": 0.0,
    "district_heating_ip": 0.0,
    "water_heating_ip": 0.0,
    "water_cooling_ip": 0.0,
    "water_interior_lighting_ip": 0.0,
    "water_exterior_lighting_ip": 0.0,
    "water_interior_equipment_ip": 0.0,
    "water_exterior_equipment_ip": 0.0,
    "water_fans_ip": 0.0,
    "water_pumps_ip": 0.0,
    "water_heat_rejection_ip": 0.0,
    "water_humidification_ip": 0.0,
    "water_heat_recovery_ip": 0.0,
    "water_water_systems_ip": 0.0,
    "water_refrigeration_ip": 0.0,
    "water_generators_ip": 0.0,
    "water_ip": 0.0,
    "_2_frp_ext_wall_adj_exterior_wall_insulation": 2540.3204636920386,
    "_2_frp_roof_adj_exterior_wall_insulation": 1764.0,
    "hybrid_spray_foam_in_adj_exterior_wall_insulation": 408.00000000000006,
    "rigid_foam_board_in_adj_exterior_wall_insulation": 436.00000000000006,
    "door": 68.44444444444441,
    "windows_double": 1140.0006211723537,
    "gross_window_wall_ratio": 26.31,
    "gross_window_wall_ratio_conditioned": 26.34,
    "skylight_roof_ratio": 0.0,
    "space_type_plenum_space_type": 0.0,
    "space_type_primary_entry": 171.63888888888897,
    "space_type_no_space_type": 3356.858705161855,
    "exterior_lighting_total_power": 0.0,
    "exterior_lighting_total_consumption": 8177.777777777778,
    "inflation_approach": "Constant Dollar",
    "analysis_length": 25,
    "annual_peak_electric_demand": 47.53092,
    "first_year_capital_cost": 0.0,
    "annual_utility_cost": 0.0,
    "total_lifecycle_cost": 0.0,
    "applicable": true
  },
  "RTU Exit": {
    "csv_name": "../../../lib/resources/Master_Condenser_Fouling_baseline.csv",
    "csv_time_header": "TIMESTAMP",
    "csv_var": "T_Sup_tot_Avg",
    "convert_data": "F to C",
    "csv_var_dn": "T_Sup_tot_Avg",
    "year": true,
    "seconds": false,
    "key_value": "ROOFTOP SUPPLY FAN OUTLET",
    "timeseries_name": "System Node Temperature",
    "reporting_frequency": "Timestep",
    "environment_period": "custom run period",
    "norm": 1.0,
    "scale": 1.0,
    "find_avail": true,
    "algorithm_download": true,
    "plot_flag": true,
    "plot_name": "RTU Exit",
    "verbose_messages": false,
    "warning_messages": true,
    "add_first_zero_for_plots": false,
    "add_last_zero_for_plots": false,
    "diff": 48.29944991853429,
    "simdata": 784.6306743319492,
    "csvdata": 792.8800919999999,
    "cvrmse": 11.98151918978912,
    "nmbe": 1.04043697795998,
    "applicable": true
  },
  "RTU Enter": {
    "csv_name": "../../../lib/resources/Master_Condenser_Fouling_baseline.csv",
    "csv_time_header": "TIMESTAMP",
    "csv_var": "T_Ret_Avg",
    "convert_data": "F to C",
    "csv_var_dn": "T_Ret_Avg",
    "year": true,
    "seconds": false,
    "key_value": "ROOFTOP MIXED AIR OUTLET",
    "timeseries_name": "System Node Temperature",
    "reporting_frequency": "Timestep",
    "environment_period": "custom run period",
    "norm": 1.0,
    "scale": 1.0,
    "find_avail": true,
    "algorithm_download": true,
    "plot_flag": true,
    "plot_name": "RTU Enter",
    "verbose_messages": false,
    "warning_messages": true,
    "add_first_zero_for_plots": false,
    "add_last_zero_for_plots": false,
    "diff": 14.591792006252088,
    "simdata": 1292.670302301252,
    "csvdata": 1302.2930639999995,
    "cvrmse": 1.7287428127991493,
    "nmbe": 0.7389090800493104,
    "applicable": true
  },
  "Cooling Consumption": {
    "csv_name": "../../../lib/resources/Master_Condenser_Fouling_baseline.csv",
    "csv_time_header": "TIMESTAMP",
    "csv_var": "Cooling_Tot_electric",
    "convert_data": "WH to J",
    "csv_var_dn": "Cooling_Tot_electric",
    "year": true,
    "seconds": false,
    "key_value": "Rooftop Cooling Coil",
    "timeseries_name": "Cooling Coil Electric Energy",
    "reporting_frequency": "Timestep",
    "environment_period": "custom run period",
    "norm": 1.0,
    "scale": 1.0,
    "find_avail": true,
    "algorithm_download": true,
    "plot_flag": true,
    "plot_name": "Cooling Consumption",
    "verbose_messages": false,
    "warning_messages": true,
    "add_first_zero_for_plots": false,
    "add_last_zero_for_plots": false,
    "diff": 106624071.24702263,
    "simdata": 394525624.81902254,
    "csvdata": 305885344.42800003,
    "cvrmse": 49.72968239237286,
    "nmbe": -28.978269801313406,
    "applicable": true
  },
  "Cooling Capacity": {
    "csv_name": "../../../lib/resources/Master_Condenser_Fouling_baseline.csv",
    "csv_time_header": "TIMESTAMP",
    "csv_var": "Gross_Cooling_Cap",
    "convert_data": "None",
    "csv_var_dn": "Gross_Cooling_Cap",
    "year": true,
    "seconds": false,
    "key_value": "Rooftop Cooling Coil",
    "timeseries_name": "Cooling Coil Total Cooling Rate",
    "reporting_frequency": "Timestep",
    "environment_period": "custom run period",
    "norm": 1.0,
    "scale": 1.0,
    "find_avail": true,
    "algorithm_download": true,
    "plot_flag": true,
    "plot_name": "Cooling Capacity",
    "verbose_messages": false,
    "warning_messages": true,
    "add_first_zero_for_plots": false,
    "add_last_zero_for_plots": false,
    "diff": 482808.72977398057,
    "simdata": 1880888.9915539809,
    "csvdata": 1482954.0064199998,
    "cvrmse": 48.26870224744741,
    "nmbe": -26.833939785808706,
    "applicable": true
  },
  "Heating Consumption": {
    "csv_name": "../../../lib/resources/Master_Condenser_Fouling_baseline.csv",
    "csv_time_header": "TIMESTAMP",
    "csv_var": "Heating_Tot_electric",
    "convert_data": "WH to J",
    "csv_var_dn": "Heating_Tot_electric",
    "year": true,
    "seconds": false,
    "key_value": "no_key",
    "timeseries_name": "Heating:Electricity",
    "reporting_frequency": "Timestep",
    "environment_period": "custom run period",
    "norm": 1.0,
    "scale": 1.0,
    "find_avail": true,
    "algorithm_download": false,
    "plot_flag": true,
    "plot_name": "Heating Consumption",
    "verbose_messages": false,
    "warning_messages": true,
    "add_first_zero_for_plots": false,
    "add_last_zero_for_plots": false,
    "diff": 69194944.85969552,
    "simdata": 278311911.7291339,
    "csvdata": 252055443.49200007,
    "cvrmse": 52.174815700313204,
    "nmbe": -10.416941555942719,
    "applicable": true
  },
  "Total Consumption": {
    "csv_name": "../../../lib/resources/Master_Condenser_Fouling_baseline.csv",
    "csv_time_header": "TIMESTAMP",
    "csv_var": "WH_Total_electric",
    "convert_data": "WH to J",
    "csv_var_dn": "WH_Total_electric",
    "year": true,
    "seconds": false,
    "key_value": "no_key",
    "timeseries_name": "Electricity:Facility",
    "reporting_frequency": "Timestep",
    "environment_period": "custom run period",
    "norm": 1.0,
    "scale": 1.0,
    "find_avail": true,
    "algorithm_download": true,
    "plot_flag": true,
    "plot_name": "Total Consumption",
    "verbose_messages": false,
    "warning_messages": true,
    "add_first_zero_for_plots": false,
    "add_last_zero_for_plots": false,
    "diff": 171671706.80178294,
    "simdata": 1270191280.7101073,
    "csvdata": 1144161456.2971206,
    "cvrmse": 22.70120541243987,
    "nmbe": -11.015038456273535,
    "applicable": true
  },
  "Lighting Consumption": {
    "csv_name": "../../../lib/resources/Master_Condenser_Fouling_baseline.csv",
    "csv_time_header": "TIMESTAMP",
    "csv_var": "Lights_Tot",
    "convert_data": "WH to J",
    "csv_var_dn": "Lights_Tot",
    "year": true,
    "seconds": false,
    "key_value": "no_key",
    "timeseries_name": "InteriorLights:Electricity",
    "reporting_frequency": "Timestep",
    "environment_period": "custom run period",
    "norm": 1.0,
    "scale": 1.0,
    "find_avail": true,
    "algorithm_download": false,
    "plot_flag": true,
    "plot_name": "Lighting Consumption",
    "verbose_messages": false,
    "warning_messages": true,
    "add_first_zero_for_plots": false,
    "add_last_zero_for_plots": false,
    "diff": 35813.41155401745,
    "simdata": 130934407.104446,
    "csvdata": 130970220.51599997,
    "cvrmse": 0.2679222312062207,
    "nmbe": 0.02734469821679589,
    "applicable": true
  },
  "Equipment Consumption": {
    "csv_name": "../../../lib/resources/Master_Condenser_Fouling_baseline.csv",
    "csv_time_header": "TIMESTAMP",
    "csv_var": "Plugloads_Tot",
    "convert_data": "WH to J",
    "csv_var_dn": "Plugloads_Tot",
    "year": true,
    "seconds": false,
    "key_value": "no_key",
    "timeseries_name": "InteriorEquipment:Electricity",
    "reporting_frequency": "Timestep",
    "environment_period": "custom run period",
    "norm": 1.0,
    "scale": 1.0,
    "find_avail": true,
    "algorithm_download": true,
    "plot_flag": true,
    "plot_name": "Equipment Consumption",
    "verbose_messages": false,
    "warning_messages": true,
    "add_first_zero_for_plots": false,
    "add_last_zero_for_plots": false,
    "diff": 4191520.7710711486,
    "simdata": 353531546.93250465,
    "csvdata": 357137116.41276,
    "cvrmse": 9.930743814110913,
    "nmbe": 1.0095756824357422,
    "applicable": true
  },
  "Fan Consumption": {
    "csv_name": "../../../lib/resources/Master_Condenser_Fouling_baseline.csv",
    "csv_time_header": "TIMESTAMP",
    "csv_var": "AirSCFM_RTU_Tot_Avg",
    "convert_data": "CFM to m3/s",
    "csv_var_dn": "AirSCFM_RTU_Tot_Avg",
    "year": true,
    "seconds": false,
    "key_value": "RoofTop Supply Fan Outlet",
    "timeseries_name": "System Node Standard Density Volume Flow Rate",
    "reporting_frequency": "Timestep",
    "environment_period": "custom run period",
    "norm": 1.0,
    "scale": 1.0,
    "find_avail": true,
    "algorithm_download": true,
    "plot_flag": true,
    "plot_name": "Standard Airflow Volume",
    "verbose_messages": false,
    "warning_messages": true,
    "add_first_zero_for_plots": false,
    "add_last_zero_for_plots": false,
    "diff": 8.660407644565224,
    "simdata": 115.40173235543486,
    "csvdata": 124.06214000000008,
    "cvrmse": 16.897035242796715,
    "nmbe": 6.980701481181301,
    "applicable": true
  },
  "Outdoor Air Temperature": {
    "csv_name": "../../../lib/resources/Master_Condenser_Fouling_baseline.csv",
    "csv_time_header": "TIMESTAMP",
    "csv_var": "T_out_Avg",
    "convert_data": "F to C",
    "csv_var_dn": "T_out_Avg",
    "year": true,
    "seconds": false,
    "key_value": "Environment",
    "timeseries_name": "Site Outdoor Air Drybulb Temperature",
    "reporting_frequency": "Timestep",
    "environment_period": "custom run period",
    "norm": 1.0,
    "scale": 1.0,
    "find_avail": true,
    "algorithm_download": true,
    "plot_flag": true,
    "plot_name": "Outdoor Air Temperature",
    "verbose_messages": false,
    "warning_messages": true,
    "add_first_zero_for_plots": false,
    "add_last_zero_for_plots": false,
    "diff": 2.508872000000043,
    "simdata": 2060.700000000001,
    "csvdata": 2060.731512,
    "cvrmse": 0.14741210651694095,
    "nmbe": 0.0015291657266570061,
    "applicable": true
  }
}